#VRML V2.0 utf8
# 3D model generated by easyeda2kicad.py (https://github.com/uPesy/easyeda2kicad.py)

Shape{
    appearance Appearance {
        material  Material 	{
            diffuseColor 1.0 1.0 1.0
            specularColor 0.5019607843137255 0.5019607843137255 0.5019607843137255
            ambientIntensity 1.0
            transparency 0.0
            shininess 0.5
        }
    }
    geometry IndexedFaceSet {
        ccw TRUE
        solid FALSE
        coord DEF co Coordinate {
            point [
                -0.6398 0.7874 0.0787, -0.6398 0.7874 0.0, -0.6398 0.6969 0.0787, -0.6398 0.6969 0.0, -0.5413 0.7874 0.0787, -0.5413 0.7874 0.0, -0.5413 0.6969 0.0787, -0.5413 0.6969 0.0, -0.5417 0.6907 0.0787, -0.5417 0.6907 0.0, -0.5429 0.6846 0.0787, -0.5429 0.6846 0.0, -0.5449 0.6788 0.0787, -0.5449 0.6788 0.0, -0.5477 0.6732 0.0787, -0.5477 0.6732 0.0, -0.5511 0.6681 0.0787, -0.5511 0.6681 0.0, -0.5552 0.6634 0.0787, -0.5552 0.6634 0.0, -0.5598 0.6594 0.0787, -0.5598 0.6594 0.0, -0.565 0.6559 0.0787, -0.565 0.6559 0.0, -0.5705 0.6532 0.0787, -0.5705 0.6532 0.0, -0.5764 0.6512 0.0787, -0.5764 0.6512 0.0, -0.5824 0.65 0.0787, -0.5824 0.65 0.0, -0.5886 0.6496 0.0787, -0.5886 0.6496 0.0, -0.5925 0.6496 0.0787, -0.5925 0.6496 0.0, -0.5987 0.65 0.0787, -0.5987 0.65 0.0, -0.6047 0.6512 0.0787, -0.6047 0.6512 0.0, -0.6106 0.6532 0.0787, -0.6106 0.6532 0.0, -0.6161 0.6559 0.0787, -0.6161 0.6559 0.0, -0.6213 0.6594 0.0787, -0.6213 0.6594 0.0, -0.6259 0.6634 0.0787, -0.6259 0.6634 0.0, -0.63 0.6681 0.0787, -0.63 0.6681 0.0, -0.6334 0.6732 0.0787, -0.6334 0.6732 0.0, -0.6362 0.6788 0.0787, -0.6362 0.6788 0.0, -0.6382 0.6846 0.0787, -0.6382 0.6846 0.0, -0.6394 0.6907 0.0787, -0.6394 0.6907 0.0, -0.4429 0.7874 0.0787, -0.4429 0.7874 0.0, -0.4429 0.6772 0.0787, -0.4429 0.6772 0.0, -0.3445 0.7874 0.0787, -0.3445 0.7874 0.0, -0.3445 0.6772 0.0787, -0.3445 0.6772 0.0, -0.345 0.6704 0.0787, -0.345 0.6704 0.0, -0.3464 0.6639 0.0787, -0.3464 0.6639 0.0, -0.3488 0.6575 0.0787, -0.3488 0.6575 0.0, -0.352 0.6516 0.0787, -0.352 0.6516 0.0, -0.356 0.6462 0.0787, -0.356 0.6462 0.0, -0.3608 0.6415 0.0787, -0.3608 0.6415 0.0, -0.3662 0.6374 0.0787, -0.3662 0.6374 0.0, -0.3721 0.6342 0.0787, -0.3721 0.6342 0.0, -0.3784 0.6318 0.0787, -0.3784 0.6318 0.0, -0.385 0.6304 0.0787, -0.385 0.6304 0.0, -0.3917 0.6299 0.0787, -0.3917 0.6299 0.0, -0.3957 0.6299 0.0787, -0.3957 0.6299 0.0, -0.4024 0.6304 0.0787, -0.4024 0.6304 0.0, -0.409 0.6318 0.0787, -0.409 0.6318 0.0, -0.4153 0.6342 0.0787, -0.4153 0.6342 0.0, -0.4212 0.6374 0.0787, -0.4212 0.6374 0.0, -0.4266 0.6415 0.0787, -0.4266 0.6415 0.0, -0.4314 0.6462 0.0787, -0.4314 0.6462 0.0, -0.4354 0.6516 0.0787, -0.4354 0.6516 0.0, -0.4386 0.6575 0.0787, -0.4386 0.6575 0.0, -0.441 0.6639 0.0787, -0.441 0.6639 0.0, -0.4424 0.6704 0.0787, -0.4424 0.6704 0.0, -0.4429 -0.6772 0.0, -0.4429 -0.6772 0.0787, -0.4424 -0.6704 0.0787, -0.4424 -0.6704 0.0, -0.441 -0.6639 0.0787, -0.441 -0.6639 0.0, -0.4386 -0.6575 0.0787, -0.4386 -0.6575 0.0, -0.4354 -0.6516 0.0787, -0.4354 -0.6516 0.0, -0.4314 -0.6462 0.0787, -0.4314 -0.6462 0.0, -0.4266 -0.6415 0.0787, -0.4266 -0.6415 0.0, -0.4212 -0.6374 0.0787, -0.4212 -0.6374 0.0, -0.4153 -0.6342 0.0787, -0.4153 -0.6342 0.0, -0.409 -0.6318 0.0787, -0.409 -0.6318 0.0, -0.4024 -0.6304 0.0787, -0.4024 -0.6304 0.0, -0.3957 -0.6299 0.0787, -0.3957 -0.6299 0.0, -0.3917 -0.6299 0.0787, -0.3917 -0.6299 0.0, -0.385 -0.6304 0.0787, -0.385 -0.6304 0.0, -0.3784 -0.6318 0.0787, -0.3784 -0.6318 0.0, -0.3721 -0.6342 0.0787, -0.3721 -0.6342 0.0, -0.3662 -0.6374 0.0787, -0.3662 -0.6374 0.0, -0.3608 -0.6415 0.0787, -0.3608 -0.6415 0.0, -0.356 -0.6462 0.0787, -0.356 -0.6462 0.0, -0.352 -0.6516 0.0787, -0.352 -0.6516 0.0, -0.3488 -0.6575 0.0787, -0.3488 -0.6575 0.0, -0.3464 -0.6639 0.0787, -0.3464 -0.6639 0.0, -0.345 -0.6704 0.0787, -0.345 -0.6704 0.0, -0.3445 -0.6772 0.0787, -0.3445 -0.6772 0.0, -0.3445 -0.7874 0.0787, -0.3445 -0.7874 0.0, -0.4429 -0.7874 0.0787, -0.4429 -0.7874 0.0, -0.6398 -0.6969 0.0, -0.6398 -0.6969 0.0787, -0.6394 -0.6907 0.0787, -0.6394 -0.6907 0.0, -0.6382 -0.6846 0.0787, -0.6382 -0.6846 0.0, -0.6362 -0.6788 0.0787, -0.6362 -0.6788 0.0, -0.6334 -0.6732 0.0787, -0.6334 -0.6732 0.0, -0.63 -0.6681 0.0787, -0.63 -0.6681 0.0, -0.6259 -0.6634 0.0787, -0.6259 -0.6634 0.0, -0.6213 -0.6594 0.0787, -0.6213 -0.6594 0.0, -0.6161 -0.6559 0.0787, -0.6161 -0.6559 0.0, -0.6106 -0.6532 0.0787, -0.6106 -0.6532 0.0, -0.6047 -0.6512 0.0787, -0.6047 -0.6512 0.0, -0.5987 -0.65 0.0787, -0.5987 -0.65 0.0, -0.5925 -0.6496 0.0787, -0.5925 -0.6496 0.0, -0.5886 -0.6496 0.0787, -0.5886 -0.6496 0.0, -0.5824 -0.65 0.0787, -0.5824 -0.65 0.0, -0.5764 -0.6512 0.0787, -0.5764 -0.6512 0.0, -0.5705 -0.6532 0.0787, -0.5705 -0.6532 0.0, -0.565 -0.6559 0.0787, -0.565 -0.6559 0.0, -0.5598 -0.6594 0.0787, -0.5598 -0.6594 0.0, -0.5552 -0.6634 0.0787, -0.5552 -0.6634 0.0, -0.5511 -0.6681 0.0787, -0.5511 -0.6681 0.0, -0.5477 -0.6732 0.0787, -0.5477 -0.6732 0.0, -0.5449 -0.6788 0.0787, -0.5449 -0.6788 0.0, -0.5429 -0.6846 0.0787, -0.5429 -0.6846 0.0, -0.5417 -0.6907 0.0787, -0.5417 -0.6907 0.0, -0.5413 -0.6969 0.0787, -0.5413 -0.6969 0.0, -0.5413 -0.7874 0.0787, -0.5413 -0.7874 0.0, -0.6398 -0.7874 0.0787, -0.6398 -0.7874 0.0, 0.5413 -0.6969 0.0, 0.5413 -0.6969 0.0787, 0.5417 -0.6907 0.0787, 0.5417 -0.6907 0.0, 0.5429 -0.6846 0.0787, 0.5429 -0.6846 0.0, 0.5449 -0.6788 0.0787, 0.5449 -0.6788 0.0, 0.5477 -0.6732 0.0787, 0.5477 -0.6732 0.0, 0.5511 -0.6681 0.0787, 0.5511 -0.6681 0.0, 0.5552 -0.6634 0.0787, 0.5552 -0.6634 0.0, 0.5598 -0.6594 0.0787, 0.5598 -0.6594 0.0, 0.565 -0.6559 0.0787, 0.565 -0.6559 0.0, 0.5705 -0.6532 0.0787, 0.5705 -0.6532 0.0, 0.5764 -0.6512 0.0787, 0.5764 -0.6512 0.0, 0.5824 -0.65 0.0787, 0.5824 -0.65 0.0, 0.5886 -0.6496 0.0787, 0.5886 -0.6496 0.0, 0.5925 -0.6496 0.0787, 0.5925 -0.6496 0.0, 0.5987 -0.65 0.0787, 0.5987 -0.65 0.0, 0.6047 -0.6512 0.0787, 0.6047 -0.6512 0.0, 0.6106 -0.6532 0.0787, 0.6106 -0.6532 0.0, 0.6161 -0.6559 0.0787, 0.6161 -0.6559 0.0, 0.6213 -0.6594 0.0787, 0.6213 -0.6594 0.0, 0.6259 -0.6634 0.0787, 0.6259 -0.6634 0.0, 0.63 -0.6681 0.0787, 0.63 -0.6681 0.0, 0.6334 -0.6732 0.0787, 0.6334 -0.6732 0.0, 0.6362 -0.6788 0.0787, 0.6362 -0.6788 0.0, 0.6382 -0.6846 0.0787, 0.6382 -0.6846 0.0, 0.6394 -0.6907 0.0787, 0.6394 -0.6907 0.0, 0.6398 -0.6969 0.0787, 0.6398 -0.6969 0.0, 0.6398 -0.7874 0.0787, 0.6398 -0.7874 0.0, 0.5413 -0.7874 0.0787, 0.5413 -0.7874 0.0, 0.6398 0.6969 0.0, 0.6398 0.6969 0.0787, 0.6394 0.6907 0.0787, 0.6394 0.6907 0.0, 0.6382 0.6846 0.0787, 0.6382 0.6846 0.0, 0.6362 0.6788 0.0787, 0.6362 0.6788 0.0, 0.6334 0.6732 0.0787, 0.6334 0.6732 0.0, 0.63 0.6681 0.0787, 0.63 0.6681 0.0, 0.6259 0.6634 0.0787, 0.6259 0.6634 0.0, 0.6213 0.6594 0.0787, 0.6213 0.6594 0.0, 0.6161 0.6559 0.0787, 0.6161 0.6559 0.0, 0.6106 0.6532 0.0787, 0.6106 0.6532 0.0, 0.6047 0.6512 0.0787, 0.6047 0.6512 0.0, 0.5987 0.65 0.0787, 0.5987 0.65 0.0, 0.5925 0.6496 0.0787, 0.5925 0.6496 0.0, 0.5886 0.6496 0.0787, 0.5886 0.6496 0.0, 0.5824 0.65 0.0787, 0.5824 0.65 0.0, 0.5764 0.6512 0.0787, 0.5764 0.6512 0.0, 0.5705 0.6532 0.0787, 0.5705 0.6532 0.0, 0.565 0.6559 0.0787, 0.565 0.6559 0.0, 0.5598 0.6594 0.0787, 0.5598 0.6594 0.0, 0.5552 0.6634 0.0787, 0.5552 0.6634 0.0, 0.5511 0.6681 0.0787, 0.5511 0.6681 0.0, 0.5477 0.6732 0.0787, 0.5477 0.6732 0.0, 0.5449 0.6788 0.0787, 0.5449 0.6788 0.0, 0.5429 0.6846 0.0787, 0.5429 0.6846 0.0, 0.5417 0.6907 0.0787, 0.5417 0.6907 0.0, 0.5413 0.6969 0.0787, 0.5413 0.6969 0.0, 0.5413 0.7874 0.0787, 0.5413 0.7874 0.0, 0.6398 0.7874 0.0787, 0.6398 0.7874 0.0, -0.1476 0.7874 0.0787, -0.1476 0.7874 0.0, -0.2461 0.7874 0.0787, -0.2461 0.7874 0.0, -0.1476 0.6772 0.0787, -0.1476 0.6772 0.0, -0.1481 0.6704 0.0787, -0.1481 0.6704 0.0, -0.1496 0.6639 0.0787, -0.1496 0.6639 0.0, -0.1519 0.6575 0.0787, -0.1519 0.6575 0.0, -0.1551 0.6516 0.0787, -0.1551 0.6516 0.0, -0.1592 0.6462 0.0787, -0.1592 0.6462 0.0, -0.1639 0.6415 0.0787, -0.1639 0.6415 0.0, -0.1693 0.6374 0.0787, -0.1693 0.6374 0.0, -0.1753 0.6342 0.0787, -0.1753 0.6342 0.0, -0.1816 0.6318 0.0787, -0.1816 0.6318 0.0, -0.1882 0.6304 0.0787, -0.1882 0.6304 0.0, -0.1949 0.6299 0.0787, -0.1949 0.6299 0.0, -0.1988 0.6299 0.0787, -0.1988 0.6299 0.0, -0.2055 0.6304 0.0787, -0.2055 0.6304 0.0, -0.2121 0.6318 0.0787, -0.2121 0.6318 0.0, -0.2184 0.6342 0.0787, -0.2184 0.6342 0.0, -0.2244 0.6374 0.0787, -0.2244 0.6374 0.0, -0.2298 0.6415 0.0787, -0.2298 0.6415 0.0, -0.2345 0.6462 0.0787, -0.2345 0.6462 0.0, -0.2386 0.6516 0.0787, -0.2386 0.6516 0.0, -0.2418 0.6575 0.0787, -0.2418 0.6575 0.0, -0.2441 0.6639 0.0787, -0.2441 0.6639 0.0, -0.2456 0.6704 0.0787, -0.2456 0.6704 0.0, -0.2461 0.6772 0.0787, -0.2461 0.6772 0.0, -0.7874 0.6398 0.0787, -0.7874 0.6398 0.0, -0.7874 0.5413 0.0787, -0.7874 0.5413 0.0, -0.6969 0.6398 0.0787, -0.6969 0.6398 0.0, -0.6907 0.6394 0.0787, -0.6907 0.6394 0.0, -0.6846 0.6382 0.0787, -0.6846 0.6382 0.0, -0.6788 0.6362 0.0787, -0.6788 0.6362 0.0, -0.6732 0.6334 0.0787, -0.6732 0.6334 0.0, -0.6681 0.63 0.0787, -0.6681 0.63 0.0, -0.6634 0.6259 0.0787, -0.6634 0.6259 0.0, -0.6594 0.6213 0.0787, -0.6594 0.6213 0.0, -0.6559 0.6161 0.0787, -0.6559 0.6161 0.0, -0.6532 0.6106 0.0787, -0.6532 0.6106 0.0, -0.6512 0.6047 0.0787, -0.6512 0.6047 0.0, -0.65 0.5987 0.0787, -0.65 0.5987 0.0, -0.6496 0.5925 0.0787, -0.6496 0.5925 0.0, -0.6496 0.5886 0.0787, -0.6496 0.5886 0.0, -0.65 0.5824 0.0787, -0.65 0.5824 0.0, -0.6512 0.5764 0.0787, -0.6512 0.5764 0.0, -0.6532 0.5705 0.0787, -0.6532 0.5705 0.0, -0.6559 0.565 0.0787, -0.6559 0.565 0.0, -0.6594 0.5598 0.0787, -0.6594 0.5598 0.0, -0.6634 0.5552 0.0787, -0.6634 0.5552 0.0, -0.6681 0.5511 0.0787, -0.6681 0.5511 0.0, -0.6732 0.5477 0.0787, -0.6732 0.5477 0.0, -0.6788 0.5449 0.0787, -0.6788 0.5449 0.0, -0.6846 0.5429 0.0787, -0.6846 0.5429 0.0, -0.6907 0.5417 0.0787, -0.6907 0.5417 0.0, -0.6969 0.5413 0.0787, -0.6969 0.5413 0.0, -0.2461 -0.6772 0.0, -0.2461 -0.6772 0.0787, -0.2456 -0.6704 0.0787, -0.2456 -0.6704 0.0, -0.2441 -0.6639 0.0787, -0.2441 -0.6639 0.0, -0.2418 -0.6575 0.0787, -0.2418 -0.6575 0.0, -0.2386 -0.6516 0.0787, -0.2386 -0.6516 0.0, -0.2345 -0.6462 0.0787, -0.2345 -0.6462 0.0, -0.2298 -0.6415 0.0787, -0.2298 -0.6415 0.0, -0.2244 -0.6374 0.0787, -0.2244 -0.6374 0.0, -0.2184 -0.6342 0.0787, -0.2184 -0.6342 0.0, -0.2121 -0.6318 0.0787, -0.2121 -0.6318 0.0, -0.2055 -0.6304 0.0787, -0.2055 -0.6304 0.0, -0.1988 -0.6299 0.0787, -0.1988 -0.6299 0.0, -0.1949 -0.6299 0.0787, -0.1949 -0.6299 0.0, -0.1882 -0.6304 0.0787, -0.1882 -0.6304 0.0, -0.1816 -0.6318 0.0787, -0.1816 -0.6318 0.0, -0.1753 -0.6342 0.0787, -0.1753 -0.6342 0.0, -0.1693 -0.6374 0.0787, -0.1693 -0.6374 0.0, -0.1639 -0.6415 0.0787, -0.1639 -0.6415 0.0, -0.1592 -0.6462 0.0787, -0.1592 -0.6462 0.0, -0.1551 -0.6516 0.0787, -0.1551 -0.6516 0.0, -0.1519 -0.6575 0.0787, -0.1519 -0.6575 0.0, -0.1496 -0.6639 0.0787, -0.1496 -0.6639 0.0, -0.1481 -0.6704 0.0787, -0.1481 -0.6704 0.0, -0.1476 -0.6772 0.0787, -0.1476 -0.6772 0.0, -0.1476 -0.7874 0.0787, -0.1476 -0.7874 0.0, -0.2461 -0.7874 0.0787, -0.2461 -0.7874 0.0, 0.0492 0.7874 0.0787, 0.0492 0.7874 0.0, -0.0492 0.7874 0.0787, -0.0492 0.7874 0.0, 0.0492 0.6772 0.0787, 0.0492 0.6772 0.0, 0.0487 0.6704 0.0787, 0.0487 0.6704 0.0, 0.0473 0.6639 0.0787, 0.0473 0.6639 0.0, 0.0449 0.6575 0.0787, 0.0449 0.6575 0.0, 0.0417 0.6516 0.0787, 0.0417 0.6516 0.0, 0.0377 0.6462 0.0787, 0.0377 0.6462 0.0, 0.0329 0.6415 0.0787, 0.0329 0.6415 0.0, 0.0275 0.6374 0.0787, 0.0275 0.6374 0.0, 0.0216 0.6342 0.0787, 0.0216 0.6342 0.0, 0.0153 0.6318 0.0787, 0.0153 0.6318 0.0, 0.0087 0.6304 0.0787, 0.0087 0.6304 0.0, 0.002 0.6299 0.0787, 0.002 0.6299 0.0, -0.002 0.6299 0.0787, -0.002 0.6299 0.0, -0.0087 0.6304 0.0787, -0.0087 0.6304 0.0, -0.0153 0.6318 0.0787, -0.0153 0.6318 0.0, -0.0216 0.6342 0.0787, -0.0216 0.6342 0.0, -0.0275 0.6374 0.0787, -0.0275 0.6374 0.0, -0.0329 0.6415 0.0787, -0.0329 0.6415 0.0, -0.0377 0.6462 0.0787, -0.0377 0.6462 0.0, -0.0417 0.6516 0.0787, -0.0417 0.6516 0.0, -0.0449 0.6575 0.0787, -0.0449 0.6575 0.0, -0.0473 0.6639 0.0787, -0.0473 0.6639 0.0, -0.0487 0.6704 0.0787, -0.0487 0.6704 0.0, -0.0492 0.6772 0.0787, -0.0492 0.6772 0.0, -0.0492 -0.6772 0.0, -0.0492 -0.6772 0.0787, -0.0487 -0.6704 0.0787, -0.0487 -0.6704 0.0, -0.0473 -0.6639 0.0787, -0.0473 -0.6639 0.0, -0.0449 -0.6575 0.0787, -0.0449 -0.6575 0.0, -0.0417 -0.6516 0.0787, -0.0417 -0.6516 0.0, -0.0377 -0.6462 0.0787, -0.0377 -0.6462 0.0, -0.0329 -0.6415 0.0787, -0.0329 -0.6415 0.0, -0.0275 -0.6374 0.0787, -0.0275 -0.6374 0.0, -0.0216 -0.6342 0.0787, -0.0216 -0.6342 0.0, -0.0153 -0.6318 0.0787, -0.0153 -0.6318 0.0, -0.0087 -0.6304 0.0787, -0.0087 -0.6304 0.0, -0.002 -0.6299 0.0787, -0.002 -0.6299 0.0, 0.002 -0.6299 0.0787, 0.002 -0.6299 0.0, 0.0087 -0.6304 0.0787, 0.0087 -0.6304 0.0, 0.0153 -0.6318 0.0787, 0.0153 -0.6318 0.0, 0.0216 -0.6342 0.0787, 0.0216 -0.6342 0.0, 0.0275 -0.6374 0.0787, 0.0275 -0.6374 0.0, 0.0329 -0.6415 0.0787, 0.0329 -0.6415 0.0, 0.0377 -0.6462 0.0787, 0.0377 -0.6462 0.0, 0.0417 -0.6516 0.0787, 0.0417 -0.6516 0.0, 0.0449 -0.6575 0.0787, 0.0449 -0.6575 0.0, 0.0473 -0.6639 0.0787, 0.0473 -0.6639 0.0, 0.0487 -0.6704 0.0787, 0.0487 -0.6704 0.0, 0.0492 -0.6772 0.0787, 0.0492 -0.6772 0.0, 0.0492 -0.7874 0.0787, 0.0492 -0.7874 0.0, -0.0492 -0.7874 0.0787, -0.0492 -0.7874 0.0, 0.2461 0.7874 0.0787, 0.2461 0.7874 0.0, 0.1476 0.7874 0.0787, 0.1476 0.7874 0.0, 0.2461 0.6772 0.0787, 0.2461 0.6772 0.0, 0.2456 0.6704 0.0787, 0.2456 0.6704 0.0, 0.2441 0.6639 0.0787, 0.2441 0.6639 0.0, 0.2418 0.6575 0.0787, 0.2418 0.6575 0.0, 0.2386 0.6516 0.0787, 0.2386 0.6516 0.0, 0.2345 0.6462 0.0787, 0.2345 0.6462 0.0, 0.2298 0.6415 0.0787, 0.2298 0.6415 0.0, 0.2244 0.6374 0.0787, 0.2244 0.6374 0.0, 0.2184 0.6342 0.0787, 0.2184 0.6342 0.0, 0.2121 0.6318 0.0787, 0.2121 0.6318 0.0, 0.2055 0.6304 0.0787, 0.2055 0.6304 0.0, 0.1988 0.6299 0.0787, 0.1988 0.6299 0.0, 0.1949 0.6299 0.0787, 0.1949 0.6299 0.0, 0.1882 0.6304 0.0787, 0.1882 0.6304 0.0, 0.1816 0.6318 0.0787, 0.1816 0.6318 0.0, 0.1753 0.6342 0.0787, 0.1753 0.6342 0.0, 0.1693 0.6374 0.0787, 0.1693 0.6374 0.0, 0.1639 0.6415 0.0787, 0.1639 0.6415 0.0, 0.1592 0.6462 0.0787, 0.1592 0.6462 0.0, 0.1551 0.6516 0.0787, 0.1551 0.6516 0.0, 0.1519 0.6575 0.0787, 0.1519 0.6575 0.0, 0.1496 0.6639 0.0787, 0.1496 0.6639 0.0, 0.1481 0.6704 0.0787, 0.1481 0.6704 0.0, 0.1476 0.6772 0.0787, 0.1476 0.6772 0.0, 0.1476 -0.6772 0.0, 0.1476 -0.6772 0.0787, 0.1481 -0.6704 0.0787, 0.1481 -0.6704 0.0, 0.1496 -0.6639 0.0787, 0.1496 -0.6639 0.0, 0.1519 -0.6575 0.0787, 0.1519 -0.6575 0.0, 0.1551 -0.6516 0.0787, 0.1551 -0.6516 0.0, 0.1592 -0.6462 0.0787, 0.1592 -0.6462 0.0, 0.1639 -0.6415 0.0787, 0.1639 -0.6415 0.0, 0.1693 -0.6374 0.0787, 0.1693 -0.6374 0.0, 0.1753 -0.6342 0.0787, 0.1753 -0.6342 0.0, 0.1816 -0.6318 0.0787, 0.1816 -0.6318 0.0, 0.1882 -0.6304 0.0787, 0.1882 -0.6304 0.0, 0.1949 -0.6299 0.0787, 0.1949 -0.6299 0.0, 0.1988 -0.6299 0.0787, 0.1988 -0.6299 0.0, 0.2055 -0.6304 0.0787, 0.2055 -0.6304 0.0, 0.2121 -0.6318 0.0787, 0.2121 -0.6318 0.0, 0.2184 -0.6342 0.0787, 0.2184 -0.6342 0.0, 0.2244 -0.6374 0.0787, 0.2244 -0.6374 0.0, 0.2298 -0.6415 0.0787, 0.2298 -0.6415 0.0, 0.2345 -0.6462 0.0787, 0.2345 -0.6462 0.0, 0.2386 -0.6516 0.0787, 0.2386 -0.6516 0.0, 0.2418 -0.6575 0.0787, 0.2418 -0.6575 0.0, 0.2441 -0.6639 0.0787, 0.2441 -0.6639 0.0, 0.2456 -0.6704 0.0787, 0.2456 -0.6704 0.0, 0.2461 -0.6772 0.0787, 0.2461 -0.6772 0.0, 0.2461 -0.7874 0.0787, 0.2461 -0.7874 0.0, 0.1476 -0.7874 0.0787, 0.1476 -0.7874 0.0, 0.4429 0.7874 0.0787, 0.4429 0.7874 0.0, 0.3445 0.7874 0.0787, 0.3445 0.7874 0.0, 0.4429 0.6772 0.0787, 0.4429 0.6772 0.0, 0.4424 0.6704 0.0787, 0.4424 0.6704 0.0, 0.441 0.6639 0.0787, 0.441 0.6639 0.0, 0.4386 0.6575 0.0787, 0.4386 0.6575 0.0, 0.4354 0.6516 0.0787, 0.4354 0.6516 0.0, 0.4314 0.6462 0.0787, 0.4314 0.6462 0.0, 0.4266 0.6415 0.0787, 0.4266 0.6415 0.0, 0.4212 0.6374 0.0787, 0.4212 0.6374 0.0, 0.4153 0.6342 0.0787, 0.4153 0.6342 0.0, 0.409 0.6318 0.0787, 0.409 0.6318 0.0, 0.4024 0.6304 0.0787, 0.4024 0.6304 0.0, 0.3957 0.6299 0.0787, 0.3957 0.6299 0.0, 0.3917 0.6299 0.0787, 0.3917 0.6299 0.0, 0.385 0.6304 0.0787, 0.385 0.6304 0.0, 0.3784 0.6318 0.0787, 0.3784 0.6318 0.0, 0.3721 0.6342 0.0787, 0.3721 0.6342 0.0, 0.3662 0.6374 0.0787, 0.3662 0.6374 0.0, 0.3608 0.6415 0.0787, 0.3608 0.6415 0.0, 0.356 0.6462 0.0787, 0.356 0.6462 0.0, 0.352 0.6516 0.0787, 0.352 0.6516 0.0, 0.3488 0.6575 0.0787, 0.3488 0.6575 0.0, 0.3464 0.6639 0.0787, 0.3464 0.6639 0.0, 0.345 0.6704 0.0787, 0.345 0.6704 0.0, 0.3445 0.6772 0.0787, 0.3445 0.6772 0.0, 0.3445 -0.6772 0.0, 0.3445 -0.6772 0.0787, 0.345 -0.6704 0.0787, 0.345 -0.6704 0.0, 0.3464 -0.6639 0.0787, 0.3464 -0.6639 0.0, 0.3488 -0.6575 0.0787, 0.3488 -0.6575 0.0, 0.352 -0.6516 0.0787, 0.352 -0.6516 0.0, 0.356 -0.6462 0.0787, 0.356 -0.6462 0.0, 0.3608 -0.6415 0.0787, 0.3608 -0.6415 0.0, 0.3662 -0.6374 0.0787, 0.3662 -0.6374 0.0, 0.3721 -0.6342 0.0787, 0.3721 -0.6342 0.0, 0.3784 -0.6318 0.0787, 0.3784 -0.6318 0.0, 0.385 -0.6304 0.0787, 0.385 -0.6304 0.0, 0.3917 -0.6299 0.0787, 0.3917 -0.6299 0.0, 0.3957 -0.6299 0.0787, 0.3957 -0.6299 0.0, 0.4024 -0.6304 0.0787, 0.4024 -0.6304 0.0, 0.409 -0.6318 0.0787, 0.409 -0.6318 0.0, 0.4153 -0.6342 0.0787, 0.4153 -0.6342 0.0, 0.4212 -0.6374 0.0787, 0.4212 -0.6374 0.0, 0.4266 -0.6415 0.0787, 0.4266 -0.6415 0.0, 0.4314 -0.6462 0.0787, 0.4314 -0.6462 0.0, 0.4354 -0.6516 0.0787, 0.4354 -0.6516 0.0, 0.4386 -0.6575 0.0787, 0.4386 -0.6575 0.0, 0.441 -0.6639 0.0787, 0.441 -0.6639 0.0, 0.4424 -0.6704 0.0787, 0.4424 -0.6704 0.0, 0.4429 -0.6772 0.0787, 0.4429 -0.6772 0.0, 0.4429 -0.7874 0.0787, 0.4429 -0.7874 0.0, 0.3445 -0.7874 0.0787, 0.3445 -0.7874 0.0, -0.7874 0.4429 0.0787, -0.7874 0.4429 0.0, -0.7874 0.3445 0.0787, -0.7874 0.3445 0.0, -0.6772 0.4429 0.0787, -0.6772 0.4429 0.0, -0.6704 0.4424 0.0787, -0.6704 0.4424 0.0, -0.6639 0.441 0.0787, -0.6639 0.441 0.0, -0.6575 0.4386 0.0787, -0.6575 0.4386 0.0, -0.6516 0.4354 0.0787, -0.6516 0.4354 0.0, -0.6462 0.4314 0.0787, -0.6462 0.4314 0.0, -0.6415 0.4266 0.0787, -0.6415 0.4266 0.0, -0.6374 0.4212 0.0787, -0.6374 0.4212 0.0, -0.6342 0.4153 0.0787, -0.6342 0.4153 0.0, -0.6318 0.409 0.0787, -0.6318 0.409 0.0, -0.6304 0.4024 0.0787, -0.6304 0.4024 0.0, -0.6299 0.3957 0.0787, -0.6299 0.3957 0.0, -0.6299 0.3917 0.0787, -0.6299 0.3917 0.0, -0.6304 0.385 0.0787, -0.6304 0.385 0.0, -0.6318 0.3784 0.0787, -0.6318 0.3784 0.0, -0.6342 0.3721 0.0787, -0.6342 0.3721 0.0, -0.6374 0.3662 0.0787, -0.6374 0.3662 0.0, -0.6415 0.3608 0.0787, -0.6415 0.3608 0.0, -0.6462 0.356 0.0787, -0.6462 0.356 0.0, -0.6516 0.352 0.0787, -0.6516 0.352 0.0, -0.6575 0.3488 0.0787, -0.6575 0.3488 0.0, -0.6639 0.3464 0.0787, -0.6639 0.3464 0.0, -0.6704 0.345 0.0787, -0.6704 0.345 0.0, -0.6772 0.3445 0.0787, -0.6772 0.3445 0.0, 0.6969 0.5413 0.0, 0.6969 0.5413 0.0787, 0.6907 0.5417 0.0787, 0.6907 0.5417 0.0, 0.6846 0.5429 0.0787, 0.6846 0.5429 0.0, 0.6788 0.5449 0.0787, 0.6788 0.5449 0.0, 0.6732 0.5477 0.0787, 0.6732 0.5477 0.0, 0.6681 0.5511 0.0787, 0.6681 0.5511 0.0, 0.6634 0.5552 0.0787, 0.6634 0.5552 0.0, 0.6594 0.5598 0.0787, 0.6594 0.5598 0.0, 0.6559 0.565 0.0787, 0.6559 0.565 0.0, 0.6532 0.5705 0.0787, 0.6532 0.5705 0.0, 0.6512 0.5764 0.0787, 0.6512 0.5764 0.0, 0.65 0.5824 0.0787, 0.65 0.5824 0.0, 0.6496 0.5886 0.0787, 0.6496 0.5886 0.0, 0.6496 0.5925 0.0787, 0.6496 0.5925 0.0, 0.65 0.5987 0.0787, 0.65 0.5987 0.0, 0.6512 0.6047 0.0787, 0.6512 0.6047 0.0, 0.6532 0.6106 0.0787, 0.6532 0.6106 0.0, 0.6559 0.6161 0.0787, 0.6559 0.6161 0.0, 0.6594 0.6213 0.0787, 0.6594 0.6213 0.0, 0.6634 0.6259 0.0787, 0.6634 0.6259 0.0, 0.6681 0.63 0.0787, 0.6681 0.63 0.0, 0.6732 0.6334 0.0787, 0.6732 0.6334 0.0, 0.6788 0.6362 0.0787, 0.6788 0.6362 0.0, 0.6846 0.6382 0.0787, 0.6846 0.6382 0.0, 0.6907 0.6394 0.0787, 0.6907 0.6394 0.0, 0.6969 0.6398 0.0787, 0.6969 0.6398 0.0, 0.7874 0.6398 0.0787, 0.7874 0.6398 0.0, 0.7874 0.5413 0.0787, 0.7874 0.5413 0.0, 0.6299 0.3957 0.0, 0.6299 0.3957 0.0787, 0.6304 0.4024 0.0787, 0.6304 0.4024 0.0, 0.6318 0.409 0.0787, 0.6318 0.409 0.0, 0.6342 0.4153 0.0787, 0.6342 0.4153 0.0, 0.6374 0.4212 0.0787, 0.6374 0.4212 0.0, 0.6415 0.4266 0.0787, 0.6415 0.4266 0.0, 0.6462 0.4314 0.0787, 0.6462 0.4314 0.0, 0.6516 0.4354 0.0787, 0.6516 0.4354 0.0, 0.6575 0.4386 0.0787, 0.6575 0.4386 0.0, 0.6639 0.441 0.0787, 0.6639 0.441 0.0, 0.6704 0.4424 0.0787, 0.6704 0.4424 0.0, 0.6772 0.4429 0.0787, 0.6772 0.4429 0.0, 0.7874 0.4429 0.0787, 0.7874 0.4429 0.0, 0.7874 0.3445 0.0787, 0.7874 0.3445 0.0, 0.6772 0.3445 0.0787, 0.6772 0.3445 0.0, 0.6704 0.345 0.0787, 0.6704 0.345 0.0, 0.6639 0.3464 0.0787, 0.6639 0.3464 0.0, 0.6575 0.3488 0.0787, 0.6575 0.3488 0.0, 0.6516 0.352 0.0787, 0.6516 0.352 0.0, 0.6462 0.356 0.0787, 0.6462 0.356 0.0, 0.6415 0.3608 0.0787, 0.6415 0.3608 0.0, 0.6374 0.3662 0.0787, 0.6374 0.3662 0.0, 0.6342 0.3721 0.0787, 0.6342 0.3721 0.0, 0.6318 0.3784 0.0787, 0.6318 0.3784 0.0, 0.6304 0.385 0.0787, 0.6304 0.385 0.0, 0.6299 0.3917 0.0787, 0.6299 0.3917 0.0, 0.6969 -0.6398 0.0, 0.6969 -0.6398 0.0787, 0.6907 -0.6394 0.0787, 0.6907 -0.6394 0.0, 0.6846 -0.6382 0.0787, 0.6846 -0.6382 0.0, 0.6788 -0.6362 0.0787, 0.6788 -0.6362 0.0, 0.6732 -0.6334 0.0787, 0.6732 -0.6334 0.0, 0.6681 -0.63 0.0787, 0.6681 -0.63 0.0, 0.6634 -0.6259 0.0787, 0.6634 -0.6259 0.0, 0.6594 -0.6213 0.0787, 0.6594 -0.6213 0.0, 0.6559 -0.6161 0.0787, 0.6559 -0.6161 0.0, 0.6532 -0.6106 0.0787, 0.6532 -0.6106 0.0, 0.6512 -0.6047 0.0787, 0.6512 -0.6047 0.0, 0.65 -0.5987 0.0787, 0.65 -0.5987 0.0, 0.6496 -0.5925 0.0787, 0.6496 -0.5925 0.0, 0.6496 -0.5886 0.0787, 0.6496 -0.5886 0.0, 0.65 -0.5824 0.0787, 0.65 -0.5824 0.0, 0.6512 -0.5764 0.0787, 0.6512 -0.5764 0.0, 0.6532 -0.5705 0.0787, 0.6532 -0.5705 0.0, 0.6559 -0.565 0.0787, 0.6559 -0.565 0.0, 0.6594 -0.5598 0.0787, 0.6594 -0.5598 0.0, 0.6634 -0.5552 0.0787, 0.6634 -0.5552 0.0, 0.6681 -0.5511 0.0787, 0.6681 -0.5511 0.0, 0.6732 -0.5477 0.0787, 0.6732 -0.5477 0.0, 0.6788 -0.5449 0.0787, 0.6788 -0.5449 0.0, 0.6846 -0.5429 0.0787, 0.6846 -0.5429 0.0, 0.6907 -0.5417 0.0787, 0.6907 -0.5417 0.0, 0.6969 -0.5413 0.0787, 0.6969 -0.5413 0.0, 0.7874 -0.5413 0.0787, 0.7874 -0.5413 0.0, 0.7874 -0.6398 0.0787, 0.7874 -0.6398 0.0, -0.6969 -0.5413 0.0, -0.6969 -0.5413 0.0787, -0.6907 -0.5417 0.0787, -0.6907 -0.5417 0.0, -0.6846 -0.5429 0.0787, -0.6846 -0.5429 0.0, -0.6788 -0.5449 0.0787, -0.6788 -0.5449 0.0, -0.6732 -0.5477 0.0787, -0.6732 -0.5477 0.0, -0.6681 -0.5511 0.0787, -0.6681 -0.5511 0.0, -0.6634 -0.5552 0.0787, -0.6634 -0.5552 0.0, -0.6594 -0.5598 0.0787, -0.6594 -0.5598 0.0, -0.6559 -0.565 0.0787, -0.6559 -0.565 0.0, -0.6532 -0.5705 0.0787, -0.6532 -0.5705 0.0, -0.6512 -0.5764 0.0787, -0.6512 -0.5764 0.0, -0.65 -0.5824 0.0787, -0.65 -0.5824 0.0, -0.6496 -0.5886 0.0787, -0.6496 -0.5886 0.0, -0.6496 -0.5925 0.0787, -0.6496 -0.5925 0.0, -0.65 -0.5987 0.0787, -0.65 -0.5987 0.0, -0.6512 -0.6047 0.0787, -0.6512 -0.6047 0.0, -0.6532 -0.6106 0.0787, -0.6532 -0.6106 0.0, -0.6559 -0.6161 0.0787, -0.6559 -0.6161 0.0, -0.6594 -0.6213 0.0787, -0.6594 -0.6213 0.0, -0.6634 -0.6259 0.0787, -0.6634 -0.6259 0.0, -0.6681 -0.63 0.0787, -0.6681 -0.63 0.0, -0.6732 -0.6334 0.0787, -0.6732 -0.6334 0.0, -0.6788 -0.6362 0.0787, -0.6788 -0.6362 0.0, -0.6846 -0.6382 0.0787, -0.6846 -0.6382 0.0, -0.6907 -0.6394 0.0787, -0.6907 -0.6394 0.0, -0.6969 -0.6398 0.0787, -0.6969 -0.6398 0.0, -0.7874 -0.6398 0.0787, -0.7874 -0.6398 0.0, -0.7874 -0.5413 0.0787, -0.7874 -0.5413 0.0, -0.6772 0.2461 0.0787, -0.6772 0.2461 0.0, -0.7874 0.2461 0.0787, -0.7874 0.2461 0.0, -0.6704 0.2456 0.0787, -0.6704 0.2456 0.0, -0.6639 0.2441 0.0787, -0.6639 0.2441 0.0, -0.6575 0.2418 0.0787, -0.6575 0.2418 0.0, -0.6516 0.2386 0.0787, -0.6516 0.2386 0.0, -0.6462 0.2345 0.0787, -0.6462 0.2345 0.0, -0.6415 0.2298 0.0787, -0.6415 0.2298 0.0, -0.6374 0.2244 0.0787, -0.6374 0.2244 0.0, -0.6342 0.2184 0.0787, -0.6342 0.2184 0.0, -0.6318 0.2121 0.0787, -0.6318 0.2121 0.0, -0.6304 0.2055 0.0787, -0.6304 0.2055 0.0, -0.6299 0.1988 0.0787, -0.6299 0.1988 0.0, -0.6299 0.1949 0.0787, -0.6299 0.1949 0.0, -0.6304 0.1882 0.0787, -0.6304 0.1882 0.0, -0.6318 0.1816 0.0787, -0.6318 0.1816 0.0, -0.6342 0.1753 0.0787, -0.6342 0.1753 0.0, -0.6374 0.1693 0.0787, -0.6374 0.1693 0.0, -0.6415 0.1639 0.0787, -0.6415 0.1639 0.0, -0.6462 0.1592 0.0787, -0.6462 0.1592 0.0, -0.6516 0.1551 0.0787, -0.6516 0.1551 0.0, -0.6575 0.1519 0.0787, -0.6575 0.1519 0.0, -0.6639 0.1496 0.0787, -0.6639 0.1496 0.0, -0.6704 0.1481 0.0787, -0.6704 0.1481 0.0, -0.6772 0.1476 0.0787, -0.6772 0.1476 0.0, -0.7874 0.1476 0.0787, -0.7874 0.1476 0.0, 0.6299 0.1988 0.0, 0.6299 0.1988 0.0787, 0.6304 0.2055 0.0787, 0.6304 0.2055 0.0, 0.6318 0.2121 0.0787, 0.6318 0.2121 0.0, 0.6342 0.2184 0.0787, 0.6342 0.2184 0.0, 0.6374 0.2244 0.0787, 0.6374 0.2244 0.0, 0.6415 0.2298 0.0787, 0.6415 0.2298 0.0, 0.6462 0.2345 0.0787, 0.6462 0.2345 0.0, 0.6516 0.2386 0.0787, 0.6516 0.2386 0.0, 0.6575 0.2418 0.0787, 0.6575 0.2418 0.0, 0.6639 0.2441 0.0787, 0.6639 0.2441 0.0, 0.6704 0.2456 0.0787, 0.6704 0.2456 0.0, 0.6772 0.2461 0.0787, 0.6772 0.2461 0.0, 0.7874 0.2461 0.0787, 0.7874 0.2461 0.0, 0.7874 0.1476 0.0787, 0.7874 0.1476 0.0, 0.6772 0.1476 0.0787, 0.6772 0.1476 0.0, 0.6704 0.1481 0.0787, 0.6704 0.1481 0.0, 0.6639 0.1496 0.0787, 0.6639 0.1496 0.0, 0.6575 0.1519 0.0787, 0.6575 0.1519 0.0, 0.6516 0.1551 0.0787, 0.6516 0.1551 0.0, 0.6462 0.1592 0.0787, 0.6462 0.1592 0.0, 0.6415 0.1639 0.0787, 0.6415 0.1639 0.0, 0.6374 0.1693 0.0787, 0.6374 0.1693 0.0, 0.6342 0.1753 0.0787, 0.6342 0.1753 0.0, 0.6318 0.1816 0.0787, 0.6318 0.1816 0.0, 0.6304 0.1882 0.0787, 0.6304 0.1882 0.0, 0.6299 0.1949 0.0787, 0.6299 0.1949 0.0, -0.6772 0.0492 0.0787, -0.6772 0.0492 0.0, -0.7874 0.0492 0.0787, -0.7874 0.0492 0.0, -0.6704 0.0487 0.0787, -0.6704 0.0487 0.0, -0.6639 0.0473 0.0787, -0.6639 0.0473 0.0, -0.6575 0.0449 0.0787, -0.6575 0.0449 0.0, -0.6516 0.0417 0.0787, -0.6516 0.0417 0.0, -0.6462 0.0377 0.0787, -0.6462 0.0377 0.0, -0.6415 0.0329 0.0787, -0.6415 0.0329 0.0, -0.6374 0.0275 0.0787, -0.6374 0.0275 0.0, -0.6342 0.0216 0.0787, -0.6342 0.0216 0.0, -0.6318 0.0153 0.0787, -0.6318 0.0153 0.0, -0.6304 0.0087 0.0787, -0.6304 0.0087 0.0, -0.6299 0.002 0.0787, -0.6299 0.002 0.0, -0.6299 -0.002 0.0787, -0.6299 -0.002 0.0, -0.6304 -0.0087 0.0787, -0.6304 -0.0087 0.0, -0.6318 -0.0153 0.0787, -0.6318 -0.0153 0.0, -0.6342 -0.0216 0.0787, -0.6342 -0.0216 0.0, -0.6374 -0.0275 0.0787, -0.6374 -0.0275 0.0, -0.6415 -0.0329 0.0787, -0.6415 -0.0329 0.0, -0.6462 -0.0377 0.0787, -0.6462 -0.0377 0.0, -0.6516 -0.0417 0.0787, -0.6516 -0.0417 0.0, -0.6575 -0.0449 0.0787, -0.6575 -0.0449 0.0, -0.6639 -0.0473 0.0787, -0.6639 -0.0473 0.0, -0.6704 -0.0487 0.0787, -0.6704 -0.0487 0.0, -0.6772 -0.0492 0.0787, -0.6772 -0.0492 0.0, -0.7874 -0.0492 0.0787, -0.7874 -0.0492 0.0, 0.6299 0.002 0.0, 0.6299 0.002 0.0787, 0.6304 0.0087 0.0787, 0.6304 0.0087 0.0, 0.6318 0.0153 0.0787, 0.6318 0.0153 0.0, 0.6342 0.0216 0.0787, 0.6342 0.0216 0.0, 0.6374 0.0275 0.0787, 0.6374 0.0275 0.0, 0.6415 0.0329 0.0787, 0.6415 0.0329 0.0, 0.6462 0.0377 0.0787, 0.6462 0.0377 0.0, 0.6516 0.0417 0.0787, 0.6516 0.0417 0.0, 0.6575 0.0449 0.0787, 0.6575 0.0449 0.0, 0.6639 0.0473 0.0787, 0.6639 0.0473 0.0, 0.6704 0.0487 0.0787, 0.6704 0.0487 0.0, 0.6772 0.0492 0.0787, 0.6772 0.0492 0.0, 0.7874 0.0492 0.0787, 0.7874 0.0492 0.0, 0.7874 -0.0492 0.0787, 0.7874 -0.0492 0.0, 0.6772 -0.0492 0.0787, 0.6772 -0.0492 0.0, 0.6704 -0.0487 0.0787, 0.6704 -0.0487 0.0, 0.6639 -0.0473 0.0787, 0.6639 -0.0473 0.0, 0.6575 -0.0449 0.0787, 0.6575 -0.0449 0.0, 0.6516 -0.0417 0.0787, 0.6516 -0.0417 0.0, 0.6462 -0.0377 0.0787, 0.6462 -0.0377 0.0, 0.6415 -0.0329 0.0787, 0.6415 -0.0329 0.0, 0.6374 -0.0275 0.0787, 0.6374 -0.0275 0.0, 0.6342 -0.0216 0.0787, 0.6342 -0.0216 0.0, 0.6318 -0.0153 0.0787, 0.6318 -0.0153 0.0, 0.6304 -0.0087 0.0787, 0.6304 -0.0087 0.0, 0.6299 -0.002 0.0787, 0.6299 -0.002 0.0, -0.6772 -0.1476 0.0787, -0.6772 -0.1476 0.0, -0.7874 -0.1476 0.0787, -0.7874 -0.1476 0.0, -0.6704 -0.1481 0.0787, -0.6704 -0.1481 0.0, -0.6639 -0.1496 0.0787, -0.6639 -0.1496 0.0, -0.6575 -0.1519 0.0787, -0.6575 -0.1519 0.0, -0.6516 -0.1551 0.0787, -0.6516 -0.1551 0.0, -0.6462 -0.1592 0.0787, -0.6462 -0.1592 0.0, -0.6415 -0.1639 0.0787, -0.6415 -0.1639 0.0, -0.6374 -0.1693 0.0787, -0.6374 -0.1693 0.0, -0.6342 -0.1753 0.0787, -0.6342 -0.1753 0.0, -0.6318 -0.1816 0.0787, -0.6318 -0.1816 0.0, -0.6304 -0.1882 0.0787, -0.6304 -0.1882 0.0, -0.6299 -0.1949 0.0787, -0.6299 -0.1949 0.0, -0.6299 -0.1988 0.0787, -0.6299 -0.1988 0.0, -0.6304 -0.2055 0.0787, -0.6304 -0.2055 0.0, -0.6318 -0.2121 0.0787, -0.6318 -0.2121 0.0, -0.6342 -0.2184 0.0787, -0.6342 -0.2184 0.0, -0.6374 -0.2244 0.0787, -0.6374 -0.2244 0.0, -0.6415 -0.2298 0.0787, -0.6415 -0.2298 0.0, -0.6462 -0.2345 0.0787, -0.6462 -0.2345 0.0, -0.6516 -0.2386 0.0787, -0.6516 -0.2386 0.0, -0.6575 -0.2418 0.0787, -0.6575 -0.2418 0.0, -0.6639 -0.2441 0.0787, -0.6639 -0.2441 0.0, -0.6704 -0.2456 0.0787, -0.6704 -0.2456 0.0, -0.6772 -0.2461 0.0787, -0.6772 -0.2461 0.0, -0.7874 -0.2461 0.0787, -0.7874 -0.2461 0.0, 0.6299 -0.1949 0.0, 0.6299 -0.1949 0.0787, 0.6304 -0.1882 0.0787, 0.6304 -0.1882 0.0, 0.6318 -0.1816 0.0787, 0.6318 -0.1816 0.0, 0.6342 -0.1753 0.0787, 0.6342 -0.1753 0.0, 0.6374 -0.1693 0.0787, 0.6374 -0.1693 0.0, 0.6415 -0.1639 0.0787, 0.6415 -0.1639 0.0, 0.6462 -0.1592 0.0787, 0.6462 -0.1592 0.0, 0.6516 -0.1551 0.0787, 0.6516 -0.1551 0.0, 0.6575 -0.1519 0.0787, 0.6575 -0.1519 0.0, 0.6639 -0.1496 0.0787, 0.6639 -0.1496 0.0, 0.6704 -0.1481 0.0787, 0.6704 -0.1481 0.0, 0.6772 -0.1476 0.0787, 0.6772 -0.1476 0.0, 0.7874 -0.1476 0.0787, 0.7874 -0.1476 0.0, 0.7874 -0.2461 0.0787, 0.7874 -0.2461 0.0, 0.6772 -0.2461 0.0787, 0.6772 -0.2461 0.0, 0.6704 -0.2456 0.0787, 0.6704 -0.2456 0.0, 0.6639 -0.2441 0.0787, 0.6639 -0.2441 0.0, 0.6575 -0.2418 0.0787, 0.6575 -0.2418 0.0, 0.6516 -0.2386 0.0787, 0.6516 -0.2386 0.0, 0.6462 -0.2345 0.0787, 0.6462 -0.2345 0.0, 0.6415 -0.2298 0.0787, 0.6415 -0.2298 0.0, 0.6374 -0.2244 0.0787, 0.6374 -0.2244 0.0, 0.6342 -0.2184 0.0787, 0.6342 -0.2184 0.0, 0.6318 -0.2121 0.0787, 0.6318 -0.2121 0.0, 0.6304 -0.2055 0.0787, 0.6304 -0.2055 0.0, 0.6299 -0.1988 0.0787, 0.6299 -0.1988 0.0, -0.6772 -0.3445 0.0787, -0.6772 -0.3445 0.0, -0.7874 -0.3445 0.0787, -0.7874 -0.3445 0.0, -0.6704 -0.345 0.0787, -0.6704 -0.345 0.0, -0.6639 -0.3464 0.0787, -0.6639 -0.3464 0.0, -0.6575 -0.3488 0.0787, -0.6575 -0.3488 0.0, -0.6516 -0.352 0.0787, -0.6516 -0.352 0.0, -0.6462 -0.356 0.0787, -0.6462 -0.356 0.0, -0.6415 -0.3608 0.0787, -0.6415 -0.3608 0.0, -0.6374 -0.3662 0.0787, -0.6374 -0.3662 0.0, -0.6342 -0.3721 0.0787, -0.6342 -0.3721 0.0, -0.6318 -0.3784 0.0787, -0.6318 -0.3784 0.0, -0.6304 -0.385 0.0787, -0.6304 -0.385 0.0, -0.6299 -0.3917 0.0787, -0.6299 -0.3917 0.0, -0.6299 -0.3957 0.0787, -0.6299 -0.3957 0.0, -0.6304 -0.4024 0.0787, -0.6304 -0.4024 0.0, -0.6318 -0.409 0.0787, -0.6318 -0.409 0.0, -0.6342 -0.4153 0.0787, -0.6342 -0.4153 0.0, -0.6374 -0.4212 0.0787, -0.6374 -0.4212 0.0, -0.6415 -0.4266 0.0787, -0.6415 -0.4266 0.0, -0.6462 -0.4314 0.0787, -0.6462 -0.4314 0.0, -0.6516 -0.4354 0.0787, -0.6516 -0.4354 0.0, -0.6575 -0.4386 0.0787, -0.6575 -0.4386 0.0, -0.6639 -0.441 0.0787, -0.6639 -0.441 0.0, -0.6704 -0.4424 0.0787, -0.6704 -0.4424 0.0, -0.6772 -0.4429 0.0787, -0.6772 -0.4429 0.0, -0.7874 -0.4429 0.0787, -0.7874 -0.4429 0.0, 0.6299 -0.3917 0.0, 0.6299 -0.3917 0.0787, 0.6304 -0.385 0.0787, 0.6304 -0.385 0.0, 0.6318 -0.3784 0.0787, 0.6318 -0.3784 0.0, 0.6342 -0.3721 0.0787, 0.6342 -0.3721 0.0, 0.6374 -0.3662 0.0787, 0.6374 -0.3662 0.0, 0.6415 -0.3608 0.0787, 0.6415 -0.3608 0.0, 0.6462 -0.356 0.0787, 0.6462 -0.356 0.0, 0.6516 -0.352 0.0787, 0.6516 -0.352 0.0, 0.6575 -0.3488 0.0787, 0.6575 -0.3488 0.0, 0.6639 -0.3464 0.0787, 0.6639 -0.3464 0.0, 0.6704 -0.345 0.0787, 0.6704 -0.345 0.0, 0.6772 -0.3445 0.0787, 0.6772 -0.3445 0.0, 0.7874 -0.3445 0.0787, 0.7874 -0.3445 0.0, 0.7874 -0.4429 0.0787, 0.7874 -0.4429 0.0, 0.6772 -0.4429 0.0787, 0.6772 -0.4429 0.0, 0.6704 -0.4424 0.0787, 0.6704 -0.4424 0.0, 0.6639 -0.441 0.0787, 0.6639 -0.441 0.0, 0.6575 -0.4386 0.0787, 0.6575 -0.4386 0.0, 0.6516 -0.4354 0.0787, 0.6516 -0.4354 0.0, 0.6462 -0.4314 0.0787, 0.6462 -0.4314 0.0, 0.6415 -0.4266 0.0787, 0.6415 -0.4266 0.0, 0.6374 -0.4212 0.0787, 0.6374 -0.4212 0.0, 0.6342 -0.4153 0.0787, 0.6342 -0.4153 0.0, 0.6318 -0.409 0.0787, 0.6318 -0.409 0.0, 0.6304 -0.4024 0.0787, 0.6304 -0.4024 0.0, 0.6299 -0.3957 0.0787, 0.6299 -0.3957 0.0
            ]
        }
        coordIndex [
            0,1,2,-1,2,1,3,-1,4,5,0,-1,0,5,1,-1,6,7,4,-1,4,7,5,-1,7,6,8,-1,7,8,9,-1,9,8,10,-1,9,10,11,-1,11,10,12,-1,11,12,13,-1,13,12,14,-1,13,14,15,-1,15,14,16,-1,15,16,17,-1,17,16,18,-1,17,18,19,-1,19,18,20,-1,19,20,21,-1,21,20,22,-1,21,22,23,-1,23,22,24,-1,23,24,25,-1,25,24,26,-1,25,26,27,-1,27,26,28,-1,27,28,29,-1,29,28,30,-1,29,30,31,-1,32,33,30,-1,30,33,31,-1,33,32,34,-1,33,34,35,-1,35,34,36,-1,35,36,37,-1,37,36,38,-1,37,38,39,-1,39,38,40,-1,39,40,41,-1,41,40,42,-1,41,42,43,-1,43,42,44,-1,43,44,45,-1,45,44,46,-1,45,46,47,-1,47,46,48,-1,47,48,49,-1,49,48,50,-1,49,50,51,-1,51,50,52,-1,51,52,53,-1,53,52,54,-1,53,54,55,-1,55,54,2,-1,55,2,3,-1,1,5,3,-1,3,5,7,-1,3,19,21,-1,3,27,29,-1,35,49,33,-1,33,49,51,-1,33,51,53,-1,29,31,3,-1,3,31,33,-1,3,33,55,-1,55,33,53,-1,7,9,3,-1,3,9,11,-1,3,11,13,-1,21,23,3,-1,3,23,25,-1,3,25,27,-1,45,39,43,-1,43,39,41,-1,35,37,49,-1,49,37,39,-1,49,39,47,-1,47,39,45,-1,13,15,3,-1,3,15,17,-1,3,17,19,-1,8,6,30,-1,4,0,6,-1,6,0,2,-1,6,2,54,-1,54,52,6,-1,6,52,50,-1,6,50,48,-1,36,34,6,-1,6,34,32,-1,6,32,30,-1,48,46,6,-1,6,46,44,-1,6,44,42,-1,8,30,10,-1,10,30,28,-1,10,28,26,-1,42,40,6,-1,6,40,38,-1,6,38,36,-1,26,24,10,-1,10,24,22,-1,10,22,20,-1,20,18,10,-1,10,18,16,-1,10,16,12,-1,12,16,14,-1,56,57,58,-1,58,57,59,-1,60,61,56,-1,56,61,57,-1,62,63,60,-1,60,63,61,-1,63,62,64,-1,63,64,65,-1,65,64,66,-1,65,66,67,-1,67,66,68,-1,67,68,69,-1,69,68,70,-1,69,70,71,-1,71,70,72,-1,71,72,73,-1,73,72,74,-1,73,74,75,-1,75,74,76,-1,75,76,77,-1,77,76,78,-1,77,78,79,-1,79,78,80,-1,79,80,81,-1,81,80,82,-1,81,82,83,-1,83,82,84,-1,83,84,85,-1,86,87,84,-1,84,87,85,-1,87,86,88,-1,87,88,89,-1,89,88,90,-1,89,90,91,-1,91,90,92,-1,91,92,93,-1,93,92,94,-1,93,94,95,-1,95,94,96,-1,95,96,97,-1,97,96,98,-1,97,98,99,-1,99,98,100,-1,99,100,101,-1,101,100,102,-1,101,102,103,-1,103,102,104,-1,103,104,105,-1,105,104,106,-1,105,106,107,-1,107,106,58,-1,107,58,59,-1,57,61,63,-1,63,65,57,-1,57,65,67,-1,57,67,69,-1,69,71,57,-1,57,71,73,-1,57,73,75,-1,75,77,57,-1,57,77,79,-1,57,79,81,-1,99,101,87,-1,87,101,103,-1,87,103,105,-1,93,87,91,-1,91,87,89,-1,93,95,87,-1,87,95,97,-1,87,97,99,-1,81,83,57,-1,57,83,85,-1,57,85,59,-1,59,85,87,-1,59,87,107,-1,107,87,105,-1,60,56,62,-1,62,56,58,-1,102,100,62,-1,62,100,98,-1,62,98,96,-1,58,106,62,-1,62,106,104,-1,62,104,102,-1,96,94,62,-1,62,94,92,-1,62,92,90,-1,70,68,84,-1,90,88,62,-1,62,88,86,-1,62,86,84,-1,68,66,84,-1,84,66,64,-1,84,64,62,-1,82,80,74,-1,74,80,78,-1,74,78,76,-1,82,74,84,-1,84,74,72,-1,84,72,70,-1,108,109,110,-1,108,110,111,-1,111,110,112,-1,111,112,113,-1,113,112,114,-1,113,114,115,-1,115,114,116,-1,115,116,117,-1,117,116,118,-1,117,118,119,-1,119,118,120,-1,119,120,121,-1,121,120,122,-1,121,122,123,-1,123,122,124,-1,123,124,125,-1,125,124,126,-1,125,126,127,-1,127,126,128,-1,127,128,129,-1,129,128,130,-1,129,130,131,-1,132,133,130,-1,130,133,131,-1,133,132,134,-1,133,134,135,-1,135,134,136,-1,135,136,137,-1,137,136,138,-1,137,138,139,-1,139,138,140,-1,139,140,141,-1,141,140,142,-1,141,142,143,-1,143,142,144,-1,143,144,145,-1,145,144,146,-1,145,146,147,-1,147,146,148,-1,147,148,149,-1,149,148,150,-1,149,150,151,-1,151,150,152,-1,151,152,153,-1,153,152,154,-1,153,154,155,-1,156,157,154,-1,154,157,155,-1,158,159,156,-1,156,159,157,-1,109,108,158,-1,158,108,159,-1,155,157,133,-1,157,159,108,-1,149,133,135,-1,108,111,157,-1,157,111,113,-1,157,113,115,-1,127,129,157,-1,157,129,131,-1,157,131,133,-1,149,151,133,-1,133,151,153,-1,133,153,155,-1,115,117,157,-1,157,117,119,-1,157,119,121,-1,121,123,157,-1,157,123,125,-1,157,125,127,-1,135,137,149,-1,149,137,139,-1,149,139,141,-1,141,143,149,-1,149,143,145,-1,149,145,147,-1,134,132,148,-1,114,112,156,-1,148,132,150,-1,128,126,156,-1,112,110,156,-1,156,110,109,-1,156,109,158,-1,128,156,130,-1,130,156,154,-1,130,154,132,-1,132,154,152,-1,132,152,150,-1,146,138,148,-1,148,138,136,-1,148,136,134,-1,146,144,138,-1,138,144,142,-1,138,142,140,-1,126,124,156,-1,156,124,122,-1,156,122,120,-1,120,118,156,-1,156,118,116,-1,156,116,114,-1,160,161,162,-1,160,162,163,-1,163,162,164,-1,163,164,165,-1,165,164,166,-1,165,166,167,-1,167,166,168,-1,167,168,169,-1,169,168,170,-1,169,170,171,-1,171,170,172,-1,171,172,173,-1,173,172,174,-1,173,174,175,-1,175,174,176,-1,175,176,177,-1,177,176,178,-1,177,178,179,-1,179,178,180,-1,179,180,181,-1,181,180,182,-1,181,182,183,-1,183,182,184,-1,183,184,185,-1,186,187,184,-1,184,187,185,-1,187,186,188,-1,187,188,189,-1,189,188,190,-1,189,190,191,-1,191,190,192,-1,191,192,193,-1,193,192,194,-1,193,194,195,-1,195,194,196,-1,195,196,197,-1,197,196,198,-1,197,198,199,-1,199,198,200,-1,199,200,201,-1,201,200,202,-1,201,202,203,-1,203,202,204,-1,203,204,205,-1,205,204,206,-1,205,206,207,-1,207,206,208,-1,207,208,209,-1,209,208,210,-1,209,210,211,-1,212,213,210,-1,210,213,211,-1,214,215,212,-1,212,215,213,-1,161,160,214,-1,214,160,215,-1,211,213,187,-1,187,213,185,-1,215,160,213,-1,213,160,163,-1,179,181,213,-1,213,181,183,-1,213,183,185,-1,187,189,211,-1,211,189,191,-1,211,191,193,-1,197,205,207,-1,169,171,213,-1,213,171,173,-1,197,199,205,-1,205,199,201,-1,205,201,203,-1,193,195,211,-1,211,195,197,-1,211,197,209,-1,209,197,207,-1,163,165,213,-1,213,165,167,-1,213,167,169,-1,173,175,213,-1,213,175,177,-1,213,177,179,-1,192,190,214,-1,212,210,214,-1,214,210,208,-1,214,208,206,-1,192,214,194,-1,190,188,214,-1,214,188,186,-1,214,186,184,-1,182,162,184,-1,184,162,161,-1,184,161,214,-1,206,204,214,-1,214,204,202,-1,214,202,200,-1,200,198,214,-1,214,198,196,-1,214,196,194,-1,174,172,176,-1,176,172,170,-1,176,170,178,-1,178,170,168,-1,178,168,166,-1,182,180,162,-1,162,180,178,-1,162,178,164,-1,164,178,166,-1,216,217,218,-1,216,218,219,-1,219,218,220,-1,219,220,221,-1,221,220,222,-1,221,222,223,-1,223,222,224,-1,223,224,225,-1,225,224,226,-1,225,226,227,-1,227,226,228,-1,227,228,229,-1,229,228,230,-1,229,230,231,-1,231,230,232,-1,231,232,233,-1,233,232,234,-1,233,234,235,-1,235,234,236,-1,235,236,237,-1,237,236,238,-1,237,238,239,-1,239,238,240,-1,239,240,241,-1,242,243,240,-1,240,243,241,-1,243,242,244,-1,243,244,245,-1,245,244,246,-1,245,246,247,-1,247,246,248,-1,247,248,249,-1,249,248,250,-1,249,250,251,-1,251,250,252,-1,251,252,253,-1,253,252,254,-1,253,254,255,-1,255,254,256,-1,255,256,257,-1,257,256,258,-1,257,258,259,-1,259,258,260,-1,259,260,261,-1,261,260,262,-1,261,262,263,-1,263,262,264,-1,263,264,265,-1,265,264,266,-1,265,266,267,-1,268,269,266,-1,266,269,267,-1,270,271,268,-1,268,271,269,-1,217,216,270,-1,270,216,271,-1,267,269,243,-1,269,271,216,-1,267,243,265,-1,216,219,269,-1,269,219,221,-1,269,221,223,-1,253,255,245,-1,269,229,231,-1,237,239,269,-1,269,239,241,-1,269,241,243,-1,245,255,243,-1,243,255,257,-1,243,257,259,-1,223,225,269,-1,269,225,227,-1,269,227,229,-1,231,233,269,-1,269,233,235,-1,269,235,237,-1,259,261,243,-1,243,261,263,-1,243,263,265,-1,247,249,245,-1,245,249,251,-1,245,251,253,-1,217,270,268,-1,256,254,217,-1,242,240,217,-1,217,240,238,-1,268,266,217,-1,217,266,264,-1,217,264,262,-1,262,260,217,-1,217,260,258,-1,217,258,256,-1,254,252,217,-1,217,252,250,-1,217,250,248,-1,248,246,217,-1,217,246,244,-1,217,244,242,-1,230,228,222,-1,222,228,226,-1,222,226,224,-1,238,236,217,-1,217,236,234,-1,217,234,218,-1,218,234,220,-1,220,234,222,-1,222,234,232,-1,222,232,230,-1,272,273,274,-1,272,274,275,-1,275,274,276,-1,275,276,277,-1,277,276,278,-1,277,278,279,-1,279,278,280,-1,279,280,281,-1,281,280,282,-1,281,282,283,-1,283,282,284,-1,283,284,285,-1,285,284,286,-1,285,286,287,-1,287,286,288,-1,287,288,289,-1,289,288,290,-1,289,290,291,-1,291,290,292,-1,291,292,293,-1,293,292,294,-1,293,294,295,-1,295,294,296,-1,295,296,297,-1,298,299,296,-1,296,299,297,-1,299,298,300,-1,299,300,301,-1,301,300,302,-1,301,302,303,-1,303,302,304,-1,303,304,305,-1,305,304,306,-1,305,306,307,-1,307,306,308,-1,307,308,309,-1,309,308,310,-1,309,310,311,-1,311,310,312,-1,311,312,313,-1,313,312,314,-1,313,314,315,-1,315,314,316,-1,315,316,317,-1,317,316,318,-1,317,318,319,-1,319,318,320,-1,319,320,321,-1,321,320,322,-1,321,322,323,-1,324,325,322,-1,322,325,323,-1,326,327,324,-1,324,327,325,-1,273,272,326,-1,326,272,327,-1,327,272,325,-1,325,272,275,-1,291,293,325,-1,325,299,323,-1,323,299,301,-1,281,283,325,-1,325,283,285,-1,293,295,325,-1,325,295,297,-1,325,297,299,-1,285,287,325,-1,325,287,289,-1,325,289,291,-1,275,277,325,-1,325,277,279,-1,325,279,281,-1,309,311,317,-1,317,311,313,-1,317,313,315,-1,301,303,323,-1,323,303,305,-1,323,305,321,-1,321,305,319,-1,319,305,317,-1,317,305,307,-1,317,307,309,-1,326,324,273,-1,273,324,322,-1,322,320,273,-1,273,320,318,-1,273,318,316,-1,273,310,308,-1,273,302,300,-1,300,298,273,-1,273,298,296,-1,273,296,274,-1,274,296,294,-1,294,292,274,-1,274,292,290,-1,274,290,288,-1,316,314,273,-1,273,314,312,-1,273,312,310,-1,308,306,273,-1,273,306,304,-1,273,304,302,-1,288,286,274,-1,274,286,284,-1,274,284,282,-1,282,280,274,-1,274,280,278,-1,274,278,276,-1,328,329,330,-1,330,329,331,-1,332,333,328,-1,328,333,329,-1,333,332,334,-1,333,334,335,-1,335,334,336,-1,335,336,337,-1,337,336,338,-1,337,338,339,-1,339,338,340,-1,339,340,341,-1,341,340,342,-1,341,342,343,-1,343,342,344,-1,343,344,345,-1,345,344,346,-1,345,346,347,-1,347,346,348,-1,347,348,349,-1,349,348,350,-1,349,350,351,-1,351,350,352,-1,351,352,353,-1,353,352,354,-1,353,354,355,-1,356,357,354,-1,354,357,355,-1,357,356,358,-1,357,358,359,-1,359,358,360,-1,359,360,361,-1,361,360,362,-1,361,362,363,-1,363,362,364,-1,363,364,365,-1,365,364,366,-1,365,366,367,-1,367,366,368,-1,367,368,369,-1,369,368,370,-1,369,370,371,-1,371,370,372,-1,371,372,373,-1,373,372,374,-1,373,374,375,-1,375,374,376,-1,375,376,377,-1,377,376,378,-1,377,378,379,-1,330,331,378,-1,378,331,379,-1,331,329,333,-1,351,353,331,-1,331,353,355,-1,331,355,379,-1,379,355,357,-1,379,357,377,-1,333,335,331,-1,331,335,337,-1,331,337,339,-1,345,347,331,-1,331,347,349,-1,331,349,351,-1,367,369,371,-1,339,341,331,-1,331,341,343,-1,331,343,345,-1,357,359,377,-1,377,359,361,-1,377,361,375,-1,375,361,373,-1,367,371,365,-1,373,361,371,-1,371,361,363,-1,371,363,365,-1,332,328,330,-1,356,354,378,-1,378,354,330,-1,330,354,352,-1,330,352,350,-1,350,348,330,-1,330,348,346,-1,330,346,344,-1,376,360,378,-1,378,360,358,-1,378,358,356,-1,370,368,366,-1,344,342,330,-1,330,342,340,-1,330,340,338,-1,338,336,330,-1,330,336,334,-1,330,334,332,-1,376,374,360,-1,360,374,372,-1,360,372,370,-1,366,364,370,-1,370,364,362,-1,370,362,360,-1,380,381,382,-1,382,381,383,-1,384,385,380,-1,380,385,381,-1,385,384,386,-1,385,386,387,-1,387,386,388,-1,387,388,389,-1,389,388,390,-1,389,390,391,-1,391,390,392,-1,391,392,393,-1,393,392,394,-1,393,394,395,-1,395,394,396,-1,395,396,397,-1,397,396,398,-1,397,398,399,-1,399,398,400,-1,399,400,401,-1,401,400,402,-1,401,402,403,-1,403,402,404,-1,403,404,405,-1,405,404,406,-1,405,406,407,-1,407,406,408,-1,407,408,409,-1,410,411,408,-1,408,411,409,-1,411,410,412,-1,411,412,413,-1,413,412,414,-1,413,414,415,-1,415,414,416,-1,415,416,417,-1,417,416,418,-1,417,418,419,-1,419,418,420,-1,419,420,421,-1,421,420,422,-1,421,422,423,-1,423,422,424,-1,423,424,425,-1,425,424,426,-1,425,426,427,-1,427,426,428,-1,427,428,429,-1,429,428,430,-1,429,430,431,-1,431,430,432,-1,431,432,433,-1,433,432,434,-1,433,434,435,-1,382,383,434,-1,434,383,435,-1,383,381,435,-1,435,381,385,-1,435,385,387,-1,387,389,435,-1,435,389,391,-1,435,391,393,-1,393,395,435,-1,435,395,397,-1,435,397,399,-1,399,401,435,-1,435,401,403,-1,435,403,405,-1,405,407,435,-1,435,407,409,-1,435,409,411,-1,415,423,425,-1,411,413,435,-1,435,413,415,-1,435,415,433,-1,433,415,431,-1,423,415,421,-1,421,415,417,-1,421,417,419,-1,425,427,415,-1,415,427,429,-1,415,429,431,-1,380,382,384,-1,384,382,434,-1,384,414,412,-1,434,432,384,-1,384,432,430,-1,384,430,428,-1,394,408,406,-1,412,410,384,-1,384,410,408,-1,384,408,386,-1,386,408,388,-1,384,422,420,-1,402,400,398,-1,394,392,408,-1,408,392,390,-1,408,390,388,-1,428,426,384,-1,384,426,424,-1,384,424,422,-1,406,404,394,-1,394,404,402,-1,394,402,396,-1,396,402,398,-1,420,418,384,-1,384,418,416,-1,384,416,414,-1,436,437,438,-1,436,438,439,-1,439,438,440,-1,439,440,441,-1,441,440,442,-1,441,442,443,-1,443,442,444,-1,443,444,445,-1,445,444,446,-1,445,446,447,-1,447,446,448,-1,447,448,449,-1,449,448,450,-1,449,450,451,-1,451,450,452,-1,451,452,453,-1,453,452,454,-1,453,454,455,-1,455,454,456,-1,455,456,457,-1,457,456,458,-1,457,458,459,-1,460,461,458,-1,458,461,459,-1,461,460,462,-1,461,462,463,-1,463,462,464,-1,463,464,465,-1,465,464,466,-1,465,466,467,-1,467,466,468,-1,467,468,469,-1,469,468,470,-1,469,470,471,-1,471,470,472,-1,471,472,473,-1,473,472,474,-1,473,474,475,-1,475,474,476,-1,475,476,477,-1,477,476,478,-1,477,478,479,-1,479,478,480,-1,479,480,481,-1,481,480,482,-1,481,482,483,-1,484,485,482,-1,482,485,483,-1,486,487,484,-1,484,487,485,-1,437,436,486,-1,486,436,487,-1,485,487,436,-1,485,455,457,-1,457,459,485,-1,485,459,461,-1,485,461,483,-1,483,461,463,-1,463,465,483,-1,483,465,467,-1,483,467,469,-1,436,439,485,-1,485,439,441,-1,485,441,443,-1,469,471,483,-1,483,471,473,-1,483,473,475,-1,443,445,485,-1,485,445,447,-1,485,447,449,-1,449,451,485,-1,485,451,453,-1,485,453,455,-1,477,479,475,-1,475,479,481,-1,475,481,483,-1,437,486,484,-1,460,484,482,-1,460,458,484,-1,484,458,456,-1,484,456,454,-1,478,476,474,-1,472,470,482,-1,482,470,468,-1,482,468,466,-1,466,464,482,-1,482,464,462,-1,482,462,460,-1,442,440,484,-1,484,440,438,-1,484,438,437,-1,472,482,474,-1,474,482,480,-1,474,480,478,-1,454,452,484,-1,484,452,450,-1,484,450,448,-1,448,446,484,-1,484,446,444,-1,484,444,442,-1,488,489,490,-1,490,489,491,-1,492,493,488,-1,488,493,489,-1,493,492,494,-1,493,494,495,-1,495,494,496,-1,495,496,497,-1,497,496,498,-1,497,498,499,-1,499,498,500,-1,499,500,501,-1,501,500,502,-1,501,502,503,-1,503,502,504,-1,503,504,505,-1,505,504,506,-1,505,506,507,-1,507,506,508,-1,507,508,509,-1,509,508,510,-1,509,510,511,-1,511,510,512,-1,511,512,513,-1,513,512,514,-1,513,514,515,-1,516,517,514,-1,514,517,515,-1,517,516,518,-1,517,518,519,-1,519,518,520,-1,519,520,521,-1,521,520,522,-1,521,522,523,-1,523,522,524,-1,523,524,525,-1,525,524,526,-1,525,526,527,-1,527,526,528,-1,527,528,529,-1,529,528,530,-1,529,530,531,-1,531,530,532,-1,531,532,533,-1,533,532,534,-1,533,534,535,-1,535,534,536,-1,535,536,537,-1,537,536,538,-1,537,538,539,-1,490,491,538,-1,538,491,539,-1,491,515,539,-1,539,515,517,-1,539,517,537,-1,489,493,491,-1,491,493,495,-1,491,495,497,-1,497,499,491,-1,491,499,501,-1,491,501,503,-1,503,505,491,-1,491,505,507,-1,491,507,509,-1,509,511,491,-1,491,511,513,-1,491,513,515,-1,517,519,537,-1,537,519,521,-1,537,521,523,-1,531,533,529,-1,529,533,527,-1,523,525,537,-1,537,525,527,-1,537,527,535,-1,535,527,533,-1,492,488,490,-1,524,522,538,-1,538,522,520,-1,538,520,518,-1,518,516,538,-1,538,516,514,-1,538,514,490,-1,490,514,512,-1,490,512,510,-1,510,508,490,-1,490,508,506,-1,490,506,504,-1,504,502,490,-1,490,502,500,-1,490,500,498,-1,498,496,490,-1,490,496,494,-1,490,494,492,-1,524,538,526,-1,526,538,536,-1,526,536,534,-1,534,532,526,-1,526,532,530,-1,526,530,528,-1,540,541,542,-1,540,542,543,-1,543,542,544,-1,543,544,545,-1,545,544,546,-1,545,546,547,-1,547,546,548,-1,547,548,549,-1,549,548,550,-1,549,550,551,-1,551,550,552,-1,551,552,553,-1,553,552,554,-1,553,554,555,-1,555,554,556,-1,555,556,557,-1,557,556,558,-1,557,558,559,-1,559,558,560,-1,559,560,561,-1,561,560,562,-1,561,562,563,-1,564,565,562,-1,562,565,563,-1,565,564,566,-1,565,566,567,-1,567,566,568,-1,567,568,569,-1,569,568,570,-1,569,570,571,-1,571,570,572,-1,571,572,573,-1,573,572,574,-1,573,574,575,-1,575,574,576,-1,575,576,577,-1,577,576,578,-1,577,578,579,-1,579,578,580,-1,579,580,581,-1,581,580,582,-1,581,582,583,-1,583,582,584,-1,583,584,585,-1,585,584,586,-1,585,586,587,-1,588,589,586,-1,586,589,587,-1,590,591,588,-1,588,591,589,-1,541,540,590,-1,590,540,591,-1,591,540,589,-1,589,540,543,-1,557,559,589,-1,589,565,587,-1,587,565,567,-1,557,589,555,-1,559,561,589,-1,589,561,563,-1,589,563,565,-1,567,569,587,-1,587,569,571,-1,587,571,573,-1,543,545,589,-1,589,545,547,-1,589,547,549,-1,573,575,587,-1,587,575,577,-1,587,577,579,-1,549,551,589,-1,589,551,553,-1,589,553,555,-1,581,583,579,-1,579,583,585,-1,579,585,587,-1,541,590,588,-1,564,588,586,-1,564,562,588,-1,588,562,560,-1,588,560,558,-1,570,568,586,-1,586,568,566,-1,586,566,564,-1,558,556,588,-1,588,556,554,-1,588,554,552,-1,580,578,582,-1,582,578,584,-1,578,576,584,-1,584,576,574,-1,584,574,586,-1,586,574,572,-1,586,572,570,-1,546,544,588,-1,588,544,542,-1,588,542,541,-1,552,550,588,-1,588,550,548,-1,588,548,546,-1,592,593,594,-1,594,593,595,-1,596,597,592,-1,592,597,593,-1,597,596,598,-1,597,598,599,-1,599,598,600,-1,599,600,601,-1,601,600,602,-1,601,602,603,-1,603,602,604,-1,603,604,605,-1,605,604,606,-1,605,606,607,-1,607,606,608,-1,607,608,609,-1,609,608,610,-1,609,610,611,-1,611,610,612,-1,611,612,613,-1,613,612,614,-1,613,614,615,-1,615,614,616,-1,615,616,617,-1,617,616,618,-1,617,618,619,-1,620,621,618,-1,618,621,619,-1,621,620,622,-1,621,622,623,-1,623,622,624,-1,623,624,625,-1,625,624,626,-1,625,626,627,-1,627,626,628,-1,627,628,629,-1,629,628,630,-1,629,630,631,-1,631,630,632,-1,631,632,633,-1,633,632,634,-1,633,634,635,-1,635,634,636,-1,635,636,637,-1,637,636,638,-1,637,638,639,-1,639,638,640,-1,639,640,641,-1,641,640,642,-1,641,642,643,-1,594,595,642,-1,642,595,643,-1,595,593,597,-1,597,599,595,-1,595,599,601,-1,595,601,603,-1,603,605,595,-1,595,605,607,-1,595,607,609,-1,609,611,595,-1,595,611,613,-1,595,613,615,-1,615,617,595,-1,595,617,619,-1,595,619,643,-1,643,619,621,-1,643,621,641,-1,641,621,623,-1,641,623,625,-1,625,627,641,-1,641,627,629,-1,641,629,631,-1,631,633,635,-1,635,637,631,-1,631,637,639,-1,631,639,641,-1,596,592,594,-1,628,626,638,-1,642,624,622,-1,614,612,594,-1,594,612,610,-1,594,610,608,-1,622,620,642,-1,642,620,618,-1,642,618,594,-1,594,618,616,-1,594,616,614,-1,608,606,594,-1,594,606,604,-1,594,604,602,-1,602,600,594,-1,594,600,598,-1,594,598,596,-1,624,642,626,-1,626,642,640,-1,626,640,638,-1,634,632,630,-1,628,638,630,-1,630,638,636,-1,630,636,634,-1,644,645,646,-1,644,646,647,-1,647,646,648,-1,647,648,649,-1,649,648,650,-1,649,650,651,-1,651,650,652,-1,651,652,653,-1,653,652,654,-1,653,654,655,-1,655,654,656,-1,655,656,657,-1,657,656,658,-1,657,658,659,-1,659,658,660,-1,659,660,661,-1,661,660,662,-1,661,662,663,-1,663,662,664,-1,663,664,665,-1,665,664,666,-1,665,666,667,-1,668,669,666,-1,666,669,667,-1,669,668,670,-1,669,670,671,-1,671,670,672,-1,671,672,673,-1,673,672,674,-1,673,674,675,-1,675,674,676,-1,675,676,677,-1,677,676,678,-1,677,678,679,-1,679,678,680,-1,679,680,681,-1,681,680,682,-1,681,682,683,-1,683,682,684,-1,683,684,685,-1,685,684,686,-1,685,686,687,-1,687,686,688,-1,687,688,689,-1,689,688,690,-1,689,690,691,-1,692,693,690,-1,690,693,691,-1,694,695,692,-1,692,695,693,-1,645,644,694,-1,694,644,695,-1,691,693,669,-1,693,695,644,-1,685,669,671,-1,644,647,693,-1,693,647,649,-1,693,649,651,-1,663,665,693,-1,693,665,667,-1,693,667,669,-1,685,687,669,-1,669,687,689,-1,669,689,691,-1,651,653,693,-1,693,653,655,-1,693,655,657,-1,657,659,693,-1,693,659,661,-1,693,661,663,-1,671,673,685,-1,685,673,675,-1,685,675,677,-1,677,679,685,-1,685,679,681,-1,685,681,683,-1,648,646,692,-1,692,646,645,-1,692,645,694,-1,662,660,692,-1,688,686,668,-1,668,686,684,-1,668,684,670,-1,688,668,690,-1,690,668,666,-1,690,666,692,-1,692,666,664,-1,692,664,662,-1,654,652,692,-1,692,652,650,-1,692,650,648,-1,682,674,684,-1,684,674,672,-1,684,672,670,-1,682,680,674,-1,674,680,678,-1,674,678,676,-1,660,658,692,-1,692,658,656,-1,692,656,654,-1,696,697,698,-1,698,697,699,-1,700,701,696,-1,696,701,697,-1,701,700,702,-1,701,702,703,-1,703,702,704,-1,703,704,705,-1,705,704,706,-1,705,706,707,-1,707,706,708,-1,707,708,709,-1,709,708,710,-1,709,710,711,-1,711,710,712,-1,711,712,713,-1,713,712,714,-1,713,714,715,-1,715,714,716,-1,715,716,717,-1,717,716,718,-1,717,718,719,-1,719,718,720,-1,719,720,721,-1,721,720,722,-1,721,722,723,-1,724,725,722,-1,722,725,723,-1,725,724,726,-1,725,726,727,-1,727,726,728,-1,727,728,729,-1,729,728,730,-1,729,730,731,-1,731,730,732,-1,731,732,733,-1,733,732,734,-1,733,734,735,-1,735,734,736,-1,735,736,737,-1,737,736,738,-1,737,738,739,-1,739,738,740,-1,739,740,741,-1,741,740,742,-1,741,742,743,-1,743,742,744,-1,743,744,745,-1,745,744,746,-1,745,746,747,-1,698,699,746,-1,746,699,747,-1,699,697,701,-1,719,721,699,-1,699,721,723,-1,699,723,747,-1,747,723,725,-1,747,725,745,-1,701,703,699,-1,699,703,705,-1,699,705,707,-1,735,737,739,-1,707,709,699,-1,699,709,711,-1,699,711,713,-1,725,727,745,-1,745,727,729,-1,745,729,743,-1,743,729,741,-1,713,715,699,-1,699,715,717,-1,699,717,719,-1,735,739,733,-1,741,729,739,-1,739,729,731,-1,739,731,733,-1,724,722,746,-1,718,716,698,-1,746,722,698,-1,698,722,720,-1,698,720,718,-1,744,728,746,-1,746,728,726,-1,746,726,724,-1,704,702,698,-1,698,702,700,-1,698,700,696,-1,738,736,734,-1,716,714,698,-1,698,714,712,-1,698,712,710,-1,744,742,728,-1,728,742,740,-1,728,740,738,-1,734,732,738,-1,738,732,730,-1,738,730,728,-1,710,708,698,-1,698,708,706,-1,698,706,704,-1,748,749,750,-1,748,750,751,-1,751,750,752,-1,751,752,753,-1,753,752,754,-1,753,754,755,-1,755,754,756,-1,755,756,757,-1,757,756,758,-1,757,758,759,-1,759,758,760,-1,759,760,761,-1,761,760,762,-1,761,762,763,-1,763,762,764,-1,763,764,765,-1,765,764,766,-1,765,766,767,-1,767,766,768,-1,767,768,769,-1,769,768,770,-1,769,770,771,-1,772,773,770,-1,770,773,771,-1,773,772,774,-1,773,774,775,-1,775,774,776,-1,775,776,777,-1,777,776,778,-1,777,778,779,-1,779,778,780,-1,779,780,781,-1,781,780,782,-1,781,782,783,-1,783,782,784,-1,783,784,785,-1,785,784,786,-1,785,786,787,-1,787,786,788,-1,787,788,789,-1,789,788,790,-1,789,790,791,-1,791,790,792,-1,791,792,793,-1,793,792,794,-1,793,794,795,-1,796,797,794,-1,794,797,795,-1,798,799,796,-1,796,799,797,-1,749,748,798,-1,798,748,799,-1,795,797,773,-1,797,799,748,-1,781,783,785,-1,767,769,797,-1,797,769,771,-1,797,771,773,-1,748,751,797,-1,797,751,753,-1,797,753,755,-1,775,777,785,-1,785,777,779,-1,785,779,781,-1,775,785,773,-1,773,785,787,-1,773,787,789,-1,789,791,773,-1,773,791,793,-1,773,793,795,-1,755,757,797,-1,797,757,759,-1,797,759,761,-1,761,763,797,-1,797,763,765,-1,797,765,767,-1,749,798,796,-1,772,770,796,-1,796,770,768,-1,796,768,766,-1,778,784,780,-1,780,784,782,-1,796,794,772,-1,772,794,792,-1,772,792,790,-1,790,788,772,-1,772,788,786,-1,772,786,784,-1,778,776,784,-1,784,776,774,-1,784,774,772,-1,754,752,796,-1,796,752,750,-1,796,750,749,-1,766,764,796,-1,796,764,762,-1,796,762,760,-1,760,758,796,-1,796,758,756,-1,796,756,754,-1,800,801,802,-1,802,801,803,-1,804,805,800,-1,800,805,801,-1,805,804,806,-1,805,806,807,-1,807,806,808,-1,807,808,809,-1,809,808,810,-1,809,810,811,-1,811,810,812,-1,811,812,813,-1,813,812,814,-1,813,814,815,-1,815,814,816,-1,815,816,817,-1,817,816,818,-1,817,818,819,-1,819,818,820,-1,819,820,821,-1,821,820,822,-1,821,822,823,-1,823,822,824,-1,823,824,825,-1,825,824,826,-1,825,826,827,-1,828,829,826,-1,826,829,827,-1,829,828,830,-1,829,830,831,-1,831,830,832,-1,831,832,833,-1,833,832,834,-1,833,834,835,-1,835,834,836,-1,835,836,837,-1,837,836,838,-1,837,838,839,-1,839,838,840,-1,839,840,841,-1,841,840,842,-1,841,842,843,-1,843,842,844,-1,843,844,845,-1,845,844,846,-1,845,846,847,-1,847,846,848,-1,847,848,849,-1,849,848,850,-1,849,850,851,-1,802,803,850,-1,850,803,851,-1,803,801,851,-1,851,801,805,-1,827,829,805,-1,809,811,825,-1,829,831,805,-1,805,831,833,-1,805,833,835,-1,841,843,805,-1,805,843,845,-1,827,805,825,-1,825,805,807,-1,825,807,809,-1,845,847,805,-1,805,847,849,-1,805,849,851,-1,813,821,811,-1,811,821,823,-1,811,823,825,-1,813,815,821,-1,821,815,817,-1,821,817,819,-1,835,837,805,-1,805,837,839,-1,805,839,841,-1,800,802,850,-1,832,830,800,-1,800,830,828,-1,800,828,804,-1,804,828,826,-1,804,826,824,-1,824,822,804,-1,804,822,820,-1,804,820,806,-1,850,848,800,-1,800,848,846,-1,800,846,844,-1,844,842,800,-1,800,842,840,-1,800,840,838,-1,838,836,800,-1,800,836,834,-1,800,834,832,-1,818,816,810,-1,810,816,814,-1,810,814,812,-1,818,810,820,-1,820,810,808,-1,820,808,806,-1,852,853,854,-1,852,854,855,-1,855,854,856,-1,855,856,857,-1,857,856,858,-1,857,858,859,-1,859,858,860,-1,859,860,861,-1,861,860,862,-1,861,862,863,-1,863,862,864,-1,863,864,865,-1,865,864,866,-1,865,866,867,-1,867,866,868,-1,867,868,869,-1,869,868,870,-1,869,870,871,-1,871,870,872,-1,871,872,873,-1,873,872,874,-1,873,874,875,-1,875,874,876,-1,875,876,877,-1,878,879,876,-1,876,879,877,-1,879,878,880,-1,879,880,881,-1,881,880,882,-1,881,882,883,-1,883,882,884,-1,883,884,885,-1,885,884,886,-1,885,886,887,-1,887,886,888,-1,887,888,889,-1,889,888,890,-1,889,890,891,-1,891,890,892,-1,891,892,893,-1,893,892,894,-1,893,894,895,-1,895,894,896,-1,895,896,897,-1,897,896,898,-1,897,898,899,-1,899,898,900,-1,899,900,901,-1,901,900,902,-1,901,902,903,-1,904,905,902,-1,902,905,903,-1,906,907,904,-1,904,907,905,-1,853,852,906,-1,906,852,907,-1,905,907,852,-1,852,855,905,-1,905,855,857,-1,905,857,859,-1,905,879,903,-1,903,879,881,-1,905,865,867,-1,873,875,905,-1,905,875,877,-1,905,877,879,-1,859,861,905,-1,905,861,863,-1,905,863,865,-1,867,869,905,-1,905,869,871,-1,905,871,873,-1,889,891,897,-1,897,891,893,-1,897,893,895,-1,881,883,903,-1,903,883,885,-1,903,885,901,-1,901,885,899,-1,899,885,897,-1,897,885,887,-1,897,887,889,-1,906,904,853,-1,853,904,902,-1,902,900,853,-1,853,900,898,-1,853,898,896,-1,853,876,874,-1,853,890,888,-1,882,880,853,-1,853,880,878,-1,853,878,876,-1,896,894,853,-1,853,894,892,-1,853,892,890,-1,888,886,853,-1,853,886,884,-1,853,884,882,-1,866,864,858,-1,858,864,862,-1,858,862,860,-1,874,872,853,-1,853,872,870,-1,853,870,854,-1,854,870,856,-1,856,870,858,-1,858,870,868,-1,858,868,866,-1,908,909,910,-1,908,910,911,-1,911,910,912,-1,911,912,913,-1,913,912,914,-1,913,914,915,-1,915,914,916,-1,915,916,917,-1,917,916,918,-1,917,918,919,-1,919,918,920,-1,919,920,921,-1,921,920,922,-1,921,922,923,-1,923,922,924,-1,923,924,925,-1,925,924,926,-1,925,926,927,-1,927,926,928,-1,927,928,929,-1,929,928,930,-1,929,930,931,-1,932,933,930,-1,930,933,931,-1,934,935,932,-1,932,935,933,-1,936,937,934,-1,934,937,935,-1,937,936,938,-1,937,938,939,-1,939,938,940,-1,939,940,941,-1,941,940,942,-1,941,942,943,-1,943,942,944,-1,943,944,945,-1,945,944,946,-1,945,946,947,-1,947,946,948,-1,947,948,949,-1,949,948,950,-1,949,950,951,-1,951,950,952,-1,951,952,953,-1,953,952,954,-1,953,954,955,-1,955,954,956,-1,955,956,957,-1,957,956,958,-1,957,958,959,-1,909,908,958,-1,958,908,959,-1,959,908,937,-1,933,935,931,-1,931,935,937,-1,931,937,929,-1,929,937,927,-1,955,957,941,-1,959,937,957,-1,957,937,939,-1,957,939,941,-1,908,911,937,-1,937,911,913,-1,937,913,915,-1,915,917,937,-1,937,917,919,-1,937,919,921,-1,955,941,953,-1,953,941,943,-1,953,943,945,-1,921,923,937,-1,937,923,925,-1,937,925,927,-1,945,947,953,-1,953,947,949,-1,953,949,951,-1,934,932,930,-1,930,928,934,-1,934,928,926,-1,934,926,924,-1,912,910,934,-1,934,910,909,-1,934,909,936,-1,936,909,958,-1,936,958,956,-1,924,922,934,-1,934,922,920,-1,934,920,918,-1,954,940,956,-1,956,940,938,-1,956,938,936,-1,918,916,934,-1,934,916,914,-1,934,914,912,-1,954,952,940,-1,940,952,950,-1,940,950,948,-1,948,946,940,-1,940,946,944,-1,940,944,942,-1,960,961,962,-1,960,962,963,-1,963,962,964,-1,963,964,965,-1,965,964,966,-1,965,966,967,-1,967,966,968,-1,967,968,969,-1,969,968,970,-1,969,970,971,-1,971,970,972,-1,971,972,973,-1,973,972,974,-1,973,974,975,-1,975,974,976,-1,975,976,977,-1,977,976,978,-1,977,978,979,-1,979,978,980,-1,979,980,981,-1,981,980,982,-1,981,982,983,-1,983,982,984,-1,983,984,985,-1,986,987,984,-1,984,987,985,-1,987,986,988,-1,987,988,989,-1,989,988,990,-1,989,990,991,-1,991,990,992,-1,991,992,993,-1,993,992,994,-1,993,994,995,-1,995,994,996,-1,995,996,997,-1,997,996,998,-1,997,998,999,-1,999,998,1000,-1,999,1000,1001,-1,1001,1000,1002,-1,1001,1002,1003,-1,1003,1002,1004,-1,1003,1004,1005,-1,1005,1004,1006,-1,1005,1006,1007,-1,1007,1006,1008,-1,1007,1008,1009,-1,1009,1008,1010,-1,1009,1010,1011,-1,1012,1013,1010,-1,1010,1013,1011,-1,1014,1015,1012,-1,1012,1015,1013,-1,961,960,1014,-1,1014,960,1015,-1,1013,1015,960,-1,960,963,1013,-1,1013,963,965,-1,1013,965,967,-1,1013,987,1011,-1,1011,987,989,-1,1013,973,975,-1,981,983,1013,-1,1013,983,985,-1,1013,985,987,-1,967,969,1013,-1,1013,969,971,-1,1013,971,973,-1,975,977,1013,-1,1013,977,979,-1,1013,979,981,-1,997,999,1005,-1,1005,999,1001,-1,1005,1001,1003,-1,989,991,1011,-1,1011,991,993,-1,1011,993,1009,-1,1009,993,1007,-1,1007,993,1005,-1,1005,993,995,-1,1005,995,997,-1,1014,1012,961,-1,961,1012,1010,-1,1010,1008,961,-1,961,1008,1006,-1,961,1006,1004,-1,961,984,982,-1,961,998,996,-1,990,988,961,-1,961,988,986,-1,961,986,984,-1,1004,1002,961,-1,961,1002,1000,-1,961,1000,998,-1,996,994,961,-1,961,994,992,-1,961,992,990,-1,974,972,966,-1,966,972,970,-1,966,970,968,-1,982,980,961,-1,961,980,978,-1,961,978,962,-1,962,978,964,-1,964,978,966,-1,966,978,976,-1,966,976,974,-1,1016,1017,1018,-1,1016,1018,1019,-1,1019,1018,1020,-1,1019,1020,1021,-1,1021,1020,1022,-1,1021,1022,1023,-1,1023,1022,1024,-1,1023,1024,1025,-1,1025,1024,1026,-1,1025,1026,1027,-1,1027,1026,1028,-1,1027,1028,1029,-1,1029,1028,1030,-1,1029,1030,1031,-1,1031,1030,1032,-1,1031,1032,1033,-1,1033,1032,1034,-1,1033,1034,1035,-1,1035,1034,1036,-1,1035,1036,1037,-1,1037,1036,1038,-1,1037,1038,1039,-1,1039,1038,1040,-1,1039,1040,1041,-1,1042,1043,1040,-1,1040,1043,1041,-1,1043,1042,1044,-1,1043,1044,1045,-1,1045,1044,1046,-1,1045,1046,1047,-1,1047,1046,1048,-1,1047,1048,1049,-1,1049,1048,1050,-1,1049,1050,1051,-1,1051,1050,1052,-1,1051,1052,1053,-1,1053,1052,1054,-1,1053,1054,1055,-1,1055,1054,1056,-1,1055,1056,1057,-1,1057,1056,1058,-1,1057,1058,1059,-1,1059,1058,1060,-1,1059,1060,1061,-1,1061,1060,1062,-1,1061,1062,1063,-1,1063,1062,1064,-1,1063,1064,1065,-1,1065,1064,1066,-1,1065,1066,1067,-1,1068,1069,1066,-1,1066,1069,1067,-1,1070,1071,1068,-1,1068,1071,1069,-1,1017,1016,1070,-1,1070,1016,1071,-1,1067,1069,1043,-1,1071,1016,1069,-1,1069,1016,1019,-1,1019,1021,1069,-1,1069,1021,1023,-1,1069,1023,1025,-1,1025,1027,1069,-1,1069,1027,1029,-1,1069,1029,1031,-1,1031,1033,1069,-1,1069,1033,1035,-1,1069,1035,1037,-1,1037,1039,1069,-1,1069,1039,1041,-1,1069,1041,1043,-1,1047,1055,1057,-1,1043,1045,1067,-1,1067,1045,1047,-1,1067,1047,1065,-1,1065,1047,1063,-1,1055,1047,1053,-1,1053,1047,1049,-1,1053,1049,1051,-1,1057,1059,1047,-1,1047,1059,1061,-1,1047,1061,1063,-1,1070,1068,1017,-1,1017,1068,1066,-1,1017,1046,1044,-1,1066,1064,1017,-1,1017,1064,1062,-1,1017,1062,1060,-1,1026,1040,1038,-1,1044,1042,1017,-1,1017,1042,1040,-1,1017,1040,1018,-1,1018,1040,1020,-1,1017,1054,1052,-1,1034,1032,1030,-1,1026,1024,1040,-1,1040,1024,1022,-1,1040,1022,1020,-1,1060,1058,1017,-1,1017,1058,1056,-1,1017,1056,1054,-1,1038,1036,1026,-1,1026,1036,1034,-1,1026,1034,1028,-1,1028,1034,1030,-1,1052,1050,1017,-1,1017,1050,1048,-1,1017,1048,1046,-1,1072,1073,1074,-1,1074,1073,1075,-1,1073,1072,1076,-1,1073,1076,1077,-1,1077,1076,1078,-1,1077,1078,1079,-1,1079,1078,1080,-1,1079,1080,1081,-1,1081,1080,1082,-1,1081,1082,1083,-1,1083,1082,1084,-1,1083,1084,1085,-1,1085,1084,1086,-1,1085,1086,1087,-1,1087,1086,1088,-1,1087,1088,1089,-1,1089,1088,1090,-1,1089,1090,1091,-1,1091,1090,1092,-1,1091,1092,1093,-1,1093,1092,1094,-1,1093,1094,1095,-1,1095,1094,1096,-1,1095,1096,1097,-1,1098,1099,1096,-1,1096,1099,1097,-1,1099,1098,1100,-1,1099,1100,1101,-1,1101,1100,1102,-1,1101,1102,1103,-1,1103,1102,1104,-1,1103,1104,1105,-1,1105,1104,1106,-1,1105,1106,1107,-1,1107,1106,1108,-1,1107,1108,1109,-1,1109,1108,1110,-1,1109,1110,1111,-1,1111,1110,1112,-1,1111,1112,1113,-1,1113,1112,1114,-1,1113,1114,1115,-1,1115,1114,1116,-1,1115,1116,1117,-1,1117,1116,1118,-1,1117,1118,1119,-1,1119,1118,1120,-1,1119,1120,1121,-1,1122,1123,1120,-1,1120,1123,1121,-1,1074,1075,1122,-1,1122,1075,1123,-1,1073,1099,1101,-1,1113,1115,1073,-1,1073,1115,1117,-1,1101,1103,1073,-1,1073,1103,1105,-1,1073,1105,1107,-1,1123,1075,1121,-1,1121,1075,1073,-1,1121,1073,1119,-1,1119,1073,1117,-1,1091,1093,1077,-1,1077,1093,1095,-1,1077,1095,1073,-1,1073,1095,1097,-1,1073,1097,1099,-1,1107,1109,1073,-1,1073,1109,1111,-1,1073,1111,1113,-1,1077,1079,1091,-1,1091,1079,1081,-1,1091,1081,1083,-1,1083,1085,1091,-1,1091,1085,1087,-1,1091,1087,1089,-1,1074,1122,1072,-1,1072,1122,1120,-1,1098,1096,1072,-1,1072,1096,1094,-1,1110,1072,1112,-1,1112,1072,1114,-1,1120,1118,1072,-1,1072,1118,1116,-1,1072,1116,1114,-1,1104,1102,1072,-1,1072,1102,1100,-1,1072,1100,1098,-1,1094,1092,1072,-1,1072,1092,1090,-1,1072,1090,1076,-1,1110,1108,1072,-1,1072,1108,1106,-1,1072,1106,1104,-1,1088,1080,1090,-1,1090,1080,1078,-1,1090,1078,1076,-1,1088,1086,1080,-1,1080,1086,1084,-1,1080,1084,1082,-1,1124,1125,1126,-1,1124,1126,1127,-1,1127,1126,1128,-1,1127,1128,1129,-1,1129,1128,1130,-1,1129,1130,1131,-1,1131,1130,1132,-1,1131,1132,1133,-1,1133,1132,1134,-1,1133,1134,1135,-1,1135,1134,1136,-1,1135,1136,1137,-1,1137,1136,1138,-1,1137,1138,1139,-1,1139,1138,1140,-1,1139,1140,1141,-1,1141,1140,1142,-1,1141,1142,1143,-1,1143,1142,1144,-1,1143,1144,1145,-1,1145,1144,1146,-1,1145,1146,1147,-1,1148,1149,1146,-1,1146,1149,1147,-1,1150,1151,1148,-1,1148,1151,1149,-1,1152,1153,1150,-1,1150,1153,1151,-1,1153,1152,1154,-1,1153,1154,1155,-1,1155,1154,1156,-1,1155,1156,1157,-1,1157,1156,1158,-1,1157,1158,1159,-1,1159,1158,1160,-1,1159,1160,1161,-1,1161,1160,1162,-1,1161,1162,1163,-1,1163,1162,1164,-1,1163,1164,1165,-1,1165,1164,1166,-1,1165,1166,1167,-1,1167,1166,1168,-1,1167,1168,1169,-1,1169,1168,1170,-1,1169,1170,1171,-1,1171,1170,1172,-1,1171,1172,1173,-1,1173,1172,1174,-1,1173,1174,1175,-1,1125,1124,1174,-1,1174,1124,1175,-1,1149,1151,1147,-1,1147,1151,1153,-1,1147,1153,1145,-1,1175,1124,1153,-1,1153,1124,1127,-1,1169,1153,1155,-1,1169,1171,1153,-1,1153,1171,1173,-1,1153,1173,1175,-1,1127,1129,1153,-1,1153,1129,1131,-1,1153,1131,1133,-1,1133,1135,1153,-1,1153,1135,1137,-1,1153,1137,1139,-1,1165,1159,1163,-1,1163,1159,1161,-1,1155,1157,1169,-1,1169,1157,1159,-1,1169,1159,1167,-1,1167,1159,1165,-1,1139,1141,1153,-1,1153,1141,1143,-1,1153,1143,1145,-1,1152,1150,1148,-1,1128,1126,1152,-1,1152,1126,1125,-1,1152,1125,1174,-1,1152,1136,1134,-1,1148,1146,1152,-1,1152,1146,1144,-1,1152,1144,1142,-1,1134,1132,1152,-1,1152,1132,1130,-1,1152,1130,1128,-1,1174,1172,1152,-1,1152,1172,1170,-1,1152,1170,1168,-1,1168,1166,1152,-1,1152,1166,1164,-1,1152,1164,1154,-1,1162,1160,1158,-1,1142,1140,1152,-1,1152,1140,1138,-1,1152,1138,1136,-1,1162,1158,1164,-1,1164,1158,1156,-1,1164,1156,1154,-1,1176,1177,1178,-1,1178,1177,1179,-1,1177,1176,1180,-1,1177,1180,1181,-1,1181,1180,1182,-1,1181,1182,1183,-1,1183,1182,1184,-1,1183,1184,1185,-1,1185,1184,1186,-1,1185,1186,1187,-1,1187,1186,1188,-1,1187,1188,1189,-1,1189,1188,1190,-1,1189,1190,1191,-1,1191,1190,1192,-1,1191,1192,1193,-1,1193,1192,1194,-1,1193,1194,1195,-1,1195,1194,1196,-1,1195,1196,1197,-1,1197,1196,1198,-1,1197,1198,1199,-1,1199,1198,1200,-1,1199,1200,1201,-1,1202,1203,1200,-1,1200,1203,1201,-1,1203,1202,1204,-1,1203,1204,1205,-1,1205,1204,1206,-1,1205,1206,1207,-1,1207,1206,1208,-1,1207,1208,1209,-1,1209,1208,1210,-1,1209,1210,1211,-1,1211,1210,1212,-1,1211,1212,1213,-1,1213,1212,1214,-1,1213,1214,1215,-1,1215,1214,1216,-1,1215,1216,1217,-1,1217,1216,1218,-1,1217,1218,1219,-1,1219,1218,1220,-1,1219,1220,1221,-1,1221,1220,1222,-1,1221,1222,1223,-1,1223,1222,1224,-1,1223,1224,1225,-1,1226,1227,1224,-1,1224,1227,1225,-1,1178,1179,1226,-1,1226,1179,1227,-1,1201,1203,1177,-1,1203,1205,1177,-1,1177,1205,1207,-1,1177,1207,1209,-1,1195,1197,1177,-1,1177,1197,1199,-1,1177,1199,1201,-1,1181,1191,1177,-1,1177,1191,1193,-1,1177,1193,1195,-1,1209,1211,1177,-1,1177,1211,1213,-1,1177,1213,1215,-1,1215,1217,1177,-1,1177,1217,1219,-1,1177,1219,1221,-1,1181,1183,1191,-1,1191,1183,1185,-1,1191,1185,1189,-1,1189,1185,1187,-1,1227,1179,1225,-1,1225,1179,1177,-1,1225,1177,1223,-1,1223,1177,1221,-1,1178,1226,1176,-1,1176,1226,1224,-1,1206,1204,1176,-1,1176,1204,1202,-1,1176,1202,1200,-1,1218,1216,1176,-1,1176,1216,1214,-1,1176,1214,1212,-1,1212,1210,1176,-1,1176,1210,1208,-1,1176,1208,1206,-1,1200,1198,1176,-1,1176,1198,1196,-1,1176,1196,1194,-1,1224,1222,1176,-1,1176,1222,1220,-1,1176,1220,1218,-1,1182,1190,1184,-1,1184,1190,1188,-1,1184,1188,1186,-1,1194,1192,1176,-1,1176,1192,1190,-1,1176,1190,1180,-1,1180,1190,1182,-1,1228,1229,1230,-1,1228,1230,1231,-1,1231,1230,1232,-1,1231,1232,1233,-1,1233,1232,1234,-1,1233,1234,1235,-1,1235,1234,1236,-1,1235,1236,1237,-1,1237,1236,1238,-1,1237,1238,1239,-1,1239,1238,1240,-1,1239,1240,1241,-1,1241,1240,1242,-1,1241,1242,1243,-1,1243,1242,1244,-1,1243,1244,1245,-1,1245,1244,1246,-1,1245,1246,1247,-1,1247,1246,1248,-1,1247,1248,1249,-1,1249,1248,1250,-1,1249,1250,1251,-1,1252,1253,1250,-1,1250,1253,1251,-1,1254,1255,1252,-1,1252,1255,1253,-1,1256,1257,1254,-1,1254,1257,1255,-1,1257,1256,1258,-1,1257,1258,1259,-1,1259,1258,1260,-1,1259,1260,1261,-1,1261,1260,1262,-1,1261,1262,1263,-1,1263,1262,1264,-1,1263,1264,1265,-1,1265,1264,1266,-1,1265,1266,1267,-1,1267,1266,1268,-1,1267,1268,1269,-1,1269,1268,1270,-1,1269,1270,1271,-1,1271,1270,1272,-1,1271,1272,1273,-1,1273,1272,1274,-1,1273,1274,1275,-1,1275,1274,1276,-1,1275,1276,1277,-1,1277,1276,1278,-1,1277,1278,1279,-1,1229,1228,1278,-1,1278,1228,1279,-1,1253,1255,1251,-1,1251,1255,1257,-1,1251,1257,1249,-1,1277,1279,1257,-1,1257,1279,1228,-1,1257,1228,1231,-1,1231,1233,1257,-1,1257,1233,1235,-1,1257,1235,1237,-1,1259,1273,1257,-1,1257,1273,1275,-1,1257,1275,1277,-1,1237,1239,1257,-1,1257,1239,1241,-1,1257,1241,1243,-1,1243,1245,1257,-1,1257,1245,1247,-1,1257,1247,1249,-1,1269,1263,1267,-1,1267,1263,1265,-1,1259,1261,1273,-1,1273,1261,1263,-1,1273,1263,1271,-1,1271,1263,1269,-1,1236,1234,1256,-1,1229,1278,1256,-1,1256,1278,1276,-1,1234,1232,1256,-1,1256,1232,1230,-1,1256,1230,1229,-1,1254,1252,1256,-1,1256,1252,1250,-1,1256,1250,1248,-1,1276,1274,1256,-1,1256,1274,1272,-1,1256,1272,1258,-1,1248,1246,1256,-1,1256,1246,1244,-1,1256,1244,1242,-1,1242,1240,1256,-1,1256,1240,1238,-1,1256,1238,1236,-1,1270,1268,1262,-1,1262,1268,1266,-1,1262,1266,1264,-1,1270,1262,1272,-1,1272,1262,1260,-1,1272,1260,1258,-1,1280,1281,1282,-1,1282,1281,1283,-1,1281,1280,1284,-1,1281,1284,1285,-1,1285,1284,1286,-1,1285,1286,1287,-1,1287,1286,1288,-1,1287,1288,1289,-1,1289,1288,1290,-1,1289,1290,1291,-1,1291,1290,1292,-1,1291,1292,1293,-1,1293,1292,1294,-1,1293,1294,1295,-1,1295,1294,1296,-1,1295,1296,1297,-1,1297,1296,1298,-1,1297,1298,1299,-1,1299,1298,1300,-1,1299,1300,1301,-1,1301,1300,1302,-1,1301,1302,1303,-1,1303,1302,1304,-1,1303,1304,1305,-1,1306,1307,1304,-1,1304,1307,1305,-1,1307,1306,1308,-1,1307,1308,1309,-1,1309,1308,1310,-1,1309,1310,1311,-1,1311,1310,1312,-1,1311,1312,1313,-1,1313,1312,1314,-1,1313,1314,1315,-1,1315,1314,1316,-1,1315,1316,1317,-1,1317,1316,1318,-1,1317,1318,1319,-1,1319,1318,1320,-1,1319,1320,1321,-1,1321,1320,1322,-1,1321,1322,1323,-1,1323,1322,1324,-1,1323,1324,1325,-1,1325,1324,1326,-1,1325,1326,1327,-1,1327,1326,1328,-1,1327,1328,1329,-1,1330,1331,1328,-1,1328,1331,1329,-1,1282,1283,1330,-1,1330,1283,1331,-1,1331,1283,1329,-1,1329,1283,1281,-1,1305,1307,1281,-1,1299,1281,1285,-1,1299,1301,1281,-1,1281,1301,1303,-1,1281,1303,1305,-1,1307,1309,1281,-1,1281,1309,1311,-1,1281,1311,1313,-1,1319,1321,1281,-1,1281,1321,1323,-1,1323,1325,1281,-1,1281,1325,1327,-1,1281,1327,1329,-1,1285,1287,1299,-1,1299,1287,1289,-1,1299,1289,1291,-1,1313,1315,1281,-1,1281,1315,1317,-1,1281,1317,1319,-1,1291,1293,1299,-1,1299,1293,1295,-1,1299,1295,1297,-1,1282,1330,1328,-1,1310,1308,1282,-1,1282,1308,1306,-1,1282,1306,1280,-1,1280,1306,1304,-1,1280,1304,1302,-1,1302,1300,1280,-1,1280,1300,1298,-1,1280,1298,1284,-1,1328,1326,1282,-1,1282,1326,1324,-1,1282,1324,1322,-1,1322,1320,1282,-1,1282,1320,1318,-1,1282,1318,1316,-1,1316,1314,1282,-1,1282,1314,1312,-1,1282,1312,1310,-1,1284,1298,1286,-1,1286,1298,1296,-1,1286,1296,1294,-1,1294,1292,1286,-1,1286,1292,1290,-1,1286,1290,1288,-1,1332,1333,1334,-1,1332,1334,1335,-1,1335,1334,1336,-1,1335,1336,1337,-1,1337,1336,1338,-1,1337,1338,1339,-1,1339,1338,1340,-1,1339,1340,1341,-1,1341,1340,1342,-1,1341,1342,1343,-1,1343,1342,1344,-1,1343,1344,1345,-1,1345,1344,1346,-1,1345,1346,1347,-1,1347,1346,1348,-1,1347,1348,1349,-1,1349,1348,1350,-1,1349,1350,1351,-1,1351,1350,1352,-1,1351,1352,1353,-1,1353,1352,1354,-1,1353,1354,1355,-1,1356,1357,1354,-1,1354,1357,1355,-1,1358,1359,1356,-1,1356,1359,1357,-1,1360,1361,1358,-1,1358,1361,1359,-1,1361,1360,1362,-1,1361,1362,1363,-1,1363,1362,1364,-1,1363,1364,1365,-1,1365,1364,1366,-1,1365,1366,1367,-1,1367,1366,1368,-1,1367,1368,1369,-1,1369,1368,1370,-1,1369,1370,1371,-1,1371,1370,1372,-1,1371,1372,1373,-1,1373,1372,1374,-1,1373,1374,1375,-1,1375,1374,1376,-1,1375,1376,1377,-1,1377,1376,1378,-1,1377,1378,1379,-1,1379,1378,1380,-1,1379,1380,1381,-1,1381,1380,1382,-1,1381,1382,1383,-1,1333,1332,1382,-1,1382,1332,1383,-1,1383,1332,1361,-1,1361,1363,1383,-1,1383,1363,1365,-1,1383,1365,1381,-1,1381,1365,1379,-1,1332,1335,1361,-1,1361,1335,1337,-1,1361,1337,1339,-1,1339,1341,1361,-1,1361,1341,1343,-1,1361,1343,1345,-1,1345,1347,1361,-1,1361,1347,1349,-1,1361,1349,1351,-1,1357,1359,1355,-1,1355,1359,1361,-1,1355,1361,1353,-1,1353,1361,1351,-1,1379,1365,1377,-1,1377,1365,1367,-1,1377,1367,1369,-1,1369,1371,1377,-1,1377,1371,1373,-1,1377,1373,1375,-1,1360,1358,1356,-1,1362,1360,1382,-1,1382,1360,1333,-1,1344,1342,1360,-1,1360,1342,1340,-1,1360,1340,1338,-1,1338,1336,1360,-1,1360,1336,1334,-1,1360,1334,1333,-1,1356,1354,1360,-1,1360,1354,1352,-1,1360,1352,1350,-1,1350,1348,1360,-1,1360,1348,1346,-1,1360,1346,1344,-1,1362,1382,1364,-1,1364,1382,1380,-1,1364,1380,1378,-1,1378,1376,1364,-1,1364,1376,1374,-1,1364,1374,1372,-1,1372,1370,1364,-1,1364,1370,1368,-1,1364,1368,1366,-1,1384,1385,1386,-1,1386,1385,1387,-1,1385,1384,1388,-1,1385,1388,1389,-1,1389,1388,1390,-1,1389,1390,1391,-1,1391,1390,1392,-1,1391,1392,1393,-1,1393,1392,1394,-1,1393,1394,1395,-1,1395,1394,1396,-1,1395,1396,1397,-1,1397,1396,1398,-1,1397,1398,1399,-1,1399,1398,1400,-1,1399,1400,1401,-1,1401,1400,1402,-1,1401,1402,1403,-1,1403,1402,1404,-1,1403,1404,1405,-1,1405,1404,1406,-1,1405,1406,1407,-1,1407,1406,1408,-1,1407,1408,1409,-1,1410,1411,1408,-1,1408,1411,1409,-1,1411,1410,1412,-1,1411,1412,1413,-1,1413,1412,1414,-1,1413,1414,1415,-1,1415,1414,1416,-1,1415,1416,1417,-1,1417,1416,1418,-1,1417,1418,1419,-1,1419,1418,1420,-1,1419,1420,1421,-1,1421,1420,1422,-1,1421,1422,1423,-1,1423,1422,1424,-1,1423,1424,1425,-1,1425,1424,1426,-1,1425,1426,1427,-1,1427,1426,1428,-1,1427,1428,1429,-1,1429,1428,1430,-1,1429,1430,1431,-1,1431,1430,1432,-1,1431,1432,1433,-1,1434,1435,1432,-1,1432,1435,1433,-1,1386,1387,1434,-1,1434,1387,1435,-1,1435,1387,1433,-1,1433,1387,1385,-1,1411,1413,1385,-1,1385,1413,1415,-1,1415,1417,1385,-1,1385,1417,1419,-1,1385,1419,1421,-1,1421,1423,1385,-1,1385,1423,1425,-1,1385,1425,1427,-1,1427,1429,1385,-1,1385,1429,1431,-1,1385,1431,1433,-1,1403,1405,1389,-1,1389,1405,1407,-1,1389,1407,1385,-1,1385,1407,1409,-1,1385,1409,1411,-1,1389,1391,1403,-1,1403,1391,1393,-1,1403,1393,1395,-1,1395,1397,1403,-1,1403,1397,1399,-1,1403,1399,1401,-1,1386,1410,1384,-1,1384,1410,1408,-1,1384,1408,1406,-1,1434,1432,1386,-1,1386,1432,1430,-1,1386,1430,1428,-1,1428,1426,1386,-1,1386,1426,1424,-1,1386,1424,1422,-1,1422,1420,1386,-1,1386,1420,1418,-1,1386,1418,1416,-1,1416,1414,1386,-1,1386,1414,1412,-1,1386,1412,1410,-1,1406,1404,1384,-1,1384,1404,1402,-1,1384,1402,1388,-1,1400,1392,1402,-1,1402,1392,1390,-1,1402,1390,1388,-1,1400,1398,1392,-1,1392,1398,1396,-1,1392,1396,1394,-1,1436,1437,1438,-1,1436,1438,1439,-1,1439,1438,1440,-1,1439,1440,1441,-1,1441,1440,1442,-1,1441,1442,1443,-1,1443,1442,1444,-1,1443,1444,1445,-1,1445,1444,1446,-1,1445,1446,1447,-1,1447,1446,1448,-1,1447,1448,1449,-1,1449,1448,1450,-1,1449,1450,1451,-1,1451,1450,1452,-1,1451,1452,1453,-1,1453,1452,1454,-1,1453,1454,1455,-1,1455,1454,1456,-1,1455,1456,1457,-1,1457,1456,1458,-1,1457,1458,1459,-1,1460,1461,1458,-1,1458,1461,1459,-1,1462,1463,1460,-1,1460,1463,1461,-1,1464,1465,1462,-1,1462,1465,1463,-1,1465,1464,1466,-1,1465,1466,1467,-1,1467,1466,1468,-1,1467,1468,1469,-1,1469,1468,1470,-1,1469,1470,1471,-1,1471,1470,1472,-1,1471,1472,1473,-1,1473,1472,1474,-1,1473,1474,1475,-1,1475,1474,1476,-1,1475,1476,1477,-1,1477,1476,1478,-1,1477,1478,1479,-1,1479,1478,1480,-1,1479,1480,1481,-1,1481,1480,1482,-1,1481,1482,1483,-1,1483,1482,1484,-1,1483,1484,1485,-1,1485,1484,1486,-1,1485,1486,1487,-1,1437,1436,1486,-1,1486,1436,1487,-1,1461,1463,1459,-1,1459,1463,1465,-1,1459,1465,1457,-1,1487,1436,1465,-1,1465,1436,1439,-1,1469,1471,1485,-1,1439,1441,1465,-1,1465,1441,1443,-1,1465,1443,1445,-1,1445,1447,1465,-1,1465,1447,1449,-1,1465,1449,1451,-1,1487,1465,1485,-1,1485,1465,1467,-1,1485,1467,1469,-1,1451,1453,1465,-1,1465,1453,1455,-1,1465,1455,1457,-1,1473,1481,1471,-1,1471,1481,1483,-1,1471,1483,1485,-1,1473,1475,1481,-1,1481,1475,1477,-1,1481,1477,1479,-1,1440,1438,1462,-1,1462,1438,1437,-1,1462,1437,1464,-1,1464,1437,1486,-1,1464,1486,1484,-1,1462,1448,1446,-1,1460,1458,1462,-1,1462,1458,1456,-1,1462,1456,1454,-1,1446,1444,1462,-1,1462,1444,1442,-1,1462,1442,1440,-1,1484,1482,1464,-1,1464,1482,1480,-1,1464,1480,1466,-1,1454,1452,1462,-1,1462,1452,1450,-1,1462,1450,1448,-1,1478,1476,1470,-1,1470,1476,1474,-1,1470,1474,1472,-1,1478,1470,1480,-1,1480,1470,1468,-1,1480,1468,1466,-1,
        ]
    }
}
Shape{
    appearance Appearance {
        material  Material 	{
            diffuseColor 0.25098039215686274 0.25098039215686274 0.25098039215686274
            specularColor 0.12549019607843137 0.12549019607843137 0.12549019607843137
            ambientIntensity 0.251
            transparency 0.0
            shininess 0.5
        }
    }
    geometry IndexedFaceSet {
        ccw TRUE
        solid FALSE
        coord DEF co Coordinate {
            point [
                0.7336 -0.7874 0.2992, 0.7874 -0.7874 0.2992, 0.7874 -0.654 0.2992, 0.6426 -0.7874 0.2992, 0.7336 -0.654 0.2992, 0.6052 -0.7874 0.2992, 0.6426 -0.654 0.2992, -0.7874 -0.7874 0.2992, -0.1543 -0.7874 0.2992, -0.1543 -0.654 0.2992, 0.5373 -0.6379 0.2992, 0.5357 -0.6381 0.2992, 0.5457 -0.6381 0.2992, 0.4179 -0.5654 0.2992, 0.4256 -0.572 0.2992, 0.4526 -0.5339 0.2992, 0.4526 -0.5746 0.2992, 0.3819 -0.5308 0.2992, 0.3863 -0.5339 0.2992, 0.3926 -0.5383 0.2992, 0.4027 -0.5501 0.2992, 0.408 -0.5608 0.2992, 0.4094 -0.5612 0.2992, 0.3539 -0.5235 0.2992, 0.3678 -0.5252 0.2992, 0.4526 0.0191 0.2992, 0.3415 -0.5248 0.2992, 0.3282 -0.5295 0.2992, -0.1543 0.0191 0.2992, 0.3209 -0.5339 0.2992, -0.1543 -0.5339 0.2992, 0.3198 -0.5346 0.2992, -0.1543 -0.5746 0.2992, 0.2586 -0.5746 0.2992, 0.2611 -0.5689 0.2992, 0.268 -0.5602 0.2992, 0.2896 -0.5479 0.2992, 0.3007 -0.5465 0.2992, 0.3131 -0.5403 0.2992, 0.304 -0.5467 0.2992, 0.3072 -0.5471 0.2992, 0.27 -0.5583 0.2992, 0.279 -0.552 0.2992, 0.2752 -0.6311 0.2992, 0.2665 -0.6237 0.2992, -0.1543 -0.6381 0.2992, 0.2855 -0.6362 0.2992, 0.26 -0.6143 0.2992, 0.2559 -0.6037 0.2992, -0.1543 -0.5863 0.2992, 0.2546 -0.5926 0.2992, 0.2547 -0.5899 0.2992, 0.2553 -0.5863 0.2992, 0.2566 -0.5792 0.2992, 0.2893 -0.6373 0.2992, 0.2897 -0.6381 0.2992, 0.2922 -0.6434 0.2992, 0.2964 -0.6487 0.2992, 0.3281 -0.654 0.2992, 0.3232 -0.6558 0.2992, 0.4526 -0.7874 0.2992, 0.3163 -0.6567 0.2992, 0.3152 -0.6567 0.2992, 0.3085 -0.6556 0.2992, 0.3046 -0.654 0.2992, 0.302 -0.6529 0.2992, 0.343 -0.6381 0.2992, 0.343 -0.6382 0.2992, 0.4526 -0.654 0.2992, 0.3396 -0.6445 0.2992, 0.3353 -0.6495 0.2992, 0.3296 -0.6534 0.2992, 0.4349 -0.5888 0.2992, 0.4362 -0.5981 0.2992, 0.4526 -0.5863 0.2992, 0.3794 -0.6213 0.2992, 0.3813 -0.6205 0.2992, 0.3847 -0.6043 0.2992, 0.3377 -0.6092 0.2992, 0.3758 -0.5892 0.2992, 0.3327 -0.6046 0.2992, 0.3267 -0.6014 0.2992, 0.3776 -0.6226 0.2992, 0.4184 -0.5959 0.2992, 0.4171 -0.5904 0.2992, 0.4149 -0.5863 0.2992, 0.2732 -0.5863 0.2992, 0.4349 -0.6082 0.2992, 0.4526 -0.6381 0.2992, 0.4313 -0.6172 0.2992, 0.4256 -0.6251 0.2992, 0.3835 -0.6203 0.2992, 0.3838 -0.6203 0.2992, 0.3847 -0.6205 0.2992, 0.2749 -0.6034 0.2992, 0.2783 -0.6092 0.2992, 0.2927 -0.6121 0.2992, 0.2834 -0.6144 0.2992, 0.2896 -0.6183 0.2992, 0.3033 -0.6027 0.2992, 0.2974 -0.6068 0.2992, 0.2725 -0.5921 0.2992, 0.2728 -0.5964 0.2992, 0.3096 -0.6003 0.2992, 0.3163 -0.5995 0.2992, 0.3198 -0.5997 0.2992, 0.4179 -0.6317 0.2992, 0.4092 -0.6359 0.2992, 0.3997 -0.6379 0.2992, 0.3747 -0.6291 0.2992, 0.3748 -0.628 0.2992, 0.3448 -0.6254 0.2992, 0.3753 -0.6258 0.2992, 0.3764 -0.6238 0.2992, 0.4128 -0.6134 0.2992, 0.4159 -0.609 0.2992, 0.4179 -0.6039 0.2992, 0.4185 -0.5983 0.2992, 0.383 -0.6379 0.2992, 0.3813 -0.6376 0.2992, 0.3795 -0.6369 0.2992, 0.3776 -0.6356 0.2992, 0.377 -0.6349 0.2992, 0.3757 -0.6331 0.2992, 0.375 -0.6312 0.2992, 0.3447 -0.6312 0.2992, 0.3448 -0.6282 0.2992, 0.3852 -0.6205 0.2992, 0.398 -0.6205 0.2992, 0.4031 -0.6196 0.2992, 0.4082 -0.6172 0.2992, 0.4124 -0.6138 0.2992, 0.3941 -0.5761 0.2992, 0.2758 -0.5788 0.2992, 0.2734 -0.5852 0.2992, 0.3963 -0.5761 0.2992, 0.4144 -0.5855 0.2992, 0.4111 -0.5818 0.2992, 0.4067 -0.5787 0.2992, 0.4017 -0.5768 0.2992, 0.3879 -0.5591 0.2992, 0.3815 -0.5514 0.2992, 0.3161 -0.5679 0.2992, 0.3808 -0.5507 0.2992, 0.3728 -0.5452 0.2992, 0.3204 -0.5589 0.2992, 0.2788 -0.5746 0.2992, 0.314 -0.5668 0.2992, 0.3937 -0.5746 0.2992, 0.3923 -0.5682 0.2992, 0.3076 -0.5644 0.2992, 0.301 -0.5636 0.2992, 0.298 -0.5638 0.2992, 0.3268 -0.5513 0.2992, 0.3639 -0.5417 0.2992, 0.3344 -0.5457 0.2992, 0.3542 -0.5406 0.2992, 0.3437 -0.5419 0.2992, 0.291 -0.5654 0.2992, 0.2847 -0.5688 0.2992, 0.2797 -0.5732 0.2992, 0.4275 -0.5746 0.2992, 0.4314 -0.5801 0.2992, 0.4339 -0.5863 0.2992, 0.6014 -0.6332 0.2992, 0.6014 -0.6378 0.2992, 0.6052 -0.6381 0.2992, 0.5925 -0.6381 0.2992, 0.585 -0.6197 0.2992, 0.585 -0.6332 0.2992, 0.5925 -0.6197 0.2992, 0.5925 -0.6332 0.2992, 0.5993 -0.6197 0.2992, 0.5993 -0.6151 0.2992, 0.585 -0.6023 0.2992, 0.585 -0.6151 0.2992, 0.5925 -0.6023 0.2992, 0.5925 -0.6151 0.2992, 0.6005 -0.6023 0.2992, 0.5925 -0.6378 0.2992, 0.5798 -0.6378 0.2992, 0.5771 -0.6381 0.2992, 0.5798 -0.5977 0.2992, 0.5272 -0.6329 0.2992, 0.5274 -0.6329 0.2992, 0.5274 -0.6223 0.2992, 0.5265 -0.6214 0.2992, 0.5259 -0.6204 0.2992, 0.5251 -0.6316 0.2992, 0.5253 -0.6188 0.2992, 0.5251 -0.6169 0.2992, 0.5234 -0.5863 0.2992, 0.5253 -0.6151 0.2992, 0.5273 -0.6223 0.2992, 0.5251 -0.6368 0.2992, 0.5234 -0.6381 0.2992, 0.5274 -0.6376 0.2992, 0.5274 -0.6381 0.2992, 0.528 -0.6379 0.2992, 0.53 -0.6381 0.2992, 0.5328 -0.6384 0.2992, 0.5274 -0.654 0.2992, 0.5457 -0.654 0.2992, 0.543 -0.6098 0.2992, 0.543 -0.6147 0.2992, 0.5283 -0.6108 0.2992, 0.53 -0.6098 0.2992, 0.5274 -0.5863 0.2992, 0.5259 -0.6135 0.2992, 0.5268 -0.6121 0.2992, 0.5274 -0.6116 0.2992, 0.5441 -0.632 0.2992, 0.5435 -0.6336 0.2992, 0.5426 -0.6349 0.2992, 0.5328 -0.6089 0.2992, 0.5362 -0.6085 0.2992, 0.5457 -0.5863 0.2992, 0.5398 -0.6088 0.2992, 0.5427 -0.6253 0.2992, 0.5436 -0.6266 0.2992, 0.5442 -0.6281 0.2992, 0.5444 -0.63 0.2992, 0.5412 -0.6362 0.2992, 0.54 -0.6369 0.2992, 0.5357 -0.6126 0.2992, 0.5343 -0.6127 0.2992, 0.5303 -0.6164 0.2992, 0.5329 -0.6131 0.2992, 0.5318 -0.6137 0.2992, 0.5303 -0.6171 0.2992, 0.5305 -0.6179 0.2992, 0.5309 -0.6186 0.2992, 0.5314 -0.6191 0.2992, 0.5331 -0.6202 0.2992, 0.5389 -0.6129 0.2992, 0.5362 -0.6216 0.2992, 0.5417 -0.6139 0.2992, 0.5382 -0.6223 0.2992, 0.5415 -0.6242 0.2992, 0.531 -0.6143 0.2992, 0.5306 -0.615 0.2992, 0.5304 -0.6156 0.2992, 0.5303 -0.634 0.2992, 0.5327 -0.6252 0.2992, 0.5297 -0.6238 0.2992, 0.5333 -0.6343 0.2992, 0.5335 -0.6343 0.2992, 0.536 -0.6266 0.2992, 0.5361 -0.6341 0.2992, 0.5392 -0.6305 0.2992, 0.5392 -0.6299 0.2992, 0.5374 -0.6336 0.2992, 0.5379 -0.6333 0.2992, 0.5384 -0.6328 0.2992, 0.5389 -0.6321 0.2992, 0.5391 -0.6314 0.2992, 0.539 -0.6291 0.2992, 0.5386 -0.6284 0.2992, 0.5379 -0.6278 0.2992, 0.6426 -0.5746 0.2992, 0.6296 -0.5743 0.2992, 0.6239 -0.5743 0.2992, 0.6198 -0.5633 0.2992, 0.6052 -0.5633 0.2992, 0.6052 -0.5746 0.2992, 0.6144 -0.5342 0.2992, 0.6426 -0.5339 0.2992, 0.6052 -0.5339 0.2992, 0.6032 -0.5633 0.2992, 0.5993 -0.5743 0.2992, 0.5925 -0.5746 0.2992, 0.5936 -0.5743 0.2992, 0.5925 -0.5339 0.2992, 0.6052 -0.544 0.2992, 0.6089 -0.5342 0.2992, 0.5588 -0.5743 0.2992, 0.5588 -0.5342 0.2992, 0.5503 -0.5388 0.2992, 0.5503 -0.5342 0.2992, 0.5702 -0.5342 0.2992, 0.5771 -0.5339 0.2992, 0.5457 -0.5339 0.2992, 0.5457 -0.5342 0.2992, 0.5457 -0.5746 0.2992, 0.5771 -0.5746 0.2992, 0.5512 -0.5743 0.2992, 0.5766 -0.5734 0.2992, 0.5698 -0.5743 0.2992, 0.5512 -0.5697 0.2992, 0.5903 -0.561 0.2992, 0.5883 -0.5651 0.2992, 0.5868 -0.5409 0.2992, 0.5892 -0.5444 0.2992, 0.5854 -0.5686 0.2992, 0.5812 -0.5716 0.2992, 0.5771 -0.5732 0.2992, 0.5854 -0.5395 0.2992, 0.5763 -0.5349 0.2992, 0.5771 -0.5352 0.2992, 0.5812 -0.5367 0.2992, 0.5907 -0.5482 0.2992, 0.5914 -0.5537 0.2992, 0.5913 -0.5563 0.2992, 0.5349 -0.5562 0.2992, 0.5349 -0.5697 0.2992, 0.5457 -0.5562 0.2992, 0.5457 -0.5697 0.2992, 0.5492 -0.5562 0.2992, 0.5492 -0.5516 0.2992, 0.5457 -0.5516 0.2992, 0.5457 -0.5388 0.2992, 0.5349 -0.5516 0.2992, 0.5349 -0.5388 0.2992, 0.5297 -0.5342 0.2992, 0.5274 -0.5339 0.2992, 0.5297 -0.5743 0.2992, 0.5172 -0.5388 0.2992, 0.5123 -0.5382 0.2992, 0.52 -0.5684 0.2992, 0.5234 -0.5746 0.2992, 0.5217 -0.5406 0.2992, 0.5217 -0.5676 0.2992, 0.5212 -0.5403 0.2992, 0.52 -0.5399 0.2992, 0.5103 -0.5383 0.2992, 0.5068 -0.5391 0.2992, 0.5037 -0.5406 0.2992, 0.5013 -0.5427 0.2992, 0.5011 -0.5429 0.2992, 0.4991 -0.5457 0.2992, 0.4978 -0.5492 0.2992, 0.4971 -0.5547 0.2992, 0.4972 -0.5566 0.2992, 0.4979 -0.5605 0.2992, 0.5132 -0.5703 0.2992, 0.5178 -0.5694 0.2992, 0.5045 -0.5687 0.2992, 0.5073 -0.5698 0.2992, 0.5114 -0.5703 0.2992, 0.4993 -0.5637 0.2992, 0.5011 -0.5661 0.2992, 0.5019 -0.5669 0.2992, 0.5217 -0.5352 0.2992, 0.5234 -0.5339 0.2992, 0.52 -0.5347 0.2992, 0.52 -0.5339 0.2992, 0.5174 -0.534 0.2992, 0.5165 -0.5339 0.2992, 0.5071 -0.5746 0.2992, 0.5039 -0.5739 0.2992, 0.4911 -0.5746 0.2992, 0.5001 -0.5721 0.2992, 0.4969 -0.5695 0.2992, 0.4965 -0.5691 0.2992, 0.4941 -0.5657 0.2992, 0.4925 -0.5615 0.2992, 0.4911 -0.5339 0.2992, 0.4946 -0.5432 0.2992, 0.4975 -0.5394 0.2992, 0.4917 -0.555 0.2992, 0.4918 -0.5529 0.2992, 0.4927 -0.5477 0.2992, 0.4985 -0.5385 0.2992, 0.5022 -0.5359 0.2992, 0.5064 -0.5342 0.2992, 0.5082 -0.5748 0.2992, 0.4911 -0.5863 0.2992, 0.5106 -0.5749 0.2992, 0.52 -0.5863 0.2992, 0.5141 -0.5746 0.2992, 0.5217 -0.5726 0.2992, 0.521 -0.5729 0.2992, 0.52 -0.5746 0.2992, 0.52 -0.5733 0.2992, 0.5167 -0.5743 0.2992, 0.4905 -0.6332 0.2992, 0.4905 -0.6378 0.2992, 0.4911 -0.6381 0.2992, 0.469 -0.6378 0.2992, 0.4903 -0.6381 0.2992, 0.4903 -0.6378 0.2992, 0.469 -0.5977 0.2992, 0.4896 -0.5977 0.2992, 0.4896 -0.6023 0.2992, 0.4903 -0.5863 0.2992, 0.4903 -0.6332 0.2992, 0.4741 -0.6197 0.2992, 0.4741 -0.6332 0.2992, 0.4885 -0.6197 0.2992, 0.4885 -0.6151 0.2992, 0.4741 -0.6151 0.2992, 0.4741 -0.6023 0.2992, 0.4981 -0.6112 0.2992, 0.4981 -0.616 0.2992, 0.5183 -0.6194 0.2992, 0.5183 -0.6378 0.2992, 0.52 -0.6381 0.2992, 0.5133 -0.6378 0.2992, 0.4994 -0.6374 0.2992, 0.5014 -0.6381 0.2992, 0.5015 -0.6381 0.2992, 0.4962 -0.6341 0.2992, 0.4956 -0.6324 0.2992, 0.5092 -0.6128 0.2992, 0.5075 -0.6126 0.2992, 0.5048 -0.6208 0.2992, 0.4978 -0.6362 0.2992, 0.4972 -0.6356 0.2992, 0.4972 -0.6243 0.2992, 0.4986 -0.623 0.2992, 0.5007 -0.6218 0.2992, 0.5015 -0.6139 0.2992, 0.5047 -0.6129 0.2992, 0.4953 -0.6301 0.2992, 0.4955 -0.6278 0.2992, 0.4961 -0.6259 0.2992, 0.5133 -0.6333 0.2992, 0.5131 -0.6333 0.2992, 0.512 -0.635 0.2992, 0.5103 -0.6366 0.2992, 0.5113 -0.6089 0.2992, 0.5134 -0.6096 0.2992, 0.515 -0.6106 0.2992, 0.5133 -0.6196 0.2992, 0.5131 -0.6174 0.2992, 0.5126 -0.6156 0.2992, 0.512 -0.6146 0.2992, 0.5159 -0.6115 0.2992, 0.517 -0.613 0.2992, 0.5178 -0.6152 0.2992, 0.4991 -0.6106 0.2992, 0.5029 -0.6091 0.2992, 0.5079 -0.6085 0.2992, 0.5112 -0.6137 0.2992, 0.5103 -0.6132 0.2992, 0.5044 -0.6384 0.2992, 0.4911 -0.654 0.2992, 0.5071 -0.6381 0.2992, 0.52 -0.654 0.2992, 0.5072 -0.6381 0.2992, 0.5692 -0.6092 0.2992, 0.5744 -0.6092 0.2992, 0.5771 -0.5863 0.2992, 0.5925 -0.5863 0.2992, 0.5925 -0.5977 0.2992, 0.6052 -0.5863 0.2992, 0.6005 -0.5977 0.2992, 0.558 -0.6381 0.2992, 0.5582 -0.6377 0.2992, 0.547 -0.6092 0.2992, 0.5526 -0.6092 0.2992, 0.5601 -0.6307 0.2992, 0.5614 -0.6307 0.2992, 0.5607 -0.633 0.2992, 0.5608 -0.633 0.2992, 0.561 -0.632 0.2992, 0.5771 -0.654 0.2992, 0.5533 -0.651 0.2992, 0.5513 -0.6512 0.2992, 0.5502 -0.6512 0.2992, 0.5541 -0.6458 0.2992, 0.555 -0.6447 0.2992, 0.556 -0.6429 0.2992, 0.548 -0.6508 0.2992, 0.548 -0.6464 0.2992, 0.5491 -0.6467 0.2992, 0.5509 -0.6469 0.2992, 0.563 -0.6381 0.2992, 0.5615 -0.6421 0.2992, 0.5592 -0.6465 0.2992, 0.5574 -0.6487 0.2992, 0.557 -0.649 0.2992, 0.5553 -0.6502 0.2992, 0.5522 -0.6468 0.2992, 0.5532 -0.6463 0.2992, 0.6052 -0.654 0.2992, 0.5925 -0.7874 0.2992, 0.5925 -0.654 0.2992, 0.5771 -0.7874 0.2992, 0.5457 -0.7874 0.2992, 0.5274 -0.7874 0.2992, 0.5234 -0.7874 0.2992, 0.5234 -0.654 0.2992, 0.52 -0.7874 0.2992, 0.4911 -0.7874 0.2992, 0.4903 -0.7874 0.2992, 0.4903 -0.654 0.2992, 0.5091 -0.6373 0.2992, 0.7336 -0.6381 0.2992, 0.6426 -0.6381 0.2992, 0.6089 -0.6378 0.2992, 0.6404 -0.6245 0.2992, 0.6385 -0.6286 0.2992, 0.6355 -0.6322 0.2992, 0.6394 -0.6079 0.2992, 0.6409 -0.6117 0.2992, 0.6426 -0.5863 0.2992, 0.6415 -0.6172 0.2992, 0.6414 -0.6198 0.2992, 0.6313 -0.6352 0.2992, 0.6268 -0.6369 0.2992, 0.6199 -0.6378 0.2992, 0.6089 -0.5977 0.2992, 0.6204 -0.5977 0.2992, 0.6265 -0.5984 0.2992, 0.6313 -0.6002 0.2992, 0.6355 -0.603 0.2992, 0.6369 -0.6044 0.2992, 0.6495 -0.6378 0.2992, 0.6438 -0.6378 0.2992, 0.6741 -0.6378 0.2992, 0.67 -0.6268 0.2992, 0.6533 -0.6268 0.2992, 0.659 -0.5977 0.2992, 0.6645 -0.5977 0.2992, 0.4903 -0.5746 0.2992, 0.5274 -0.5746 0.2992, 0.4901 -0.5697 0.2992, 0.4901 -0.5743 0.2992, 0.469 -0.5743 0.2992, 0.4741 -0.5342 0.2992, 0.4903 -0.5339 0.2992, 0.469 -0.5342 0.2992, 0.4741 -0.5697 0.2992, 0.5457 -0.5743 0.2992, 0.6798 -0.6378 0.2992, 0.7336 -0.5863 0.2992, 0.7336 -0.5746 0.2992, 0.7336 -0.5339 0.2992, 0.7874 -0.6381 0.2992, 0.7874 -0.5863 0.2992, 0.7874 -0.5746 0.2992, 0.7874 -0.5339 0.2992, -0.7874 -0.654 0.2992, -0.7874 -0.6381 0.2992, -0.7874 -0.5863 0.2992, -0.7874 -0.5746 0.2992, -0.7874 -0.5339 0.2992, -0.7874 0.0191 0.2992, 0.5094 -0.5339 0.2992, 0.4911 0.0191 0.2992, 0.4903 0.0191 0.2992, 0.7874 0.0191 0.2992, 0.7336 0.0191 0.2992, 0.6426 0.0191 0.2992, 0.6052 0.0191 0.2992, 0.5925 0.0191 0.2992, 0.5771 0.0191 0.2992, 0.5457 0.0191 0.2992, 0.5274 0.0191 0.2992, 0.5234 0.0191 0.2992, 0.52 0.0191 0.2992, 0.5122 -0.5335 0.2992, -0.7874 0.7874 0.2992, -0.7194 0.6618 0.2992, -0.7115 0.681 0.2992, -0.5865 0.6974 0.2992, -0.5738 0.681 0.2992, -0.1543 0.7874 0.2992, -0.5659 0.6618 0.2992, -0.5632 0.6412 0.2992, -0.5659 0.6207 0.2992, -0.5738 0.6015 0.2992, -0.5865 0.5851 0.2992, -0.6632 0.5645 0.2992, -0.6824 0.5724 0.2992, -0.7194 0.6207 0.2992, -0.7221 0.6412 0.2992, -0.6988 0.5851 0.2992, -0.7115 0.6015 0.2992, -0.6988 0.6974 0.2992, -0.6824 0.7101 0.2992, -0.6632 0.718 0.2992, -0.6029 0.5724 0.2992, -0.6221 0.5645 0.2992, -0.6427 0.5618 0.2992, -0.6427 0.7207 0.2992, -0.6221 0.718 0.2992, -0.6029 0.7101 0.2992, 0.7874 0.7874 0.2992, 0.7336 0.7874 0.2992, 0.6426 0.7874 0.2992, 0.6052 0.7874 0.2992, 0.5925 0.7874 0.2992, 0.5771 0.7874 0.2992, 0.5457 0.7874 0.2992, 0.5274 0.7874 0.2992, 0.5234 0.7874 0.2992, 0.52 0.7874 0.2992, 0.4911 0.7874 0.2992, 0.4903 0.7874 0.2992, 0.4526 0.7874 0.2992, 0.7874 0.2461 0.0787, 0.7874 0.2461 0.0118, 0.7874 0.3445 0.0118, 0.7874 -0.7874 0.0118, 0.7874 -0.6398 0.0118, 0.7874 -0.6398 0.0787, 0.7874 -0.5413 0.0787, 0.7874 0.4429 0.0118, 0.7874 0.5413 0.0118, 0.7874 0.4429 0.0787, 0.7874 0.5413 0.0787, 0.7874 -0.5413 0.0118, 0.7874 -0.4429 0.0118, 0.7874 -0.4429 0.0787, 0.7874 -0.3445 0.0787, 0.7874 -0.3445 0.0118, 0.7874 -0.2461 0.0118, 0.7874 -0.2461 0.0787, 0.7874 -0.1476 0.0787, 0.7874 -0.1476 0.0118, 0.7874 -0.0492 0.0118, 0.7874 -0.0492 0.0787, 0.7874 0.0492 0.0787, 0.7874 0.3445 0.0787, 0.7874 0.1476 0.0787, 0.7874 0.1476 0.0118, 0.7874 0.0492 0.0118, 0.7874 0.6398 0.0118, 0.7874 0.7874 0.0118, 0.7874 0.6398 0.0787, -0.3445 -0.7874 0.0787, -0.3445 -0.7874 0.0118, -0.2461 -0.7874 0.0118, 0.0492 -0.7874 0.0787, 0.0492 -0.7874 0.0118, 0.1476 -0.7874 0.0118, 0.1476 -0.7874 0.0787, 0.2461 -0.7874 0.0787, -0.7874 -0.7874 0.0118, -0.6398 -0.7874 0.0118, -0.6398 -0.7874 0.0787, -0.5413 -0.7874 0.0787, -0.1476 -0.7874 0.0118, -0.0492 -0.7874 0.0118, -0.1476 -0.7874 0.0787, -0.0492 -0.7874 0.0787, 0.4429 -0.7874 0.0787, 0.3445 -0.7874 0.0787, 0.3445 -0.7874 0.0118, 0.2461 -0.7874 0.0118, -0.2461 -0.7874 0.0787, -0.4429 -0.7874 0.0787, -0.4429 -0.7874 0.0118, -0.5413 -0.7874 0.0118, 0.6398 -0.7874 0.0118, 0.6398 -0.7874 0.0787, 0.5413 -0.7874 0.0787, 0.5413 -0.7874 0.0118, 0.4429 -0.7874 0.0118, -0.7874 0.3445 0.0787, -0.7874 0.3445 0.0118, -0.7874 0.2461 0.0118, -0.7874 0.1476 0.0787, -0.7874 0.2461 0.0787, -0.7874 0.7874 0.0118, -0.7874 0.6398 0.0118, -0.7874 0.6398 0.0787, -0.7874 0.5413 0.0787, -0.7874 -0.0492 0.0787, -0.7874 0.0492 0.0787, -0.7874 0.0492 0.0118, -0.7874 0.1476 0.0118, -0.7874 0.5413 0.0118, -0.7874 0.4429 0.0118, -0.7874 0.4429 0.0787, -0.7874 -0.2461 0.0787, -0.7874 -0.2461 0.0118, -0.7874 -0.3445 0.0118, -0.7874 -0.3445 0.0787, -0.7874 -0.4429 0.0787, -0.7874 -0.1476 0.0787, -0.7874 -0.1476 0.0118, -0.7874 -0.0492 0.0118, -0.7874 -0.6398 0.0118, -0.7874 -0.6398 0.0787, -0.7874 -0.5413 0.0787, -0.7874 -0.5413 0.0118, -0.7874 -0.4429 0.0118, -0.2461 0.7874 0.0787, -0.2461 0.7874 0.0118, -0.3445 0.7874 0.0118, 0.1476 0.7874 0.0787, 0.1476 0.7874 0.0118, 0.0492 0.7874 0.0118, -0.3445 0.7874 0.0787, -0.4429 0.7874 0.0787, 0.6398 0.7874 0.0118, 0.6398 0.7874 0.0787, 0.5413 0.7874 0.0787, -0.0492 0.7874 0.0118, -0.1476 0.7874 0.0118, -0.0492 0.7874 0.0787, -0.1476 0.7874 0.0787, -0.6398 0.7874 0.0118, -0.6398 0.7874 0.0787, -0.5413 0.7874 0.0787, -0.5413 0.7874 0.0118, -0.4429 0.7874 0.0118, 0.5413 0.7874 0.0118, 0.4429 0.7874 0.0118, 0.4429 0.7874 0.0787, 0.3445 0.7874 0.0787, 0.0492 0.7874 0.0787, 0.2461 0.7874 0.0787, 0.2461 0.7874 0.0118, 0.3445 0.7874 0.0118, 0.0225 0.6346 0.0118, 0.0314 0.6402 0.0118, -0.6346 0.2193 0.0118, -0.6311 0.3812 0.0118, -0.6299 0.3917 0.0118, -0.4251 0.6402 0.0118, -0.6299 0.3957 0.0118, -0.6311 0.4062 0.0118, -0.4417 0.6667 0.0118, -0.4382 0.6567 0.0118, -0.6567 0.4382 0.0118, -0.4326 0.6477 0.0118, -0.6567 0.2414 0.0118, -0.6402 0.3623 0.0118, -0.6346 0.3712 0.0118, -0.5781 0.6508 0.0118, -0.5681 0.6543 0.0118, -0.6543 0.613 0.0118, 0.1523 0.6567 0.0118, 0.1579 0.6477 0.0118, 0.6764 -0.546 0.0118, 0.1654 0.6402 0.0118, 0.1744 0.6346 0.0118, 0.1844 0.6311 0.0118, -0.3917 0.6299 0.0118, -0.3812 0.6311 0.0118, 0.6346 0.4162 0.0118, 0.4162 0.6346 0.0118, 0.4251 0.6402 0.0118, -0.6772 0.4429 0.0118, -0.5413 0.6969 0.0118, -0.4429 0.6772 0.0118, -0.5425 0.6863 0.0118, -0.546 0.6764 0.0118, -0.5516 0.6674 0.0118, -0.5591 0.6599 0.0118, -0.6398 0.6969 0.0118, -0.6764 0.6351 0.0118, 0.1488 0.6667 0.0118, 0.1476 0.6772 0.0118, 0.1949 0.6299 0.0118, 0.1988 0.6299 0.0118, 0.2093 0.6311 0.0118, 0.6311 -0.1844 0.0118, 0.6299 -0.1949 0.0118, 0.6567 -0.4382 0.0118, 0.6667 -0.4417 0.0118, -0.6311 0.2093 0.0118, -0.6402 0.2283 0.0118, -0.6477 0.2358 0.0118, -0.4062 0.6311 0.0118, 0.6969 -0.6398 0.0118, 0.6863 -0.6386 0.0118, 0.6969 0.5413 0.0118, 0.6772 0.4429 0.0118, 0.6863 0.5425 0.0118, 0.6667 0.4417 0.0118, 0.6764 0.546 0.0118, 0.6567 0.4382 0.0118, 0.6311 0.4062 0.0118, 0.6299 0.3957 0.0118, 0.6299 0.3917 0.0118, 0.4429 0.6772 0.0118, -0.6346 0.4162 0.0118, -0.6402 0.4251 0.0118, -0.6477 0.4326 0.0118, -0.6674 0.5516 0.0118, -0.6764 0.546 0.0118, -0.6667 0.4417 0.0118, -0.6863 0.5425 0.0118, -0.6969 0.5413 0.0118, -0.6599 0.5591 0.0118, -0.6543 0.5681 0.0118, -0.6508 0.5781 0.0118, -0.613 0.6543 0.0118, -0.603 0.6508 0.0118, 0.0389 0.6477 0.0118, 0.0445 0.6567 0.0118, 0.048 0.6667 0.0118, 0.0492 0.6772 0.0118, -0.3957 0.6299 0.0118, -0.6311 0.0125 0.0118, -0.6346 0.0225 0.0118, 0.6543 -0.5681 0.0118, -0.6402 0.0314 0.0118, -0.6772 -0.1476 0.0118, 0.5413 0.6969 0.0118, 0.5425 0.6863 0.0118, 0.4417 0.6667 0.0118, 0.546 0.6764 0.0118, 0.4382 0.6567 0.0118, 0.6599 0.5591 0.0118, 0.6674 0.5516 0.0118, -0.6969 0.6398 0.0118, -0.6863 0.6386 0.0118, 0.6311 0.0125 0.0118, 0.6299 0.002 0.0118, 0.6477 -0.0389 0.0118, 0.6567 -0.0445 0.0118, 0.6346 -0.3712 0.0118, 0.6311 -0.3812 0.0118, 0.6299 -0.3917 0.0118, 0.6299 -0.3957 0.0118, 0.6477 -0.4326 0.0118, 0.2461 0.6772 0.0118, 0.3445 0.6772 0.0118, 0.2449 0.6667 0.0118, 0.3457 0.6667 0.0118, 0.3492 0.6567 0.0118, -0.6667 0.1488 0.0118, -0.6567 0.1523 0.0118, -0.6567 0.0445 0.0118, -0.6477 0.0389 0.0118, -0.4162 0.6346 0.0118, 0.613 -0.6543 0.0118, 0.603 -0.6508 0.0118, 0.6543 -0.613 0.0118, 0.5925 -0.6496 0.0118, 0.5886 -0.6496 0.0118, 0.6311 0.3812 0.0118, 0.6346 0.3712 0.0118, 0.6567 0.2414 0.0118, 0.6402 0.3623 0.0118, 0.6477 0.3548 0.0118, 0.5781 0.6508 0.0118, 0.5886 0.6496 0.0118, 0.6543 0.613 0.0118, 0.5925 0.6496 0.0118, 0.6969 0.6398 0.0118, 0.6863 0.6386 0.0118, 0.6398 0.6969 0.0118, 0.6764 0.6351 0.0118, 0.6386 0.6863 0.0118, 0.6351 0.6764 0.0118, 0.6311 0.2093 0.0118, 0.6299 0.1988 0.0118, 0.6772 -0.4429 0.0118, 0.6969 -0.5413 0.0118, 0.6863 -0.5425 0.0118, -0.6772 0.0492 0.0118, -0.0314 0.6402 0.0118, -0.0225 0.6346 0.0118, -0.0125 0.6311 0.0118, -0.002 0.6299 0.0118, -0.6311 -0.0125 0.0118, -0.6299 -0.002 0.0118, -0.6299 0.002 0.0118, -0.4162 -0.6346 0.0118, -0.4251 -0.6402 0.0118, -0.546 -0.6764 0.0118, -0.4326 -0.6477 0.0118, 0.6398 -0.6969 0.0118, 0.6386 -0.6863 0.0118, 0.6764 -0.6351 0.0118, 0.6351 -0.6764 0.0118, 0.6295 -0.6674 0.0118, 0.4326 0.6477 0.0118, 0.6477 0.4326 0.0118, 0.6402 0.4251 0.0118, 0.6772 0.3445 0.0118, 0.603 0.6508 0.0118, 0.613 0.6543 0.0118, 0.622 0.6599 0.0118, 0.5516 0.6674 0.0118, 0.5591 0.6599 0.0118, 0.5681 0.6543 0.0118, 0.6496 0.5886 0.0118, 0.6508 0.5781 0.0118, 0.6543 0.5681 0.0118, -0.6496 0.5886 0.0118, -0.6496 0.5925 0.0118, -0.6508 0.603 0.0118, -0.6386 0.6863 0.0118, -0.6351 0.6764 0.0118, -0.6295 0.6674 0.0118, -0.5925 0.6496 0.0118, -0.5886 0.6496 0.0118, 0.6346 0.2193 0.0118, 0.2193 0.6346 0.0118, 0.2283 0.6402 0.0118, 0.6477 0.1579 0.0118, 0.6567 0.1523 0.0118, 0.6402 -0.0314 0.0118, 0.6402 -0.2283 0.0118, 0.6477 -0.2358 0.0118, 0.6567 -0.2414 0.0118, 0.6402 -0.3623 0.0118, 0.6311 -0.4062 0.0118, 0.6346 -0.4162 0.0118, 0.6402 -0.4251 0.0118, -0.6667 0.048 0.0118, -0.6772 0.1476 0.0118, -0.6477 0.1579 0.0118, -0.6402 0.1654 0.0118, 0.6599 -0.5591 0.0118, -0.6346 0.1744 0.0118, 0.6674 -0.5516 0.0118, -0.6772 0.2461 0.0118, -0.1744 0.6346 0.0118, -0.1654 0.6402 0.0118, -0.0389 0.6477 0.0118, -0.0445 0.6567 0.0118, 0.002 0.6299 0.0118, 0.0125 0.6311 0.0118, -0.6772 -0.0492 0.0118, 0.546 -0.6764 0.0118, -0.6667 -0.048 0.0118, -0.6567 -0.0445 0.0118, 0.6567 0.3492 0.0118, 0.6667 0.3457 0.0118, 0.6667 0.2449 0.0118, 0.6772 0.2461 0.0118, 0.2358 0.6477 0.0118, 0.6477 0.2358 0.0118, 0.6402 0.1654 0.0118, 0.6299 -0.002 0.0118, 0.6311 -0.0125 0.0118, 0.6346 -0.0225 0.0118, 0.6299 -0.1988 0.0118, 0.6311 -0.2093 0.0118, 0.6346 -0.2193 0.0118, -0.6311 0.1844 0.0118, -0.6299 0.1949 0.0118, -0.6299 0.1988 0.0118, -0.6772 0.3445 0.0118, -0.6667 0.3457 0.0118, -0.6667 0.2449 0.0118, -0.6567 0.3492 0.0118, -0.6477 0.3548 0.0118, -0.3712 0.6346 0.0118, -0.2414 0.6567 0.0118, -0.3623 0.6402 0.0118, -0.3548 0.6477 0.0118, -0.2358 0.6477 0.0118, -0.2283 0.6402 0.0118, 0.5781 -0.6508 0.0118, 0.5681 -0.6543 0.0118, -0.6346 -0.0225 0.0118, 0.6508 -0.5781 0.0118, 0.6496 -0.5886 0.0118, -0.4429 -0.6772 0.0118, 0.5413 -0.6969 0.0118, 0.4429 -0.6772 0.0118, 0.5425 -0.6863 0.0118, 0.4417 -0.6667 0.0118, 0.4382 -0.6567 0.0118, 0.4326 -0.6477 0.0118, -0.6346 -0.1744 0.0118, -0.6402 -0.1654 0.0118, -0.6477 -0.1579 0.0118, -0.6567 -0.1523 0.0118, -0.6667 -0.1488 0.0118, -0.6674 -0.5516 0.0118, -0.6764 -0.546 0.0118, -0.6311 -0.4062 0.0118, 0.6508 0.603 0.0118, 0.6496 0.5925 0.0118, 0.6299 0.1949 0.0118, 0.6311 0.1844 0.0118, 0.6346 0.1744 0.0118, 0.6477 -0.1579 0.0118, 0.6402 -0.1654 0.0118, 0.6346 -0.1744 0.0118, -0.3445 0.6772 0.0118, -0.2193 0.6346 0.0118, -0.2093 0.6311 0.0118, -0.1988 0.6299 0.0118, -0.048 0.6667 0.0118, -0.1579 0.6477 0.0118, -0.1523 0.6567 0.0118, -0.6477 -0.0389 0.0118, -0.6402 -0.0314 0.0118, 0.5516 -0.6674 0.0118, 0.5591 -0.6599 0.0118, 0.6496 -0.5925 0.0118, 0.6508 -0.603 0.0118, -0.4382 -0.6567 0.0118, -0.4417 -0.6667 0.0118, -0.5425 -0.6863 0.0118, -0.5413 -0.6969 0.0118, -0.6969 -0.6398 0.0118, -0.6863 -0.6386 0.0118, -0.6398 -0.6969 0.0118, -0.6764 -0.6351 0.0118, -0.6386 -0.6863 0.0118, -0.6351 -0.6764 0.0118, 0.622 -0.6599 0.0118, 0.6599 -0.622 0.0118, 0.6674 -0.6295 0.0118, 0.6295 0.6674 0.0118, 0.6674 0.6295 0.0118, 0.6599 0.622 0.0118, -0.622 0.6599 0.0118, -0.6599 0.622 0.0118, -0.6674 0.6295 0.0118, 0.6402 0.2283 0.0118, 0.3548 0.6477 0.0118, 0.3623 0.6402 0.0118, 0.2414 0.6567 0.0118, 0.3712 0.6346 0.0118, 0.6772 -0.0492 0.0118, 0.6772 -0.1476 0.0118, 0.6667 -0.048 0.0118, 0.6667 -0.1488 0.0118, 0.6567 -0.1523 0.0118, 0.6772 -0.2461 0.0118, -0.3492 0.6567 0.0118, -0.3457 0.6667 0.0118, -0.2449 0.6667 0.0118, -0.2461 0.6772 0.0118, -0.1949 0.6299 0.0118, -0.1844 0.6311 0.0118, 0.2449 -0.6667 0.0118, 0.2414 -0.6567 0.0118, 0.3492 -0.6567 0.0118, 0.2358 -0.6477 0.0118, 0.2283 -0.6402 0.0118, -0.4062 -0.6311 0.0118, -0.5516 -0.6674 0.0118, -0.5591 -0.6599 0.0118, -0.5681 -0.6543 0.0118, -0.5781 -0.6508 0.0118, -0.6543 -0.613 0.0118, -0.5886 -0.6496 0.0118, -0.5925 -0.6496 0.0118, -0.603 -0.6508 0.0118, -0.613 -0.6543 0.0118, -0.622 -0.6599 0.0118, -0.6402 -0.2283 0.0118, -0.6346 -0.2193 0.0118, -0.6567 -0.3492 0.0118, 0.3812 0.6311 0.0118, 0.3917 0.6299 0.0118, 0.6772 0.1476 0.0118, 0.6667 0.048 0.0118, 0.6567 0.0445 0.0118, 0.6477 0.0389 0.0118, 0.6772 -0.3445 0.0118, 0.6667 -0.3457 0.0118, 0.6667 -0.2449 0.0118, 0.6567 -0.3492 0.0118, 0.6477 -0.3548 0.0118, -0.1476 0.6772 0.0118, 0.3957 -0.6299 0.0118, 0.3917 -0.6299 0.0118, 0.3812 -0.6311 0.0118, 0.3712 -0.6346 0.0118, 0.3623 -0.6402 0.0118, 0.3548 -0.6477 0.0118, -0.6299 -0.1949 0.0118, -0.6311 -0.1844 0.0118, 0.3957 0.6299 0.0118, 0.4062 0.6311 0.0118, 0.6667 0.1488 0.0118, 0.6772 0.0492 0.0118, 0.6402 0.0314 0.0118, 0.6346 0.0225 0.0118, -0.1488 0.6667 0.0118, -0.0492 0.6772 0.0118, 0.4251 -0.6402 0.0118, 0.4162 -0.6346 0.0118, 0.4062 -0.6311 0.0118, -0.2093 -0.6311 0.0118, -0.2193 -0.6346 0.0118, -0.6508 -0.603 0.0118, -0.6496 -0.5925 0.0118, -0.6496 -0.5886 0.0118, -0.6299 -0.1988 0.0118, -0.6969 -0.5413 0.0118, -0.6772 -0.4429 0.0118, -0.6863 -0.5425 0.0118, -0.6667 -0.4417 0.0118, -0.6567 -0.4382 0.0118, -0.6477 -0.4326 0.0118, -0.6402 -0.4251 0.0118, -0.6346 -0.4162 0.0118, 0.1744 -0.6346 0.0118, 0.0314 -0.6402 0.0118, 0.1844 -0.6311 0.0118, 0.1949 -0.6299 0.0118, 0.1654 -0.6402 0.0118, 0.1579 -0.6477 0.0118, 0.0389 -0.6477 0.0118, 0.2193 -0.6346 0.0118, 0.2093 -0.6311 0.0118, 0.1988 -0.6299 0.0118, -0.1988 -0.6299 0.0118, -0.3457 -0.6667 0.0118, -0.3492 -0.6567 0.0118, -0.2414 -0.6567 0.0118, -0.3548 -0.6477 0.0118, -0.3623 -0.6402 0.0118, -0.3812 -0.6311 0.0118, -0.3917 -0.6299 0.0118, -0.6295 -0.6674 0.0118, -0.6674 -0.6295 0.0118, -0.6599 -0.622 0.0118, -0.6346 -0.3712 0.0118, -0.6402 -0.3623 0.0118, -0.6477 -0.3548 0.0118, 0.3445 -0.6772 0.0118, 0.1523 -0.6567 0.0118, 0.048 -0.6667 0.0118, 0.0445 -0.6567 0.0118, -0.0225 -0.6346 0.0118, -0.1654 -0.6402 0.0118, -0.0125 -0.6311 0.0118, -0.002 -0.6299 0.0118, -0.0445 -0.6567 0.0118, -0.1488 -0.6667 0.0118, -0.0389 -0.6477 0.0118, -0.1523 -0.6567 0.0118, -0.2283 -0.6402 0.0118, -0.2358 -0.6477 0.0118, -0.3712 -0.6346 0.0118, -0.3957 -0.6299 0.0118, -0.6299 -0.3957 0.0118, 0.3457 -0.6667 0.0118, 0.2461 -0.6772 0.0118, -0.0314 -0.6402 0.0118, -0.1579 -0.6477 0.0118, 0.0225 -0.6346 0.0118, 0.0125 -0.6311 0.0118, 0.002 -0.6299 0.0118, -0.1744 -0.6346 0.0118, -0.1844 -0.6311 0.0118, -0.1949 -0.6299 0.0118, -0.6299 -0.3917 0.0118, -0.6311 -0.3812 0.0118, -0.6311 -0.2093 0.0118, -0.6508 -0.5781 0.0118, -0.6543 -0.5681 0.0118, -0.6599 -0.5591 0.0118, -0.6772 -0.3445 0.0118, 0.1476 -0.6772 0.0118, -0.0492 -0.6772 0.0118, -0.2461 -0.6772 0.0118, -0.6772 -0.2461 0.0118, -0.6667 -0.2449 0.0118, -0.6667 -0.3457 0.0118, -0.6567 -0.2414 0.0118, -0.6477 -0.2358 0.0118, 0.1488 -0.6667 0.0118, 0.0492 -0.6772 0.0118, -0.048 -0.6667 0.0118, -0.1476 -0.6772 0.0118, -0.2449 -0.6667 0.0118, -0.3445 -0.6772 0.0118
            ]
        }
        coordIndex [
            0,1,2,-1,3,0,4,-1,5,3,6,-1,7,8,9,-1,10,11,12,-1,13,14,15,-1,15,14,16,-1,17,18,15,-1,15,18,19,-1,15,19,20,-1,20,21,15,-1,15,21,22,-1,15,22,13,-1,23,24,25,-1,23,25,26,-1,26,25,27,-1,27,25,28,-1,27,28,29,-1,29,28,30,-1,29,30,31,-1,32,33,30,-1,30,33,34,-1,30,34,35,-1,30,36,31,-1,31,36,37,-1,31,37,38,-1,38,37,39,-1,38,39,40,-1,35,41,30,-1,30,41,42,-1,30,42,36,-1,43,44,45,-1,43,45,46,-1,44,47,45,-1,45,47,48,-1,45,48,49,-1,49,48,50,-1,50,51,49,-1,49,51,52,-1,49,52,32,-1,32,52,53,-1,32,53,33,-1,54,46,55,-1,55,46,45,-1,55,45,56,-1,56,45,57,-1,58,59,60,-1,59,61,60,-1,60,61,62,-1,60,62,8,-1,8,62,63,-1,8,63,9,-1,9,63,64,-1,9,64,45,-1,45,64,65,-1,45,65,57,-1,66,67,68,-1,67,69,68,-1,68,69,70,-1,68,70,71,-1,72,73,74,-1,75,76,77,-1,78,79,80,-1,80,79,81,-1,75,77,82,-1,83,84,79,-1,79,84,85,-1,79,85,86,-1,73,87,88,-1,88,87,89,-1,88,89,90,-1,76,91,77,-1,77,91,92,-1,77,92,93,-1,94,95,96,-1,96,95,97,-1,96,97,98,-1,99,86,100,-1,100,86,101,-1,100,101,96,-1,96,101,102,-1,96,102,94,-1,99,103,86,-1,86,103,104,-1,86,104,79,-1,79,104,105,-1,79,105,81,-1,90,106,88,-1,88,106,107,-1,88,107,108,-1,109,110,111,-1,111,110,112,-1,111,112,77,-1,77,112,113,-1,77,113,82,-1,114,115,77,-1,77,115,116,-1,77,116,79,-1,79,116,117,-1,79,117,83,-1,118,119,66,-1,119,120,66,-1,66,120,121,-1,66,121,122,-1,122,123,66,-1,66,123,124,-1,66,124,125,-1,125,124,109,-1,125,109,126,-1,126,109,111,-1,93,127,77,-1,77,127,128,-1,77,128,129,-1,129,130,77,-1,77,130,131,-1,77,131,114,-1,132,133,134,-1,134,86,132,-1,132,86,85,-1,132,85,135,-1,135,85,136,-1,136,137,135,-1,135,137,138,-1,135,138,139,-1,140,141,142,-1,141,143,142,-1,142,143,144,-1,142,144,145,-1,146,142,147,-1,133,132,146,-1,146,132,148,-1,146,148,142,-1,142,148,149,-1,142,149,140,-1,147,150,146,-1,146,150,151,-1,146,151,152,-1,145,144,153,-1,153,144,154,-1,153,154,155,-1,155,154,156,-1,155,156,157,-1,158,159,152,-1,152,159,160,-1,152,160,146,-1,14,161,16,-1,16,161,162,-1,16,162,74,-1,74,162,163,-1,74,163,72,-1,164,165,166,-1,166,165,167,-1,168,169,170,-1,170,169,171,-1,170,171,172,-1,172,171,164,-1,172,164,173,-1,174,175,176,-1,176,175,177,-1,176,177,178,-1,165,179,167,-1,167,179,180,-1,167,180,181,-1,181,180,182,-1,183,184,185,-1,186,187,188,-1,187,189,188,-1,188,189,190,-1,188,190,191,-1,191,190,192,-1,183,185,188,-1,188,185,193,-1,188,193,186,-1,194,195,196,-1,196,195,197,-1,196,197,198,-1,198,197,199,-1,200,201,11,-1,11,201,202,-1,11,202,12,-1,203,204,12,-1,205,206,207,-1,192,208,191,-1,191,208,209,-1,191,209,207,-1,207,209,210,-1,207,210,205,-1,211,212,12,-1,12,212,213,-1,206,214,207,-1,207,214,215,-1,207,215,216,-1,216,215,217,-1,216,217,203,-1,218,219,204,-1,204,219,220,-1,204,220,12,-1,12,220,221,-1,12,221,211,-1,213,222,12,-1,12,222,223,-1,12,223,10,-1,224,225,226,-1,226,225,227,-1,226,227,228,-1,226,229,224,-1,224,229,230,-1,224,230,231,-1,231,232,224,-1,224,232,233,-1,224,233,234,-1,234,233,235,-1,234,235,236,-1,236,235,237,-1,236,237,204,-1,204,237,238,-1,204,238,218,-1,239,240,228,-1,228,240,241,-1,228,241,226,-1,242,243,184,-1,184,243,244,-1,184,244,185,-1,242,245,243,-1,243,245,246,-1,243,246,247,-1,247,246,248,-1,247,249,250,-1,248,251,247,-1,247,251,252,-1,247,252,253,-1,253,254,247,-1,247,254,255,-1,247,255,249,-1,250,256,247,-1,247,256,257,-1,247,257,258,-1,259,260,261,-1,262,263,261,-1,261,263,264,-1,261,264,259,-1,260,259,265,-1,265,259,266,-1,265,266,267,-1,263,268,264,-1,264,268,269,-1,264,269,270,-1,270,269,271,-1,270,271,272,-1,272,271,273,-1,272,273,267,-1,267,273,274,-1,267,274,265,-1,275,276,277,-1,277,276,278,-1,279,280,276,-1,276,280,281,-1,276,281,278,-1,278,281,282,-1,283,284,285,-1,286,287,284,-1,284,287,275,-1,284,275,285,-1,285,275,288,-1,289,290,270,-1,291,292,272,-1,290,293,270,-1,270,293,294,-1,270,294,284,-1,284,294,295,-1,284,295,286,-1,291,272,296,-1,279,297,280,-1,280,297,298,-1,280,298,272,-1,272,298,299,-1,272,299,296,-1,292,300,272,-1,272,300,301,-1,272,301,270,-1,270,301,302,-1,270,302,289,-1,303,304,305,-1,305,304,306,-1,305,306,307,-1,306,288,307,-1,307,288,275,-1,307,275,308,-1,308,275,277,-1,308,277,309,-1,309,277,310,-1,309,310,311,-1,311,310,312,-1,282,281,313,-1,313,281,314,-1,313,314,315,-1,316,317,318,-1,319,320,321,-1,321,320,322,-1,321,322,318,-1,318,322,323,-1,318,323,316,-1,317,324,318,-1,318,324,325,-1,318,325,326,-1,326,327,318,-1,318,327,328,-1,318,328,329,-1,329,330,318,-1,318,330,331,-1,318,331,332,-1,333,334,332,-1,332,334,335,-1,332,335,318,-1,336,337,338,-1,333,339,334,-1,334,339,340,-1,334,340,338,-1,338,340,341,-1,338,341,336,-1,342,343,344,-1,344,343,345,-1,344,345,346,-1,346,345,347,-1,348,349,350,-1,350,349,351,-1,350,351,352,-1,352,353,350,-1,350,353,354,-1,350,354,355,-1,356,357,358,-1,359,360,356,-1,356,360,361,-1,356,361,357,-1,358,362,356,-1,356,362,363,-1,356,363,364,-1,365,366,367,-1,367,366,368,-1,367,368,369,-1,321,370,319,-1,319,370,371,-1,319,371,372,-1,372,371,373,-1,372,373,374,-1,375,376,377,-1,378,88,379,-1,377,376,379,-1,379,376,380,-1,379,380,378,-1,73,88,74,-1,74,88,378,-1,74,378,381,-1,382,383,384,-1,384,383,385,-1,384,385,366,-1,386,387,388,-1,388,387,385,-1,388,385,389,-1,389,385,383,-1,389,383,390,-1,390,383,391,-1,385,375,366,-1,366,375,377,-1,366,377,392,-1,392,377,393,-1,394,395,396,-1,396,395,397,-1,398,377,399,-1,399,377,400,-1,377,401,402,-1,403,404,405,-1,398,406,377,-1,377,406,407,-1,377,407,401,-1,408,409,393,-1,393,409,410,-1,393,410,411,-1,411,410,405,-1,411,405,412,-1,412,405,404,-1,402,413,377,-1,377,413,414,-1,377,414,393,-1,393,414,415,-1,393,415,408,-1,416,417,397,-1,397,417,418,-1,397,418,419,-1,420,421,368,-1,368,421,422,-1,423,424,405,-1,405,424,425,-1,405,425,426,-1,422,427,368,-1,368,427,428,-1,368,428,429,-1,392,430,366,-1,366,430,431,-1,366,431,368,-1,368,431,432,-1,368,432,420,-1,426,433,405,-1,405,433,434,-1,405,434,403,-1,435,436,437,-1,437,436,438,-1,437,438,439,-1,440,441,442,-1,441,181,442,-1,442,181,182,-1,442,182,443,-1,443,182,444,-1,443,444,445,-1,445,444,446,-1,445,446,178,-1,447,448,12,-1,12,448,449,-1,203,12,216,-1,216,12,449,-1,216,449,442,-1,442,449,450,-1,442,450,440,-1,440,450,451,-1,440,451,452,-1,453,454,451,-1,451,454,455,-1,451,455,452,-1,456,457,202,-1,202,457,458,-1,202,458,459,-1,460,461,12,-1,12,461,462,-1,12,462,447,-1,459,463,202,-1,202,463,464,-1,202,464,12,-1,12,464,465,-1,12,465,466,-1,467,468,456,-1,456,468,469,-1,456,469,470,-1,470,471,456,-1,456,471,472,-1,456,472,457,-1,466,473,12,-1,12,473,474,-1,12,474,460,-1,5,475,476,-1,476,475,477,-1,476,477,478,-1,478,477,456,-1,478,456,479,-1,479,456,202,-1,479,202,480,-1,480,202,201,-1,480,201,481,-1,481,201,482,-1,481,482,483,-1,483,482,438,-1,483,438,484,-1,484,438,436,-1,484,436,485,-1,485,436,486,-1,485,486,60,-1,60,486,68,-1,60,68,58,-1,58,68,71,-1,435,400,436,-1,436,400,377,-1,436,377,486,-1,486,377,379,-1,486,379,68,-1,68,379,88,-1,68,88,66,-1,66,88,108,-1,66,108,118,-1,200,199,201,-1,201,199,197,-1,201,197,482,-1,482,197,195,-1,482,195,438,-1,438,195,396,-1,438,396,439,-1,439,396,397,-1,439,397,487,-1,487,397,419,-1,475,166,477,-1,477,166,167,-1,477,167,456,-1,456,167,181,-1,456,181,467,-1,467,181,441,-1,3,4,6,-1,6,4,488,-1,6,488,489,-1,194,188,195,-1,195,188,191,-1,195,191,396,-1,396,191,368,-1,396,368,394,-1,394,368,429,-1,177,173,178,-1,178,173,164,-1,178,164,445,-1,445,164,166,-1,445,166,490,-1,491,492,489,-1,489,492,493,-1,494,495,496,-1,496,495,497,-1,496,497,489,-1,489,497,498,-1,489,498,491,-1,493,499,489,-1,489,499,500,-1,489,500,501,-1,5,6,475,-1,475,6,489,-1,475,489,166,-1,166,489,501,-1,166,501,490,-1,490,502,445,-1,445,502,503,-1,445,503,496,-1,496,503,504,-1,496,504,505,-1,505,506,496,-1,496,506,507,-1,496,507,494,-1,508,509,489,-1,510,511,512,-1,489,509,496,-1,496,509,513,-1,496,513,514,-1,365,348,366,-1,366,348,350,-1,366,350,384,-1,384,350,515,-1,496,259,445,-1,445,259,264,-1,445,264,443,-1,443,264,270,-1,443,270,442,-1,442,270,284,-1,442,284,216,-1,216,284,283,-1,216,283,207,-1,207,283,516,-1,207,516,191,-1,191,516,319,-1,191,319,368,-1,368,319,372,-1,368,372,369,-1,369,372,374,-1,517,518,515,-1,515,518,519,-1,520,521,522,-1,522,521,15,-1,522,15,519,-1,519,15,16,-1,519,16,515,-1,515,16,74,-1,515,74,384,-1,384,74,381,-1,384,381,382,-1,355,359,350,-1,350,359,356,-1,350,356,515,-1,515,356,521,-1,515,521,517,-1,517,521,520,-1,517,520,523,-1,285,524,283,-1,283,524,315,-1,283,315,516,-1,516,315,314,-1,516,314,319,-1,319,314,343,-1,319,343,320,-1,320,343,342,-1,512,508,510,-1,510,508,489,-1,510,489,525,-1,525,489,488,-1,525,488,514,-1,514,488,526,-1,514,526,496,-1,496,526,527,-1,496,527,259,-1,259,527,528,-1,259,528,266,-1,0,2,4,-1,4,2,529,-1,4,529,488,-1,488,529,530,-1,488,530,526,-1,526,530,531,-1,526,531,527,-1,527,531,532,-1,527,532,528,-1,7,9,533,-1,533,9,45,-1,533,45,534,-1,534,45,49,-1,534,49,535,-1,535,49,32,-1,535,32,536,-1,536,32,30,-1,536,30,537,-1,537,30,28,-1,537,28,538,-1,364,539,356,-1,356,539,540,-1,356,540,521,-1,521,540,541,-1,521,541,15,-1,15,541,25,-1,15,25,17,-1,17,25,24,-1,532,542,528,-1,528,542,543,-1,528,543,266,-1,266,543,544,-1,266,544,267,-1,267,544,545,-1,267,545,272,-1,272,545,546,-1,272,546,280,-1,280,546,547,-1,280,547,281,-1,281,547,548,-1,281,548,314,-1,314,548,549,-1,314,549,343,-1,343,549,550,-1,343,550,345,-1,345,550,551,-1,345,551,347,-1,347,551,540,-1,347,540,552,-1,552,540,539,-1,553,554,555,-1,556,557,558,-1,558,557,559,-1,558,559,560,-1,561,562,28,-1,28,562,563,-1,564,565,538,-1,538,566,553,-1,553,566,567,-1,553,567,554,-1,565,568,538,-1,538,568,569,-1,538,569,566,-1,555,570,553,-1,553,570,571,-1,553,571,572,-1,563,573,28,-1,28,573,574,-1,28,574,538,-1,538,574,575,-1,538,575,564,-1,572,576,553,-1,553,576,577,-1,553,577,558,-1,558,577,578,-1,558,578,556,-1,542,579,543,-1,543,579,580,-1,543,580,544,-1,544,580,581,-1,544,581,545,-1,545,581,582,-1,545,582,546,-1,546,582,583,-1,546,583,547,-1,547,583,584,-1,547,584,548,-1,548,584,585,-1,548,585,549,-1,549,585,586,-1,549,586,550,-1,550,586,587,-1,550,587,551,-1,551,587,588,-1,551,588,540,-1,540,588,589,-1,540,589,541,-1,541,589,590,-1,541,590,25,-1,25,590,591,-1,25,591,28,-1,28,591,558,-1,28,558,561,-1,561,558,560,-1,592,593,594,-1,595,596,1,-1,1,596,597,-1,1,597,598,-1,599,600,601,-1,601,600,602,-1,603,604,598,-1,598,604,605,-1,598,605,1,-1,1,605,606,-1,607,608,606,-1,606,608,609,-1,606,609,1,-1,1,609,610,-1,611,612,610,-1,610,612,613,-1,610,613,1,-1,1,613,614,-1,594,615,592,-1,592,615,1,-1,592,1,616,-1,616,1,614,-1,616,614,617,-1,617,614,618,-1,619,620,621,-1,621,620,579,-1,621,579,602,-1,602,579,1,-1,602,1,601,-1,601,1,615,-1,622,623,624,-1,625,626,627,-1,628,629,1,-1,630,631,7,-1,7,631,632,-1,7,632,633,-1,634,635,636,-1,636,635,637,-1,638,1,639,-1,639,1,629,-1,639,629,640,-1,640,629,641,-1,624,642,622,-1,622,642,7,-1,622,7,643,-1,643,7,633,-1,643,633,644,-1,644,633,645,-1,646,595,647,-1,647,595,1,-1,647,1,648,-1,648,1,638,-1,648,638,649,-1,649,638,650,-1,627,628,625,-1,625,628,1,-1,625,1,637,-1,637,1,7,-1,637,7,636,-1,636,7,642,-1,651,652,653,-1,7,553,654,-1,654,553,655,-1,656,657,553,-1,553,657,658,-1,553,658,659,-1,660,7,661,-1,661,7,654,-1,661,654,662,-1,662,654,663,-1,664,665,659,-1,659,665,666,-1,659,666,553,-1,553,666,651,-1,553,651,655,-1,655,651,653,-1,667,668,669,-1,670,671,7,-1,669,670,667,-1,667,670,7,-1,667,7,672,-1,672,7,660,-1,672,660,673,-1,673,660,674,-1,675,630,676,-1,676,630,7,-1,676,7,677,-1,677,7,671,-1,677,671,678,-1,678,671,679,-1,680,681,682,-1,683,684,685,-1,686,687,553,-1,620,688,579,-1,579,688,689,-1,579,689,690,-1,691,692,693,-1,693,692,694,-1,695,656,696,-1,696,656,553,-1,696,553,697,-1,697,553,687,-1,697,687,698,-1,698,687,699,-1,700,701,690,-1,690,701,702,-1,690,702,579,-1,579,702,703,-1,685,704,683,-1,683,704,579,-1,683,579,705,-1,705,579,703,-1,705,703,706,-1,706,703,707,-1,682,686,680,-1,680,686,553,-1,680,553,694,-1,694,553,579,-1,694,579,693,-1,693,579,704,-1,708,709,710,-1,711,712,713,-1,713,712,714,-1,713,714,715,-1,716,717,718,-1,718,717,719,-1,720,721,713,-1,713,721,722,-1,713,722,711,-1,723,724,725,-1,726,727,728,-1,727,729,728,-1,728,729,730,-1,728,730,731,-1,732,733,710,-1,734,735,736,-1,688,620,619,-1,737,665,664,-1,698,699,738,-1,738,699,739,-1,738,739,740,-1,740,739,716,-1,740,716,741,-1,741,716,718,-1,741,718,742,-1,742,718,743,-1,695,744,745,-1,746,685,747,-1,747,685,684,-1,731,748,728,-1,728,748,749,-1,728,749,750,-1,750,751,752,-1,753,754,728,-1,710,709,755,-1,756,757,758,-1,596,595,759,-1,759,595,646,-1,759,646,760,-1,600,599,761,-1,761,599,762,-1,761,762,763,-1,763,762,764,-1,763,764,765,-1,765,764,766,-1,734,767,735,-1,735,767,768,-1,735,768,769,-1,770,701,700,-1,715,771,713,-1,713,771,772,-1,713,772,719,-1,719,772,773,-1,719,773,718,-1,774,718,775,-1,775,718,776,-1,775,776,777,-1,777,776,737,-1,777,737,778,-1,778,737,664,-1,774,779,718,-1,718,779,780,-1,718,780,743,-1,743,780,781,-1,725,782,783,-1,709,784,728,-1,728,784,785,-1,728,785,786,-1,746,726,685,-1,685,726,728,-1,685,728,787,-1,787,728,786,-1,756,758,710,-1,710,758,788,-1,710,788,732,-1,789,790,791,-1,791,790,792,-1,793,673,674,-1,700,794,770,-1,770,794,795,-1,770,795,796,-1,796,795,797,-1,796,797,798,-1,798,799,800,-1,657,656,801,-1,801,656,695,-1,801,695,802,-1,802,695,745,-1,750,803,804,-1,805,806,751,-1,807,808,750,-1,750,808,809,-1,750,809,810,-1,753,728,811,-1,706,707,812,-1,812,707,813,-1,812,813,814,-1,814,813,815,-1,814,815,816,-1,817,818,819,-1,819,818,791,-1,819,791,820,-1,820,791,792,-1,720,713,757,-1,757,713,821,-1,757,821,758,-1,822,823,824,-1,824,823,825,-1,824,825,826,-1,769,827,735,-1,735,827,828,-1,735,828,829,-1,829,828,830,-1,829,830,831,-1,832,833,834,-1,834,833,835,-1,619,836,688,-1,688,836,837,-1,688,837,838,-1,838,837,839,-1,838,839,840,-1,840,839,841,-1,750,842,843,-1,604,603,844,-1,844,603,845,-1,844,845,754,-1,754,845,846,-1,754,846,728,-1,847,662,663,-1,848,849,710,-1,710,849,850,-1,710,850,851,-1,852,853,791,-1,791,853,854,-1,791,854,789,-1,855,856,857,-1,857,856,858,-1,646,859,760,-1,760,859,860,-1,760,860,861,-1,861,860,862,-1,861,862,863,-1,800,765,798,-1,798,765,766,-1,798,766,864,-1,864,766,865,-1,864,865,736,-1,736,865,866,-1,736,866,734,-1,867,594,593,-1,835,868,834,-1,834,868,869,-1,834,869,870,-1,797,871,798,-1,798,871,872,-1,798,872,873,-1,874,875,798,-1,798,875,876,-1,798,876,799,-1,781,877,743,-1,743,877,878,-1,743,878,724,-1,724,878,879,-1,724,879,725,-1,744,880,745,-1,745,880,881,-1,745,881,882,-1,783,883,725,-1,725,883,884,-1,725,884,723,-1,842,750,885,-1,885,750,886,-1,885,886,887,-1,888,889,803,-1,805,751,890,-1,891,892,807,-1,807,892,893,-1,807,893,894,-1,810,895,750,-1,750,895,896,-1,750,896,728,-1,728,896,897,-1,728,897,811,-1,819,898,817,-1,817,898,847,-1,817,847,899,-1,899,847,663,-1,818,900,791,-1,791,900,901,-1,791,901,902,-1,902,901,903,-1,902,903,904,-1,904,903,728,-1,905,653,652,-1,710,906,848,-1,848,906,907,-1,848,907,908,-1,908,907,909,-1,851,910,710,-1,710,910,911,-1,710,911,708,-1,674,912,913,-1,913,912,914,-1,913,914,915,-1,631,630,675,-1,831,916,829,-1,829,916,917,-1,829,917,918,-1,918,917,867,-1,918,867,919,-1,919,867,593,-1,920,829,921,-1,888,803,922,-1,804,923,750,-1,750,923,924,-1,750,924,751,-1,751,924,925,-1,751,925,890,-1,752,926,750,-1,750,926,927,-1,750,927,807,-1,807,927,928,-1,807,928,891,-1,903,929,728,-1,728,929,930,-1,728,930,709,-1,709,930,931,-1,709,931,755,-1,652,932,905,-1,905,932,933,-1,905,933,934,-1,934,933,935,-1,934,935,720,-1,720,935,936,-1,720,936,721,-1,733,937,938,-1,938,937,939,-1,938,939,940,-1,733,938,710,-1,710,938,941,-1,710,941,942,-1,826,943,824,-1,824,943,944,-1,824,944,945,-1,852,791,945,-1,945,791,946,-1,945,946,947,-1,948,644,645,-1,649,650,949,-1,949,650,950,-1,949,950,951,-1,951,950,952,-1,951,952,913,-1,913,952,953,-1,913,953,954,-1,913,955,956,-1,956,957,913,-1,913,957,958,-1,913,958,674,-1,674,958,959,-1,674,959,793,-1,960,961,962,-1,832,834,873,-1,873,834,963,-1,873,963,798,-1,798,963,964,-1,798,964,874,-1,843,965,750,-1,750,965,966,-1,750,966,803,-1,803,966,967,-1,803,967,922,-1,968,969,806,-1,806,969,970,-1,806,970,751,-1,971,682,681,-1,942,972,710,-1,710,972,973,-1,710,973,974,-1,909,907,975,-1,975,907,976,-1,975,976,977,-1,915,978,913,-1,913,978,979,-1,913,979,980,-1,980,979,945,-1,980,945,981,-1,981,945,944,-1,947,982,945,-1,945,982,983,-1,945,983,824,-1,858,984,857,-1,857,984,985,-1,857,985,986,-1,986,985,948,-1,986,948,987,-1,987,948,645,-1,675,988,631,-1,631,988,989,-1,631,989,990,-1,990,989,991,-1,990,991,992,-1,992,991,993,-1,822,824,994,-1,994,824,995,-1,994,995,863,-1,863,995,996,-1,863,996,861,-1,841,839,997,-1,997,839,998,-1,997,998,870,-1,870,998,999,-1,870,999,834,-1,782,725,1000,-1,1000,725,1001,-1,1000,1001,882,-1,882,1001,1002,-1,882,1002,745,-1,920,921,887,-1,887,921,1003,-1,887,1003,885,-1,816,1004,814,-1,814,1004,1005,-1,814,1005,1006,-1,1006,1005,1007,-1,1006,1007,920,-1,612,611,1008,-1,1008,611,1009,-1,1008,1009,1010,-1,1010,1009,1011,-1,1010,1011,806,-1,806,1011,1012,-1,806,1012,968,-1,1013,608,607,-1,940,1014,938,-1,938,1014,1015,-1,938,1015,1016,-1,1016,1015,971,-1,1016,971,1017,-1,1017,971,681,-1,974,1018,710,-1,710,1018,1019,-1,710,1019,906,-1,1020,1021,1022,-1,1022,1021,1023,-1,1022,1023,1024,-1,855,857,1025,-1,1025,857,1026,-1,1025,1026,1027,-1,1028,1029,1030,-1,1030,1029,1031,-1,1030,1031,1032,-1,1032,1033,1030,-1,1030,1033,1034,-1,1030,1034,1035,-1,1036,1037,1038,-1,920,1007,829,-1,829,1007,1039,-1,829,1039,1040,-1,1041,617,618,-1,1042,1043,889,-1,889,1043,1044,-1,607,1045,1013,-1,1013,1045,1046,-1,1013,1046,1047,-1,1047,1046,1048,-1,1047,1048,893,-1,893,1048,1049,-1,893,1049,894,-1,1050,692,691,-1,1051,1052,955,-1,955,1052,1053,-1,955,1053,1054,-1,1054,1055,955,-1,955,1055,1056,-1,955,1056,1022,-1,1057,1058,1028,-1,1040,1059,829,-1,829,1059,1060,-1,829,1060,735,-1,889,1061,1042,-1,1042,1061,1041,-1,1042,1041,1062,-1,1062,1041,618,-1,1044,1063,889,-1,889,1063,1064,-1,889,1064,803,-1,977,1065,975,-1,975,1065,1050,-1,975,1050,1066,-1,1066,1050,691,-1,954,1067,913,-1,913,1067,1068,-1,913,1068,955,-1,955,1068,1069,-1,955,1069,1051,-1,1070,1071,955,-1,1030,1072,1028,-1,1028,1072,1073,-1,1028,1073,1074,-1,1057,1028,1075,-1,678,679,1076,-1,1076,679,1077,-1,1076,1077,1078,-1,1078,1077,1079,-1,1078,1079,961,-1,961,1079,1080,-1,961,1080,1081,-1,1081,1082,961,-1,961,1082,1083,-1,961,1083,962,-1,1084,1085,1086,-1,1086,1085,1087,-1,1084,1088,1085,-1,1085,1088,1089,-1,1085,1089,1090,-1,1024,1091,1022,-1,1022,1091,1092,-1,1022,1092,955,-1,955,1092,1093,-1,955,1093,1087,-1,1070,955,1094,-1,1095,1096,1097,-1,1097,1096,1098,-1,1097,1098,1099,-1,955,1100,1058,-1,1058,1100,1101,-1,993,991,1102,-1,1102,991,1103,-1,1102,1103,1035,-1,1035,1103,1104,-1,1035,1104,1030,-1,1105,1106,1037,-1,1037,1106,1107,-1,1037,1107,1038,-1,1108,640,641,-1,1109,1110,1089,-1,1089,1110,1111,-1,1089,1111,1090,-1,1112,1113,1114,-1,1114,1113,1115,-1,1116,1117,1118,-1,1118,1117,1119,-1,1071,1120,955,-1,955,1120,1121,-1,955,1121,1100,-1,1100,1121,1097,-1,1100,1097,1122,-1,1122,1097,1099,-1,1027,1028,1025,-1,1025,1028,1058,-1,1025,1058,1123,-1,1123,1058,1101,-1,962,1124,1028,-1,1022,1125,1020,-1,1020,1125,1108,-1,1020,1108,1126,-1,1126,1108,641,-1,1112,1127,1113,-1,1113,1127,1118,-1,1113,1118,1128,-1,1128,1118,1119,-1,1085,1129,1087,-1,1087,1129,1130,-1,1087,1130,955,-1,955,1130,1131,-1,955,1131,1115,-1,1113,1132,1115,-1,1115,1132,1133,-1,1115,1133,955,-1,955,1133,1134,-1,955,1134,1094,-1,1124,1135,1028,-1,1028,1135,1136,-1,1028,1136,1075,-1,1075,1136,1105,-1,1075,1105,1137,-1,1137,1105,1037,-1,1074,1138,1028,-1,1028,1138,1139,-1,1028,1139,962,-1,962,1139,1140,-1,962,1140,960,-1,1141,669,668,-1,1142,627,626,-1,1143,635,634,-1,1144,624,623,-1,668,1145,1141,-1,1141,1145,1146,-1,1141,1146,1147,-1,1147,1146,1148,-1,1147,1148,1038,-1,1038,1148,1149,-1,1038,1149,1036,-1,1109,1150,1110,-1,1110,1150,1142,-1,1110,1142,1151,-1,1151,1142,626,-1,1116,1152,1117,-1,1117,1152,1143,-1,1117,1143,1153,-1,1153,1143,634,-1,1097,1154,1095,-1,1095,1154,1144,-1,1095,1144,1155,-1,1155,1144,623,-1,
        ]
    }
}
Shape{
    appearance Appearance {
        material  Material 	{
            diffuseColor 1.0 1.0 1.0
            specularColor 0.5019607843137255 0.5019607843137255 0.5019607843137255
            ambientIntensity 1.0
            transparency 0.0
            shininess 0.5
        }
    }
    geometry IndexedFaceSet {
        ccw TRUE
        solid FALSE
        coord DEF co Coordinate {
            point [
                -0.6398 0.7874 0.0787, -0.6398 0.6969 0.0787, -0.6398 0.7874 0.0118, -0.6398 0.6969 0.0118, -0.5925 0.6496 0.0787, -0.5925 0.6496 0.0118, -0.603 0.6508 0.0787, -0.603 0.6508 0.0118, -0.613 0.6543 0.0787, -0.613 0.6543 0.0118, -0.622 0.6599 0.0787, -0.622 0.6599 0.0118, -0.6295 0.6674 0.0787, -0.6295 0.6674 0.0118, -0.6351 0.6764 0.0787, -0.6351 0.6764 0.0118, -0.6386 0.6863 0.0787, -0.6386 0.6863 0.0118
            ]
        }
        coordIndex [
            0,1,2,-1,2,1,3,-1,4,5,6,-1,6,5,7,-1,6,7,8,-1,8,7,9,-1,8,9,10,-1,10,9,11,-1,10,11,12,-1,12,11,13,-1,12,13,14,-1,14,13,15,-1,14,15,16,-1,16,15,17,-1,16,17,1,-1,1,17,3,-1,
        ]
    }
}
Shape{
    appearance Appearance {
        material  Material 	{
            diffuseColor 0.792156862745098 0.8196078431372549 0.9333333333333333
            specularColor 0.396078431372549 0.4117647058823529 0.4666666666666667
            ambientIntensity 0.8244
            transparency 0.0
            shininess 0.5
        }
    }
    geometry IndexedFaceSet {
        ccw TRUE
        solid FALSE
        coord DEF co Coordinate {
            point [
                -0.5925 0.6496 0.0787, -0.5886 0.6496 0.0787, -0.5925 0.6496 0.0118, -0.5886 0.6496 0.0118, -0.5413 0.6969 0.0787, -0.5413 0.6969 0.0118, -0.5425 0.6863 0.0787, -0.5425 0.6863 0.0118, -0.546 0.6764 0.0787, -0.546 0.6764 0.0118, -0.5516 0.6674 0.0787, -0.5516 0.6674 0.0118, -0.5591 0.6599 0.0787, -0.5591 0.6599 0.0118, -0.5681 0.6543 0.0787, -0.5681 0.6543 0.0118, -0.5781 0.6508 0.0787, -0.5781 0.6508 0.0118, -0.5413 0.7874 0.0787, -0.5413 0.7874 0.0118, -0.613 0.6543 0.0787, -0.622 0.6599 0.0787, -0.6295 0.6674 0.0787, -0.6351 0.6764 0.0787, -0.6386 0.6863 0.0787, -0.6398 0.6969 0.0787, -0.6398 0.7874 0.0787, -0.603 0.6508 0.0787, 0.6299 0.1988 0.0787, 0.6299 0.1988 0.0118, 0.6311 0.2093 0.0787, 0.6311 0.2093 0.0118, 0.6346 0.2193 0.0787, 0.6346 0.2193 0.0118, 0.6402 0.2283 0.0787, 0.6402 0.2283 0.0118, 0.6477 0.2358 0.0787, 0.6477 0.2358 0.0118, 0.6567 0.2414 0.0787, 0.6567 0.2414 0.0118, 0.6667 0.2449 0.0787, 0.6667 0.2449 0.0118, 0.6772 0.2461 0.0787, 0.6772 0.2461 0.0118, 0.6299 0.1949 0.0787, 0.6299 0.1949 0.0118, 0.6772 0.1476 0.0787, 0.6772 0.1476 0.0118, 0.6667 0.1488 0.0787, 0.6667 0.1488 0.0118, 0.6567 0.1523 0.0787, 0.6567 0.1523 0.0118, 0.6477 0.1579 0.0787, 0.6477 0.1579 0.0118, 0.6402 0.1654 0.0787, 0.6402 0.1654 0.0118, 0.6346 0.1744 0.0787, 0.6346 0.1744 0.0118, 0.6311 0.1844 0.0787, 0.6311 0.1844 0.0118, 0.7874 0.1476 0.0787, 0.7874 0.1476 0.0118, 0.7874 0.2461 0.0787, 0.7874 0.2461 0.0118, -0.6772 0.0492 0.0787, -0.7874 0.0492 0.0787, -0.6772 0.0492 0.0118, -0.7874 0.0492 0.0118, -0.7874 -0.0492 0.0787, -0.6772 -0.0492 0.0787, -0.7874 -0.0492 0.0118, -0.6772 -0.0492 0.0118, -0.6299 -0.002 0.0787, -0.6299 -0.002 0.0118, -0.6311 -0.0125 0.0787, -0.6311 -0.0125 0.0118, -0.6346 -0.0225 0.0787, -0.6346 -0.0225 0.0118, -0.6402 -0.0314 0.0787, -0.6402 -0.0314 0.0118, -0.6477 -0.0389 0.0787, -0.6477 -0.0389 0.0118, -0.6567 -0.0445 0.0787, -0.6567 -0.0445 0.0118, -0.6667 -0.048 0.0787, -0.6667 -0.048 0.0118, -0.6299 0.002 0.0787, -0.6299 0.002 0.0118, -0.6667 0.048 0.0787, -0.6667 0.048 0.0118, -0.6567 0.0445 0.0787, -0.6567 0.0445 0.0118, -0.6477 0.0389 0.0787, -0.6477 0.0389 0.0118, -0.6402 0.0314 0.0787, -0.6402 0.0314 0.0118, -0.6346 0.0225 0.0787, -0.6346 0.0225 0.0118, -0.6311 0.0125 0.0787, -0.6311 0.0125 0.0118, 0.6299 0.002 0.0787, 0.6299 0.002 0.0118, 0.6311 0.0125 0.0787, 0.6311 0.0125 0.0118, 0.6346 0.0225 0.0787, 0.6346 0.0225 0.0118, 0.6402 0.0314 0.0787, 0.6402 0.0314 0.0118, 0.6477 0.0389 0.0787, 0.6477 0.0389 0.0118, 0.6567 0.0445 0.0787, 0.6567 0.0445 0.0118, 0.6667 0.048 0.0787, 0.6667 0.048 0.0118, 0.6772 0.0492 0.0787, 0.6772 0.0492 0.0118, 0.6299 -0.002 0.0787, 0.6299 -0.002 0.0118, 0.6772 -0.0492 0.0787, 0.6772 -0.0492 0.0118, 0.6667 -0.048 0.0787, 0.6667 -0.048 0.0118, 0.6567 -0.0445 0.0787, 0.6567 -0.0445 0.0118, 0.6477 -0.0389 0.0787, 0.6477 -0.0389 0.0118, 0.6402 -0.0314 0.0787, 0.6402 -0.0314 0.0118, 0.6346 -0.0225 0.0787, 0.6346 -0.0225 0.0118, 0.6311 -0.0125 0.0787, 0.6311 -0.0125 0.0118, 0.7874 -0.0492 0.0787, 0.7874 -0.0492 0.0118, 0.7874 0.0492 0.0787, 0.7874 0.0492 0.0118, -0.6772 -0.1476 0.0787, -0.7874 -0.1476 0.0787, -0.6772 -0.1476 0.0118, -0.7874 -0.1476 0.0118, -0.7874 -0.2461 0.0787, -0.6772 -0.2461 0.0787, -0.7874 -0.2461 0.0118, -0.6772 -0.2461 0.0118, -0.6299 -0.1988 0.0787, -0.6299 -0.1988 0.0118, -0.6311 -0.2093 0.0787, -0.6311 -0.2093 0.0118, -0.6346 -0.2193 0.0787, -0.6346 -0.2193 0.0118, -0.6402 -0.2283 0.0787, -0.6402 -0.2283 0.0118, -0.6477 -0.2358 0.0787, -0.6477 -0.2358 0.0118, -0.6567 -0.2414 0.0787, -0.6567 -0.2414 0.0118, -0.6667 -0.2449 0.0787, -0.6667 -0.2449 0.0118, -0.6299 -0.1949 0.0787, -0.6299 -0.1949 0.0118, -0.6667 -0.1488 0.0787, -0.6667 -0.1488 0.0118, -0.6567 -0.1523 0.0787, -0.6567 -0.1523 0.0118, -0.6477 -0.1579 0.0787, -0.6477 -0.1579 0.0118, -0.6402 -0.1654 0.0787, -0.6402 -0.1654 0.0118, -0.6346 -0.1744 0.0787, -0.6346 -0.1744 0.0118, -0.6311 -0.1844 0.0787, -0.6311 -0.1844 0.0118, -0.6772 0.2461 0.0787, -0.7874 0.2461 0.0787, -0.6772 0.2461 0.0118, -0.7874 0.2461 0.0118, -0.7874 0.1476 0.0787, -0.6772 0.1476 0.0787, -0.7874 0.1476 0.0118, -0.6772 0.1476 0.0118, -0.6299 0.1949 0.0787, -0.6299 0.1949 0.0118, -0.6311 0.1844 0.0787, -0.6311 0.1844 0.0118, -0.6346 0.1744 0.0787, -0.6346 0.1744 0.0118, -0.6402 0.1654 0.0787, -0.6402 0.1654 0.0118, -0.6477 0.1579 0.0787, -0.6477 0.1579 0.0118, -0.6567 0.1523 0.0787, -0.6567 0.1523 0.0118, -0.6667 0.1488 0.0787, -0.6667 0.1488 0.0118, -0.6299 0.1988 0.0787, -0.6299 0.1988 0.0118, -0.6667 0.2449 0.0787, -0.6667 0.2449 0.0118, -0.6567 0.2414 0.0787, -0.6567 0.2414 0.0118, -0.6477 0.2358 0.0787, -0.6477 0.2358 0.0118, -0.6402 0.2283 0.0787, -0.6402 0.2283 0.0118, -0.6346 0.2193 0.0787, -0.6346 0.2193 0.0118, -0.6311 0.2093 0.0787, -0.6311 0.2093 0.0118, -0.6969 -0.5413 0.0787, -0.6969 -0.5413 0.0118, -0.6863 -0.5425 0.0787, -0.6863 -0.5425 0.0118, -0.6764 -0.546 0.0787, -0.6764 -0.546 0.0118, -0.6674 -0.5516 0.0787, -0.6674 -0.5516 0.0118, -0.6599 -0.5591 0.0787, -0.6599 -0.5591 0.0118, -0.6543 -0.5681 0.0787, -0.6543 -0.5681 0.0118, -0.6508 -0.5781 0.0787, -0.6508 -0.5781 0.0118, -0.6496 -0.5886 0.0787, -0.6496 -0.5886 0.0118, -0.7874 -0.5413 0.0787, -0.7874 -0.5413 0.0118, -0.7874 -0.6398 0.0787, -0.6969 -0.6398 0.0787, -0.7874 -0.6398 0.0118, -0.6969 -0.6398 0.0118, -0.6496 -0.5925 0.0787, -0.6496 -0.5925 0.0118, -0.6508 -0.603 0.0787, -0.6508 -0.603 0.0118, -0.6543 -0.613 0.0787, -0.6543 -0.613 0.0118, -0.6599 -0.622 0.0787, -0.6599 -0.622 0.0118, -0.6674 -0.6295 0.0787, -0.6674 -0.6295 0.0118, -0.6764 -0.6351 0.0787, -0.6764 -0.6351 0.0118, -0.6863 -0.6386 0.0787, -0.6863 -0.6386 0.0118, 0.6969 -0.6398 0.0787, 0.6969 -0.6398 0.0118, 0.6863 -0.6386 0.0787, 0.6863 -0.6386 0.0118, 0.6764 -0.6351 0.0787, 0.6764 -0.6351 0.0118, 0.6674 -0.6295 0.0787, 0.6674 -0.6295 0.0118, 0.6599 -0.622 0.0787, 0.6599 -0.622 0.0118, 0.6543 -0.613 0.0787, 0.6543 -0.613 0.0118, 0.6508 -0.603 0.0787, 0.6508 -0.603 0.0118, 0.6496 -0.5925 0.0787, 0.6496 -0.5925 0.0118, 0.7874 -0.6398 0.0787, 0.7874 -0.6398 0.0118, 0.7874 -0.5413 0.0787, 0.6969 -0.5413 0.0787, 0.7874 -0.5413 0.0118, 0.6969 -0.5413 0.0118, 0.6496 -0.5886 0.0787, 0.6496 -0.5886 0.0118, 0.6508 -0.5781 0.0787, 0.6508 -0.5781 0.0118, 0.6543 -0.5681 0.0787, 0.6543 -0.5681 0.0118, 0.6599 -0.5591 0.0787, 0.6599 -0.5591 0.0118, 0.6674 -0.5516 0.0787, 0.6674 -0.5516 0.0118, 0.6764 -0.546 0.0787, 0.6764 -0.546 0.0118, 0.6863 -0.5425 0.0787, 0.6863 -0.5425 0.0118, 0.6299 0.3957 0.0787, 0.6299 0.3957 0.0118, 0.6311 0.4062 0.0787, 0.6311 0.4062 0.0118, 0.6346 0.4162 0.0787, 0.6346 0.4162 0.0118, 0.6402 0.4251 0.0787, 0.6402 0.4251 0.0118, 0.6477 0.4326 0.0787, 0.6477 0.4326 0.0118, 0.6567 0.4382 0.0787, 0.6567 0.4382 0.0118, 0.6667 0.4417 0.0787, 0.6667 0.4417 0.0118, 0.6772 0.4429 0.0787, 0.6772 0.4429 0.0118, 0.6299 0.3917 0.0787, 0.6299 0.3917 0.0118, 0.6772 0.3445 0.0787, 0.6772 0.3445 0.0118, 0.6667 0.3457 0.0787, 0.6667 0.3457 0.0118, 0.6567 0.3492 0.0787, 0.6567 0.3492 0.0118, 0.6477 0.3548 0.0787, 0.6477 0.3548 0.0118, 0.6402 0.3623 0.0787, 0.6402 0.3623 0.0118, 0.6346 0.3712 0.0787, 0.6346 0.3712 0.0118, 0.6311 0.3812 0.0787, 0.6311 0.3812 0.0118, 0.7874 0.3445 0.0787, 0.7874 0.3445 0.0118, 0.7874 0.4429 0.0787, 0.7874 0.4429 0.0118, 0.6299 -0.3917 0.0787, 0.6299 -0.3917 0.0118, 0.6311 -0.3812 0.0787, 0.6311 -0.3812 0.0118, 0.6346 -0.3712 0.0787, 0.6346 -0.3712 0.0118, 0.6402 -0.3623 0.0787, 0.6402 -0.3623 0.0118, 0.6477 -0.3548 0.0787, 0.6477 -0.3548 0.0118, 0.6567 -0.3492 0.0787, 0.6567 -0.3492 0.0118, 0.6667 -0.3457 0.0787, 0.6667 -0.3457 0.0118, 0.6772 -0.3445 0.0787, 0.6772 -0.3445 0.0118, 0.6299 -0.3957 0.0787, 0.6299 -0.3957 0.0118, 0.6772 -0.4429 0.0787, 0.6772 -0.4429 0.0118, 0.6667 -0.4417 0.0787, 0.6667 -0.4417 0.0118, 0.6567 -0.4382 0.0787, 0.6567 -0.4382 0.0118, 0.6477 -0.4326 0.0787, 0.6477 -0.4326 0.0118, 0.6402 -0.4251 0.0787, 0.6402 -0.4251 0.0118, 0.6346 -0.4162 0.0787, 0.6346 -0.4162 0.0118, 0.6311 -0.4062 0.0787, 0.6311 -0.4062 0.0118, 0.7874 -0.4429 0.0787, 0.7874 -0.4429 0.0118, 0.7874 -0.3445 0.0787, 0.7874 -0.3445 0.0118, -0.6772 -0.3445 0.0787, -0.7874 -0.3445 0.0787, -0.6772 -0.3445 0.0118, -0.7874 -0.3445 0.0118, -0.7874 -0.4429 0.0787, -0.6772 -0.4429 0.0787, -0.7874 -0.4429 0.0118, -0.6772 -0.4429 0.0118, -0.6299 -0.3957 0.0787, -0.6299 -0.3957 0.0118, -0.6311 -0.4062 0.0787, -0.6311 -0.4062 0.0118, -0.6346 -0.4162 0.0787, -0.6346 -0.4162 0.0118, -0.6402 -0.4251 0.0787, -0.6402 -0.4251 0.0118, -0.6477 -0.4326 0.0787, -0.6477 -0.4326 0.0118, -0.6567 -0.4382 0.0787, -0.6567 -0.4382 0.0118, -0.6667 -0.4417 0.0787, -0.6667 -0.4417 0.0118, -0.6299 -0.3917 0.0787, -0.6299 -0.3917 0.0118, -0.6667 -0.3457 0.0787, -0.6667 -0.3457 0.0118, -0.6567 -0.3492 0.0787, -0.6567 -0.3492 0.0118, -0.6477 -0.3548 0.0787, -0.6477 -0.3548 0.0118, -0.6402 -0.3623 0.0787, -0.6402 -0.3623 0.0118, -0.6346 -0.3712 0.0787, -0.6346 -0.3712 0.0118, -0.6311 -0.3812 0.0787, -0.6311 -0.3812 0.0118, 0.6299 -0.1949 0.0787, 0.6299 -0.1949 0.0118, 0.6311 -0.1844 0.0787, 0.6311 -0.1844 0.0118, 0.6346 -0.1744 0.0787, 0.6346 -0.1744 0.0118, 0.6402 -0.1654 0.0787, 0.6402 -0.1654 0.0118, 0.6477 -0.1579 0.0787, 0.6477 -0.1579 0.0118, 0.6567 -0.1523 0.0787, 0.6567 -0.1523 0.0118, 0.6667 -0.1488 0.0787, 0.6667 -0.1488 0.0118, 0.6772 -0.1476 0.0787, 0.6772 -0.1476 0.0118, 0.6299 -0.1988 0.0787, 0.6299 -0.1988 0.0118, 0.6772 -0.2461 0.0787, 0.6772 -0.2461 0.0118, 0.6667 -0.2449 0.0787, 0.6667 -0.2449 0.0118, 0.6567 -0.2414 0.0787, 0.6567 -0.2414 0.0118, 0.6477 -0.2358 0.0787, 0.6477 -0.2358 0.0118, 0.6402 -0.2283 0.0787, 0.6402 -0.2283 0.0118, 0.6346 -0.2193 0.0787, 0.6346 -0.2193 0.0118, 0.6311 -0.2093 0.0787, 0.6311 -0.2093 0.0118, 0.7874 -0.2461 0.0787, 0.7874 -0.2461 0.0118, 0.7874 -0.1476 0.0787, 0.7874 -0.1476 0.0118, 0.6398 0.6969 0.0787, 0.6398 0.6969 0.0118, 0.6386 0.6863 0.0787, 0.6386 0.6863 0.0118, 0.6351 0.6764 0.0787, 0.6351 0.6764 0.0118, 0.6295 0.6674 0.0787, 0.6295 0.6674 0.0118, 0.622 0.6599 0.0787, 0.622 0.6599 0.0118, 0.613 0.6543 0.0787, 0.613 0.6543 0.0118, 0.603 0.6508 0.0787, 0.603 0.6508 0.0118, 0.5925 0.6496 0.0787, 0.5925 0.6496 0.0118, 0.6398 0.7874 0.0787, 0.6398 0.7874 0.0118, 0.5413 0.7874 0.0787, 0.5413 0.6969 0.0787, 0.5413 0.7874 0.0118, 0.5413 0.6969 0.0118, 0.5886 0.6496 0.0787, 0.5886 0.6496 0.0118, 0.5781 0.6508 0.0787, 0.5781 0.6508 0.0118, 0.5681 0.6543 0.0787, 0.5681 0.6543 0.0118, 0.5591 0.6599 0.0787, 0.5591 0.6599 0.0118, 0.5516 0.6674 0.0787, 0.5516 0.6674 0.0118, 0.546 0.6764 0.0787, 0.546 0.6764 0.0118, 0.5425 0.6863 0.0787, 0.5425 0.6863 0.0118, -0.2461 0.7874 0.0787, -0.2461 0.6772 0.0787, -0.2461 0.7874 0.0118, -0.2461 0.6772 0.0118, -0.1988 0.6299 0.0787, -0.1988 0.6299 0.0118, -0.2093 0.6311 0.0787, -0.2093 0.6311 0.0118, -0.2193 0.6346 0.0787, -0.2193 0.6346 0.0118, -0.2283 0.6402 0.0787, -0.2283 0.6402 0.0118, -0.2358 0.6477 0.0787, -0.2358 0.6477 0.0118, -0.2414 0.6567 0.0787, -0.2414 0.6567 0.0118, -0.2449 0.6667 0.0787, -0.2449 0.6667 0.0118, -0.1949 0.6299 0.0787, -0.1949 0.6299 0.0118, -0.1476 0.6772 0.0787, -0.1476 0.6772 0.0118, -0.1488 0.6667 0.0787, -0.1488 0.6667 0.0118, -0.1523 0.6567 0.0787, -0.1523 0.6567 0.0118, -0.1579 0.6477 0.0787, -0.1579 0.6477 0.0118, -0.1654 0.6402 0.0787, -0.1654 0.6402 0.0118, -0.1744 0.6346 0.0787, -0.1744 0.6346 0.0118, -0.1844 0.6311 0.0787, -0.1844 0.6311 0.0118, -0.1476 0.7874 0.0787, -0.1476 0.7874 0.0118, -0.7874 0.5413 0.0787, -0.6969 0.5413 0.0787, -0.7874 0.5413 0.0118, -0.6969 0.5413 0.0118, -0.6496 0.5886 0.0787, -0.6496 0.5886 0.0118, -0.6508 0.5781 0.0787, -0.6508 0.5781 0.0118, -0.6543 0.5681 0.0787, -0.6543 0.5681 0.0118, -0.6599 0.5591 0.0787, -0.6599 0.5591 0.0118, -0.6674 0.5516 0.0787, -0.6674 0.5516 0.0118, -0.6764 0.546 0.0787, -0.6764 0.546 0.0118, -0.6863 0.5425 0.0787, -0.6863 0.5425 0.0118, -0.6496 0.5925 0.0787, -0.6496 0.5925 0.0118, -0.6969 0.6398 0.0787, -0.6969 0.6398 0.0118, -0.6863 0.6386 0.0787, -0.6863 0.6386 0.0118, -0.6764 0.6351 0.0787, -0.6764 0.6351 0.0118, -0.6674 0.6295 0.0787, -0.6674 0.6295 0.0118, -0.6599 0.622 0.0787, -0.6599 0.622 0.0118, -0.6543 0.613 0.0787, -0.6543 0.613 0.0118, -0.6508 0.603 0.0787, -0.6508 0.603 0.0118, -0.7874 0.6398 0.0787, -0.7874 0.6398 0.0118, -0.2461 -0.6772 0.0787, -0.2461 -0.6772 0.0118, -0.2449 -0.6667 0.0787, -0.2449 -0.6667 0.0118, -0.2414 -0.6567 0.0787, -0.2414 -0.6567 0.0118, -0.2358 -0.6477 0.0787, -0.2358 -0.6477 0.0118, -0.2283 -0.6402 0.0787, -0.2283 -0.6402 0.0118, -0.2193 -0.6346 0.0787, -0.2193 -0.6346 0.0118, -0.2093 -0.6311 0.0787, -0.2093 -0.6311 0.0118, -0.1988 -0.6299 0.0787, -0.1988 -0.6299 0.0118, -0.2461 -0.7874 0.0787, -0.2461 -0.7874 0.0118, -0.1476 -0.7874 0.0787, -0.1476 -0.6772 0.0787, -0.1476 -0.7874 0.0118, -0.1476 -0.6772 0.0118, -0.1949 -0.6299 0.0787, -0.1949 -0.6299 0.0118, -0.1844 -0.6311 0.0787, -0.1844 -0.6311 0.0118, -0.1744 -0.6346 0.0787, -0.1744 -0.6346 0.0118, -0.1654 -0.6402 0.0787, -0.1654 -0.6402 0.0118, -0.1579 -0.6477 0.0787, -0.1579 -0.6477 0.0118, -0.1523 -0.6567 0.0787, -0.1523 -0.6567 0.0118, -0.1488 -0.6667 0.0787, -0.1488 -0.6667 0.0118, -0.4429 0.7874 0.0787, -0.4429 0.6772 0.0787, -0.4429 0.7874 0.0118, -0.4429 0.6772 0.0118, -0.3957 0.6299 0.0787, -0.3957 0.6299 0.0118, -0.4062 0.6311 0.0787, -0.4062 0.6311 0.0118, -0.4162 0.6346 0.0787, -0.4162 0.6346 0.0118, -0.4251 0.6402 0.0787, -0.4251 0.6402 0.0118, -0.4326 0.6477 0.0787, -0.4326 0.6477 0.0118, -0.4382 0.6567 0.0787, -0.4382 0.6567 0.0118, -0.4417 0.6667 0.0787, -0.4417 0.6667 0.0118, -0.3917 0.6299 0.0787, -0.3917 0.6299 0.0118, -0.3445 0.6772 0.0787, -0.3445 0.6772 0.0118, -0.3457 0.6667 0.0787, -0.3457 0.6667 0.0118, -0.3492 0.6567 0.0787, -0.3492 0.6567 0.0118, -0.3548 0.6477 0.0787, -0.3548 0.6477 0.0118, -0.3623 0.6402 0.0787, -0.3623 0.6402 0.0118, -0.3712 0.6346 0.0787, -0.3712 0.6346 0.0118, -0.3812 0.6311 0.0787, -0.3812 0.6311 0.0118, -0.3445 0.7874 0.0787, -0.3445 0.7874 0.0118, -0.4429 -0.6772 0.0787, -0.4429 -0.6772 0.0118, -0.4417 -0.6667 0.0787, -0.4417 -0.6667 0.0118, -0.4382 -0.6567 0.0787, -0.4382 -0.6567 0.0118, -0.4326 -0.6477 0.0787, -0.4326 -0.6477 0.0118, -0.4251 -0.6402 0.0787, -0.4251 -0.6402 0.0118, -0.4162 -0.6346 0.0787, -0.4162 -0.6346 0.0118, -0.4062 -0.6311 0.0787, -0.4062 -0.6311 0.0118, -0.3957 -0.6299 0.0787, -0.3957 -0.6299 0.0118, -0.4429 -0.7874 0.0787, -0.4429 -0.7874 0.0118, -0.3445 -0.7874 0.0787, -0.3445 -0.6772 0.0787, -0.3445 -0.7874 0.0118, -0.3445 -0.6772 0.0118, -0.3917 -0.6299 0.0787, -0.3917 -0.6299 0.0118, -0.3812 -0.6311 0.0787, -0.3812 -0.6311 0.0118, -0.3712 -0.6346 0.0787, -0.3712 -0.6346 0.0118, -0.3623 -0.6402 0.0787, -0.3623 -0.6402 0.0118, -0.3548 -0.6477 0.0787, -0.3548 -0.6477 0.0118, -0.3492 -0.6567 0.0787, -0.3492 -0.6567 0.0118, -0.3457 -0.6667 0.0787, -0.3457 -0.6667 0.0118, -0.6398 -0.6969 0.0787, -0.6398 -0.6969 0.0118, -0.6386 -0.6863 0.0787, -0.6386 -0.6863 0.0118, -0.6351 -0.6764 0.0787, -0.6351 -0.6764 0.0118, -0.6295 -0.6674 0.0787, -0.6295 -0.6674 0.0118, -0.622 -0.6599 0.0787, -0.622 -0.6599 0.0118, -0.613 -0.6543 0.0787, -0.613 -0.6543 0.0118, -0.603 -0.6508 0.0787, -0.603 -0.6508 0.0118, -0.5925 -0.6496 0.0787, -0.5925 -0.6496 0.0118, -0.6398 -0.7874 0.0787, -0.6398 -0.7874 0.0118, -0.5413 -0.7874 0.0787, -0.5413 -0.6969 0.0787, -0.5413 -0.7874 0.0118, -0.5413 -0.6969 0.0118, -0.5886 -0.6496 0.0787, -0.5886 -0.6496 0.0118, -0.5781 -0.6508 0.0787, -0.5781 -0.6508 0.0118, -0.5681 -0.6543 0.0787, -0.5681 -0.6543 0.0118, -0.5591 -0.6599 0.0787, -0.5591 -0.6599 0.0118, -0.5516 -0.6674 0.0787, -0.5516 -0.6674 0.0118, -0.546 -0.6764 0.0787, -0.546 -0.6764 0.0118, -0.5425 -0.6863 0.0787, -0.5425 -0.6863 0.0118, 0.5413 -0.6969 0.0787, 0.5413 -0.6969 0.0118, 0.5425 -0.6863 0.0787, 0.5425 -0.6863 0.0118, 0.546 -0.6764 0.0787, 0.546 -0.6764 0.0118, 0.5516 -0.6674 0.0787, 0.5516 -0.6674 0.0118, 0.5591 -0.6599 0.0787, 0.5591 -0.6599 0.0118, 0.5681 -0.6543 0.0787, 0.5681 -0.6543 0.0118, 0.5781 -0.6508 0.0787, 0.5781 -0.6508 0.0118, 0.5886 -0.6496 0.0787, 0.5886 -0.6496 0.0118, 0.5413 -0.7874 0.0787, 0.5413 -0.7874 0.0118, 0.6398 -0.7874 0.0787, 0.6398 -0.6969 0.0787, 0.6398 -0.7874 0.0118, 0.6398 -0.6969 0.0118, 0.5925 -0.6496 0.0787, 0.5925 -0.6496 0.0118, 0.603 -0.6508 0.0787, 0.603 -0.6508 0.0118, 0.613 -0.6543 0.0787, 0.613 -0.6543 0.0118, 0.622 -0.6599 0.0787, 0.622 -0.6599 0.0118, 0.6295 -0.6674 0.0787, 0.6295 -0.6674 0.0118, 0.6351 -0.6764 0.0787, 0.6351 -0.6764 0.0118, 0.6386 -0.6863 0.0787, 0.6386 -0.6863 0.0118, 0.3445 0.7874 0.0787, 0.3445 0.6772 0.0787, 0.3445 0.7874 0.0118, 0.3445 0.6772 0.0118, 0.3917 0.6299 0.0787, 0.3917 0.6299 0.0118, 0.3812 0.6311 0.0787, 0.3812 0.6311 0.0118, 0.3712 0.6346 0.0787, 0.3712 0.6346 0.0118, 0.3623 0.6402 0.0787, 0.3623 0.6402 0.0118, 0.3548 0.6477 0.0787, 0.3548 0.6477 0.0118, 0.3492 0.6567 0.0787, 0.3492 0.6567 0.0118, 0.3457 0.6667 0.0787, 0.3457 0.6667 0.0118, 0.3957 0.6299 0.0787, 0.3957 0.6299 0.0118, 0.4429 0.6772 0.0787, 0.4429 0.6772 0.0118, 0.4417 0.6667 0.0787, 0.4417 0.6667 0.0118, 0.4382 0.6567 0.0787, 0.4382 0.6567 0.0118, 0.4326 0.6477 0.0787, 0.4326 0.6477 0.0118, 0.4251 0.6402 0.0787, 0.4251 0.6402 0.0118, 0.4162 0.6346 0.0787, 0.4162 0.6346 0.0118, 0.4062 0.6311 0.0787, 0.4062 0.6311 0.0118, 0.4429 0.7874 0.0787, 0.4429 0.7874 0.0118, 0.3445 -0.6772 0.0787, 0.3445 -0.6772 0.0118, 0.3457 -0.6667 0.0787, 0.3457 -0.6667 0.0118, 0.3492 -0.6567 0.0787, 0.3492 -0.6567 0.0118, 0.3548 -0.6477 0.0787, 0.3548 -0.6477 0.0118, 0.3623 -0.6402 0.0787, 0.3623 -0.6402 0.0118, 0.3712 -0.6346 0.0787, 0.3712 -0.6346 0.0118, 0.3812 -0.6311 0.0787, 0.3812 -0.6311 0.0118, 0.3917 -0.6299 0.0787, 0.3917 -0.6299 0.0118, 0.3445 -0.7874 0.0787, 0.3445 -0.7874 0.0118, 0.4429 -0.7874 0.0787, 0.4429 -0.6772 0.0787, 0.4429 -0.7874 0.0118, 0.4429 -0.6772 0.0118, 0.3957 -0.6299 0.0787, 0.3957 -0.6299 0.0118, 0.4062 -0.6311 0.0787, 0.4062 -0.6311 0.0118, 0.4162 -0.6346 0.0787, 0.4162 -0.6346 0.0118, 0.4251 -0.6402 0.0787, 0.4251 -0.6402 0.0118, 0.4326 -0.6477 0.0787, 0.4326 -0.6477 0.0118, 0.4382 -0.6567 0.0787, 0.4382 -0.6567 0.0118, 0.4417 -0.6667 0.0787, 0.4417 -0.6667 0.0118, -0.7874 0.3445 0.0787, -0.6772 0.3445 0.0787, -0.7874 0.3445 0.0118, -0.6772 0.3445 0.0118, -0.6299 0.3917 0.0787, -0.6299 0.3917 0.0118, -0.6311 0.3812 0.0787, -0.6311 0.3812 0.0118, -0.6346 0.3712 0.0787, -0.6346 0.3712 0.0118, -0.6402 0.3623 0.0787, -0.6402 0.3623 0.0118, -0.6477 0.3548 0.0787, -0.6477 0.3548 0.0118, -0.6567 0.3492 0.0787, -0.6567 0.3492 0.0118, -0.6667 0.3457 0.0787, -0.6667 0.3457 0.0118, -0.6299 0.3957 0.0787, -0.6299 0.3957 0.0118, -0.6772 0.4429 0.0787, -0.6772 0.4429 0.0118, -0.6667 0.4417 0.0787, -0.6667 0.4417 0.0118, -0.6567 0.4382 0.0787, -0.6567 0.4382 0.0118, -0.6477 0.4326 0.0787, -0.6477 0.4326 0.0118, -0.6402 0.4251 0.0787, -0.6402 0.4251 0.0118, -0.6346 0.4162 0.0787, -0.6346 0.4162 0.0118, -0.6311 0.4062 0.0787, -0.6311 0.4062 0.0118, -0.7874 0.4429 0.0787, -0.7874 0.4429 0.0118, 0.6969 0.5413 0.0787, 0.6969 0.5413 0.0118, 0.6863 0.5425 0.0787, 0.6863 0.5425 0.0118, 0.6764 0.546 0.0787, 0.6764 0.546 0.0118, 0.6674 0.5516 0.0787, 0.6674 0.5516 0.0118, 0.6599 0.5591 0.0787, 0.6599 0.5591 0.0118, 0.6543 0.5681 0.0787, 0.6543 0.5681 0.0118, 0.6508 0.5781 0.0787, 0.6508 0.5781 0.0118, 0.6496 0.5886 0.0787, 0.6496 0.5886 0.0118, 0.7874 0.5413 0.0787, 0.7874 0.5413 0.0118, 0.7874 0.6398 0.0787, 0.6969 0.6398 0.0787, 0.7874 0.6398 0.0118, 0.6969 0.6398 0.0118, 0.6496 0.5925 0.0787, 0.6496 0.5925 0.0118, 0.6508 0.603 0.0787, 0.6508 0.603 0.0118, 0.6543 0.613 0.0787, 0.6543 0.613 0.0118, 0.6599 0.622 0.0787, 0.6599 0.622 0.0118, 0.6674 0.6295 0.0787, 0.6674 0.6295 0.0118, 0.6764 0.6351 0.0787, 0.6764 0.6351 0.0118, 0.6863 0.6386 0.0787, 0.6863 0.6386 0.0118, 0.1476 -0.6772 0.0787, 0.1476 -0.6772 0.0118, 0.1488 -0.6667 0.0787, 0.1488 -0.6667 0.0118, 0.1523 -0.6567 0.0787, 0.1523 -0.6567 0.0118, 0.1579 -0.6477 0.0787, 0.1579 -0.6477 0.0118, 0.1654 -0.6402 0.0787, 0.1654 -0.6402 0.0118, 0.1744 -0.6346 0.0787, 0.1744 -0.6346 0.0118, 0.1844 -0.6311 0.0787, 0.1844 -0.6311 0.0118, 0.1949 -0.6299 0.0787, 0.1949 -0.6299 0.0118, 0.1476 -0.7874 0.0787, 0.1476 -0.7874 0.0118, 0.2461 -0.7874 0.0787, 0.2461 -0.6772 0.0787, 0.2461 -0.7874 0.0118, 0.2461 -0.6772 0.0118, 0.1988 -0.6299 0.0787, 0.1988 -0.6299 0.0118, 0.2093 -0.6311 0.0787, 0.2093 -0.6311 0.0118, 0.2193 -0.6346 0.0787, 0.2193 -0.6346 0.0118, 0.2283 -0.6402 0.0787, 0.2283 -0.6402 0.0118, 0.2358 -0.6477 0.0787, 0.2358 -0.6477 0.0118, 0.2414 -0.6567 0.0787, 0.2414 -0.6567 0.0118, 0.2449 -0.6667 0.0787, 0.2449 -0.6667 0.0118, 0.1476 0.7874 0.0787, 0.1476 0.6772 0.0787, 0.1476 0.7874 0.0118, 0.1476 0.6772 0.0118, 0.1949 0.6299 0.0787, 0.1949 0.6299 0.0118, 0.1844 0.6311 0.0787, 0.1844 0.6311 0.0118, 0.1744 0.6346 0.0787, 0.1744 0.6346 0.0118, 0.1654 0.6402 0.0787, 0.1654 0.6402 0.0118, 0.1579 0.6477 0.0787, 0.1579 0.6477 0.0118, 0.1523 0.6567 0.0787, 0.1523 0.6567 0.0118, 0.1488 0.6667 0.0787, 0.1488 0.6667 0.0118, 0.1988 0.6299 0.0787, 0.1988 0.6299 0.0118, 0.2461 0.6772 0.0787, 0.2461 0.6772 0.0118, 0.2449 0.6667 0.0787, 0.2449 0.6667 0.0118, 0.2414 0.6567 0.0787, 0.2414 0.6567 0.0118, 0.2358 0.6477 0.0787, 0.2358 0.6477 0.0118, 0.2283 0.6402 0.0787, 0.2283 0.6402 0.0118, 0.2193 0.6346 0.0787, 0.2193 0.6346 0.0118, 0.2093 0.6311 0.0787, 0.2093 0.6311 0.0118, 0.2461 0.7874 0.0787, 0.2461 0.7874 0.0118, -0.0492 -0.6772 0.0787, -0.0492 -0.6772 0.0118, -0.048 -0.6667 0.0787, -0.048 -0.6667 0.0118, -0.0445 -0.6567 0.0787, -0.0445 -0.6567 0.0118, -0.0389 -0.6477 0.0787, -0.0389 -0.6477 0.0118, -0.0314 -0.6402 0.0787, -0.0314 -0.6402 0.0118, -0.0225 -0.6346 0.0787, -0.0225 -0.6346 0.0118, -0.0125 -0.6311 0.0787, -0.0125 -0.6311 0.0118, -0.002 -0.6299 0.0787, -0.002 -0.6299 0.0118, -0.0492 -0.7874 0.0787, -0.0492 -0.7874 0.0118, 0.0492 -0.7874 0.0787, 0.0492 -0.6772 0.0787, 0.0492 -0.7874 0.0118, 0.0492 -0.6772 0.0118, 0.002 -0.6299 0.0787, 0.002 -0.6299 0.0118, 0.0125 -0.6311 0.0787, 0.0125 -0.6311 0.0118, 0.0225 -0.6346 0.0787, 0.0225 -0.6346 0.0118, 0.0314 -0.6402 0.0787, 0.0314 -0.6402 0.0118, 0.0389 -0.6477 0.0787, 0.0389 -0.6477 0.0118, 0.0445 -0.6567 0.0787, 0.0445 -0.6567 0.0118, 0.048 -0.6667 0.0787, 0.048 -0.6667 0.0118, -0.0492 0.7874 0.0787, -0.0492 0.6772 0.0787, -0.0492 0.7874 0.0118, -0.0492 0.6772 0.0118, -0.002 0.6299 0.0787, -0.002 0.6299 0.0118, -0.0125 0.6311 0.0787, -0.0125 0.6311 0.0118, -0.0225 0.6346 0.0787, -0.0225 0.6346 0.0118, -0.0314 0.6402 0.0787, -0.0314 0.6402 0.0118, -0.0389 0.6477 0.0787, -0.0389 0.6477 0.0118, -0.0445 0.6567 0.0787, -0.0445 0.6567 0.0118, -0.048 0.6667 0.0787, -0.048 0.6667 0.0118, 0.002 0.6299 0.0787, 0.002 0.6299 0.0118, 0.0492 0.6772 0.0787, 0.0492 0.6772 0.0118, 0.048 0.6667 0.0787, 0.048 0.6667 0.0118, 0.0445 0.6567 0.0787, 0.0445 0.6567 0.0118, 0.0389 0.6477 0.0787, 0.0389 0.6477 0.0118, 0.0314 0.6402 0.0787, 0.0314 0.6402 0.0118, 0.0225 0.6346 0.0787, 0.0225 0.6346 0.0118, 0.0125 0.6311 0.0787, 0.0125 0.6311 0.0118, 0.0492 0.7874 0.0787, 0.0492 0.7874 0.0118
            ]
        }
        coordIndex [
            0,1,2,-1,2,1,3,-1,4,5,6,-1,6,5,7,-1,6,7,8,-1,8,7,9,-1,8,9,10,-1,10,9,11,-1,10,11,12,-1,12,11,13,-1,12,13,14,-1,14,13,15,-1,14,15,16,-1,16,15,17,-1,16,17,1,-1,1,17,3,-1,4,18,5,-1,5,18,19,-1,20,21,18,-1,18,21,22,-1,18,22,23,-1,23,24,18,-1,18,24,25,-1,18,25,26,-1,8,16,6,-1,6,16,1,-1,6,1,4,-1,4,1,0,-1,4,0,18,-1,18,0,27,-1,18,27,20,-1,8,10,16,-1,16,10,12,-1,16,12,14,-1,28,29,30,-1,30,29,31,-1,30,31,32,-1,32,31,33,-1,32,33,34,-1,34,33,35,-1,34,35,36,-1,36,35,37,-1,36,37,38,-1,38,37,39,-1,38,39,40,-1,40,39,41,-1,40,41,42,-1,42,41,43,-1,28,44,29,-1,29,44,45,-1,46,47,48,-1,48,47,49,-1,48,49,50,-1,50,49,51,-1,50,51,52,-1,52,51,53,-1,52,53,54,-1,54,53,55,-1,54,55,56,-1,56,55,57,-1,56,57,58,-1,58,57,59,-1,58,59,44,-1,44,59,45,-1,46,60,47,-1,47,60,61,-1,62,42,63,-1,63,42,43,-1,60,46,62,-1,62,46,48,-1,54,56,62,-1,62,56,58,-1,48,50,62,-1,62,50,52,-1,62,52,54,-1,58,44,62,-1,62,44,28,-1,62,28,42,-1,42,28,30,-1,30,32,42,-1,42,32,34,-1,42,34,40,-1,40,34,36,-1,40,36,38,-1,64,65,66,-1,66,65,67,-1,68,69,70,-1,70,69,71,-1,72,73,74,-1,74,73,75,-1,74,75,76,-1,76,75,77,-1,76,77,78,-1,78,77,79,-1,78,79,80,-1,80,79,81,-1,80,81,82,-1,82,81,83,-1,82,83,84,-1,84,83,85,-1,84,85,69,-1,69,85,71,-1,72,86,73,-1,73,86,87,-1,64,66,88,-1,88,66,89,-1,88,89,90,-1,90,89,91,-1,90,91,92,-1,92,91,93,-1,92,93,94,-1,94,93,95,-1,94,95,96,-1,96,95,97,-1,96,97,98,-1,98,97,99,-1,98,99,86,-1,86,99,87,-1,69,68,65,-1,69,65,84,-1,76,78,65,-1,96,98,64,-1,98,86,64,-1,64,86,72,-1,64,72,65,-1,65,72,74,-1,65,74,76,-1,64,88,90,-1,78,80,65,-1,65,80,82,-1,65,82,84,-1,90,92,64,-1,64,92,94,-1,64,94,96,-1,100,101,102,-1,102,101,103,-1,102,103,104,-1,104,103,105,-1,104,105,106,-1,106,105,107,-1,106,107,108,-1,108,107,109,-1,108,109,110,-1,110,109,111,-1,110,111,112,-1,112,111,113,-1,112,113,114,-1,114,113,115,-1,100,116,101,-1,101,116,117,-1,118,119,120,-1,120,119,121,-1,120,121,122,-1,122,121,123,-1,122,123,124,-1,124,123,125,-1,124,125,126,-1,126,125,127,-1,126,127,128,-1,128,127,129,-1,128,129,130,-1,130,129,131,-1,130,131,116,-1,116,131,117,-1,118,132,119,-1,119,132,133,-1,134,114,135,-1,135,114,115,-1,132,118,134,-1,134,118,120,-1,104,106,114,-1,126,128,134,-1,134,128,130,-1,120,122,134,-1,134,122,124,-1,134,124,126,-1,130,116,134,-1,134,116,100,-1,134,100,114,-1,114,100,102,-1,114,102,104,-1,106,108,114,-1,114,108,110,-1,114,110,112,-1,136,137,138,-1,138,137,139,-1,140,141,142,-1,142,141,143,-1,144,145,146,-1,146,145,147,-1,146,147,148,-1,148,147,149,-1,148,149,150,-1,150,149,151,-1,150,151,152,-1,152,151,153,-1,152,153,154,-1,154,153,155,-1,154,155,156,-1,156,155,157,-1,156,157,141,-1,141,157,143,-1,144,158,145,-1,145,158,159,-1,136,138,160,-1,160,138,161,-1,160,161,162,-1,162,161,163,-1,162,163,164,-1,164,163,165,-1,164,165,166,-1,166,165,167,-1,166,167,168,-1,168,167,169,-1,168,169,170,-1,170,169,171,-1,170,171,158,-1,158,171,159,-1,141,140,137,-1,146,137,144,-1,144,137,136,-1,144,136,158,-1,146,148,137,-1,137,148,150,-1,137,150,152,-1,166,168,136,-1,136,168,170,-1,136,170,158,-1,152,154,137,-1,137,154,156,-1,137,156,141,-1,166,136,164,-1,164,136,160,-1,164,160,162,-1,172,173,174,-1,174,173,175,-1,176,177,178,-1,178,177,179,-1,180,181,182,-1,182,181,183,-1,182,183,184,-1,184,183,185,-1,184,185,186,-1,186,185,187,-1,186,187,188,-1,188,187,189,-1,188,189,190,-1,190,189,191,-1,190,191,192,-1,192,191,193,-1,192,193,177,-1,177,193,179,-1,180,194,181,-1,181,194,195,-1,172,174,196,-1,196,174,197,-1,196,197,198,-1,198,197,199,-1,198,199,200,-1,200,199,201,-1,200,201,202,-1,202,201,203,-1,202,203,204,-1,204,203,205,-1,204,205,206,-1,206,205,207,-1,206,207,194,-1,194,207,195,-1,194,180,172,-1,172,180,173,-1,173,180,182,-1,173,182,184,-1,184,186,173,-1,173,186,188,-1,173,188,190,-1,190,192,173,-1,173,192,177,-1,173,177,176,-1,202,204,172,-1,172,204,206,-1,172,206,194,-1,202,172,200,-1,200,172,196,-1,200,196,198,-1,208,209,210,-1,210,209,211,-1,210,211,212,-1,212,211,213,-1,212,213,214,-1,214,213,215,-1,214,215,216,-1,216,215,217,-1,216,217,218,-1,218,217,219,-1,218,219,220,-1,220,219,221,-1,220,221,222,-1,222,221,223,-1,208,224,209,-1,209,224,225,-1,226,227,228,-1,228,227,229,-1,230,231,232,-1,232,231,233,-1,232,233,234,-1,234,233,235,-1,234,235,236,-1,236,235,237,-1,236,237,238,-1,238,237,239,-1,238,239,240,-1,240,239,241,-1,240,241,242,-1,242,241,243,-1,242,243,227,-1,227,243,229,-1,230,222,231,-1,231,222,223,-1,226,224,208,-1,208,210,226,-1,226,210,212,-1,226,212,214,-1,214,216,226,-1,226,216,218,-1,226,218,220,-1,220,222,226,-1,226,222,230,-1,226,230,227,-1,227,230,232,-1,227,232,242,-1,242,232,234,-1,234,236,242,-1,242,236,238,-1,242,238,240,-1,244,245,246,-1,246,245,247,-1,246,247,248,-1,248,247,249,-1,248,249,250,-1,250,249,251,-1,250,251,252,-1,252,251,253,-1,252,253,254,-1,254,253,255,-1,254,255,256,-1,256,255,257,-1,256,257,258,-1,258,257,259,-1,244,260,245,-1,245,260,261,-1,262,263,264,-1,264,263,265,-1,266,267,268,-1,268,267,269,-1,268,269,270,-1,270,269,271,-1,270,271,272,-1,272,271,273,-1,272,273,274,-1,274,273,275,-1,274,275,276,-1,276,275,277,-1,276,277,278,-1,278,277,279,-1,278,279,263,-1,263,279,265,-1,266,258,267,-1,267,258,259,-1,262,260,263,-1,263,260,244,-1,263,250,252,-1,244,246,263,-1,263,246,248,-1,263,248,250,-1,252,254,263,-1,263,254,256,-1,263,256,258,-1,258,266,263,-1,263,266,268,-1,263,268,278,-1,278,268,270,-1,270,272,278,-1,278,272,274,-1,278,274,276,-1,280,281,282,-1,282,281,283,-1,282,283,284,-1,284,283,285,-1,284,285,286,-1,286,285,287,-1,286,287,288,-1,288,287,289,-1,288,289,290,-1,290,289,291,-1,290,291,292,-1,292,291,293,-1,292,293,294,-1,294,293,295,-1,280,296,281,-1,281,296,297,-1,298,299,300,-1,300,299,301,-1,300,301,302,-1,302,301,303,-1,302,303,304,-1,304,303,305,-1,304,305,306,-1,306,305,307,-1,306,307,308,-1,308,307,309,-1,308,309,310,-1,310,309,311,-1,310,311,296,-1,296,311,297,-1,298,312,299,-1,299,312,313,-1,314,294,315,-1,315,294,295,-1,294,314,280,-1,312,298,314,-1,314,298,300,-1,314,300,302,-1,302,304,314,-1,314,304,306,-1,314,306,308,-1,308,310,314,-1,314,310,296,-1,314,296,280,-1,282,284,280,-1,280,284,286,-1,280,286,288,-1,288,290,280,-1,280,290,292,-1,280,292,294,-1,316,317,318,-1,318,317,319,-1,318,319,320,-1,320,319,321,-1,320,321,322,-1,322,321,323,-1,322,323,324,-1,324,323,325,-1,324,325,326,-1,326,325,327,-1,326,327,328,-1,328,327,329,-1,328,329,330,-1,330,329,331,-1,316,332,317,-1,317,332,333,-1,334,335,336,-1,336,335,337,-1,336,337,338,-1,338,337,339,-1,338,339,340,-1,340,339,341,-1,340,341,342,-1,342,341,343,-1,342,343,344,-1,344,343,345,-1,344,345,346,-1,346,345,347,-1,346,347,332,-1,332,347,333,-1,334,348,335,-1,335,348,349,-1,350,330,351,-1,351,330,331,-1,350,348,330,-1,330,348,334,-1,334,336,330,-1,330,336,338,-1,330,338,340,-1,340,342,330,-1,330,342,344,-1,330,344,346,-1,346,332,330,-1,330,332,316,-1,330,316,318,-1,318,320,330,-1,330,320,322,-1,330,322,328,-1,328,322,324,-1,328,324,326,-1,352,353,354,-1,354,353,355,-1,356,357,358,-1,358,357,359,-1,360,361,362,-1,362,361,363,-1,362,363,364,-1,364,363,365,-1,364,365,366,-1,366,365,367,-1,366,367,368,-1,368,367,369,-1,368,369,370,-1,370,369,371,-1,370,371,372,-1,372,371,373,-1,372,373,357,-1,357,373,359,-1,360,374,361,-1,361,374,375,-1,352,354,376,-1,376,354,377,-1,376,377,378,-1,378,377,379,-1,378,379,380,-1,380,379,381,-1,380,381,382,-1,382,381,383,-1,382,383,384,-1,384,383,385,-1,384,385,386,-1,386,385,387,-1,386,387,374,-1,374,387,375,-1,357,356,353,-1,364,366,353,-1,353,366,368,-1,386,352,384,-1,384,352,382,-1,386,374,352,-1,352,374,360,-1,352,360,353,-1,353,360,362,-1,353,362,364,-1,368,370,353,-1,353,370,372,-1,353,372,357,-1,382,352,380,-1,380,352,376,-1,380,376,378,-1,388,389,390,-1,390,389,391,-1,390,391,392,-1,392,391,393,-1,392,393,394,-1,394,393,395,-1,394,395,396,-1,396,395,397,-1,396,397,398,-1,398,397,399,-1,398,399,400,-1,400,399,401,-1,400,401,402,-1,402,401,403,-1,388,404,389,-1,389,404,405,-1,406,407,408,-1,408,407,409,-1,408,409,410,-1,410,409,411,-1,410,411,412,-1,412,411,413,-1,412,413,414,-1,414,413,415,-1,414,415,416,-1,416,415,417,-1,416,417,418,-1,418,417,419,-1,418,419,404,-1,404,419,405,-1,406,420,407,-1,407,420,421,-1,422,402,423,-1,423,402,403,-1,422,420,406,-1,392,394,402,-1,406,408,422,-1,422,408,410,-1,422,410,412,-1,412,414,422,-1,422,414,416,-1,422,416,418,-1,418,404,422,-1,422,404,388,-1,422,388,402,-1,402,388,390,-1,402,390,392,-1,394,396,402,-1,402,396,398,-1,402,398,400,-1,424,425,426,-1,426,425,427,-1,426,427,428,-1,428,427,429,-1,428,429,430,-1,430,429,431,-1,430,431,432,-1,432,431,433,-1,432,433,434,-1,434,433,435,-1,434,435,436,-1,436,435,437,-1,436,437,438,-1,438,437,439,-1,424,440,425,-1,425,440,441,-1,442,443,444,-1,444,443,445,-1,446,447,448,-1,448,447,449,-1,448,449,450,-1,450,449,451,-1,450,451,452,-1,452,451,453,-1,452,453,454,-1,454,453,455,-1,454,455,456,-1,456,455,457,-1,456,457,458,-1,458,457,459,-1,458,459,443,-1,443,459,445,-1,446,438,447,-1,447,438,439,-1,442,440,424,-1,436,438,442,-1,442,438,446,-1,442,446,443,-1,424,426,442,-1,442,426,428,-1,442,428,430,-1,430,432,442,-1,442,432,434,-1,442,434,436,-1,448,450,446,-1,446,450,452,-1,446,452,454,-1,454,456,446,-1,446,456,458,-1,446,458,443,-1,460,461,462,-1,462,461,463,-1,464,465,466,-1,466,465,467,-1,466,467,468,-1,468,467,469,-1,468,469,470,-1,470,469,471,-1,470,471,472,-1,472,471,473,-1,472,473,474,-1,474,473,475,-1,474,475,476,-1,476,475,477,-1,476,477,461,-1,461,477,463,-1,464,478,465,-1,465,478,479,-1,480,481,482,-1,482,481,483,-1,482,483,484,-1,484,483,485,-1,484,485,486,-1,486,485,487,-1,486,487,488,-1,488,487,489,-1,488,489,490,-1,490,489,491,-1,490,491,492,-1,492,491,493,-1,492,493,478,-1,478,493,479,-1,480,494,481,-1,481,494,495,-1,488,490,460,-1,490,492,460,-1,460,492,478,-1,460,478,461,-1,461,478,464,-1,461,464,476,-1,476,464,474,-1,494,480,460,-1,460,480,482,-1,468,470,472,-1,482,484,460,-1,460,484,486,-1,460,486,488,-1,474,464,472,-1,472,464,466,-1,472,466,468,-1,496,497,498,-1,498,497,499,-1,500,501,502,-1,502,501,503,-1,502,503,504,-1,504,503,505,-1,504,505,506,-1,506,505,507,-1,506,507,508,-1,508,507,509,-1,508,509,510,-1,510,509,511,-1,510,511,512,-1,512,511,513,-1,512,513,497,-1,497,513,499,-1,500,514,501,-1,501,514,515,-1,516,517,518,-1,518,517,519,-1,518,519,520,-1,520,519,521,-1,520,521,522,-1,522,521,523,-1,522,523,524,-1,524,523,525,-1,524,525,526,-1,526,525,527,-1,526,527,528,-1,528,527,529,-1,528,529,514,-1,514,529,515,-1,516,530,517,-1,517,530,531,-1,496,530,497,-1,497,530,516,-1,497,516,518,-1,518,520,497,-1,497,520,522,-1,497,522,524,-1,524,526,497,-1,497,526,528,-1,497,528,514,-1,514,500,497,-1,497,500,502,-1,497,502,512,-1,512,502,504,-1,504,506,512,-1,512,506,508,-1,512,508,510,-1,532,533,534,-1,534,533,535,-1,534,535,536,-1,536,535,537,-1,536,537,538,-1,538,537,539,-1,538,539,540,-1,540,539,541,-1,540,541,542,-1,542,541,543,-1,542,543,544,-1,544,543,545,-1,544,545,546,-1,546,545,547,-1,532,548,533,-1,533,548,549,-1,550,551,552,-1,552,551,553,-1,554,555,556,-1,556,555,557,-1,556,557,558,-1,558,557,559,-1,558,559,560,-1,560,559,561,-1,560,561,562,-1,562,561,563,-1,562,563,564,-1,564,563,565,-1,564,565,566,-1,566,565,567,-1,566,567,551,-1,551,567,553,-1,554,546,555,-1,555,546,547,-1,551,550,554,-1,548,532,550,-1,550,532,534,-1,550,540,542,-1,534,536,550,-1,550,536,538,-1,550,538,540,-1,542,544,550,-1,550,544,546,-1,550,546,554,-1,554,556,551,-1,551,556,558,-1,551,558,560,-1,560,562,551,-1,551,562,564,-1,551,564,566,-1,568,569,570,-1,570,569,571,-1,572,573,574,-1,574,573,575,-1,574,575,576,-1,576,575,577,-1,576,577,578,-1,578,577,579,-1,578,579,580,-1,580,579,581,-1,580,581,582,-1,582,581,583,-1,582,583,584,-1,584,583,585,-1,584,585,569,-1,569,585,571,-1,572,586,573,-1,573,586,587,-1,588,589,590,-1,590,589,591,-1,590,591,592,-1,592,591,593,-1,592,593,594,-1,594,593,595,-1,594,595,596,-1,596,595,597,-1,596,597,598,-1,598,597,599,-1,598,599,600,-1,600,599,601,-1,600,601,586,-1,586,601,587,-1,588,602,589,-1,589,602,603,-1,568,602,588,-1,572,569,586,-1,586,569,568,-1,586,568,600,-1,588,590,568,-1,568,590,592,-1,568,592,594,-1,594,596,568,-1,568,596,598,-1,568,598,600,-1,572,574,569,-1,569,574,576,-1,569,576,578,-1,578,580,569,-1,569,580,582,-1,569,582,584,-1,604,605,606,-1,606,605,607,-1,606,607,608,-1,608,607,609,-1,608,609,610,-1,610,609,611,-1,610,611,612,-1,612,611,613,-1,612,613,614,-1,614,613,615,-1,614,615,616,-1,616,615,617,-1,616,617,618,-1,618,617,619,-1,604,620,605,-1,605,620,621,-1,622,623,624,-1,624,623,625,-1,626,627,628,-1,628,627,629,-1,628,629,630,-1,630,629,631,-1,630,631,632,-1,632,631,633,-1,632,633,634,-1,634,633,635,-1,634,635,636,-1,636,635,637,-1,636,637,638,-1,638,637,639,-1,638,639,623,-1,623,639,625,-1,626,618,627,-1,627,618,619,-1,622,620,604,-1,616,618,622,-1,622,618,626,-1,622,626,623,-1,623,626,638,-1,604,606,622,-1,622,606,608,-1,622,608,610,-1,610,612,622,-1,622,612,614,-1,622,614,616,-1,626,628,638,-1,638,628,630,-1,638,630,636,-1,636,630,632,-1,636,632,634,-1,640,641,642,-1,642,641,643,-1,642,643,644,-1,644,643,645,-1,644,645,646,-1,646,645,647,-1,646,647,648,-1,648,647,649,-1,648,649,650,-1,650,649,651,-1,650,651,652,-1,652,651,653,-1,652,653,654,-1,654,653,655,-1,640,656,641,-1,641,656,657,-1,658,659,660,-1,660,659,661,-1,662,663,664,-1,664,663,665,-1,664,665,666,-1,666,665,667,-1,666,667,668,-1,668,667,669,-1,668,669,670,-1,670,669,671,-1,670,671,672,-1,672,671,673,-1,672,673,674,-1,674,673,675,-1,674,675,659,-1,659,675,661,-1,662,654,663,-1,663,654,655,-1,658,656,640,-1,640,642,658,-1,658,642,644,-1,658,644,646,-1,646,648,658,-1,658,648,650,-1,658,650,652,-1,652,654,658,-1,658,654,662,-1,658,662,659,-1,659,662,664,-1,659,664,674,-1,674,664,666,-1,666,668,674,-1,674,668,670,-1,674,670,672,-1,676,677,678,-1,678,677,679,-1,678,679,680,-1,680,679,681,-1,680,681,682,-1,682,681,683,-1,682,683,684,-1,684,683,685,-1,684,685,686,-1,686,685,687,-1,686,687,688,-1,688,687,689,-1,688,689,690,-1,690,689,691,-1,676,692,677,-1,677,692,693,-1,694,695,696,-1,696,695,697,-1,698,699,700,-1,700,699,701,-1,700,701,702,-1,702,701,703,-1,702,703,704,-1,704,703,705,-1,704,705,706,-1,706,705,707,-1,706,707,708,-1,708,707,709,-1,708,709,710,-1,710,709,711,-1,710,711,695,-1,695,711,697,-1,698,690,699,-1,699,690,691,-1,695,694,692,-1,695,692,710,-1,692,702,704,-1,680,688,678,-1,678,688,690,-1,678,690,676,-1,676,690,698,-1,676,698,692,-1,692,698,700,-1,692,700,702,-1,680,682,688,-1,688,682,684,-1,688,684,686,-1,704,706,692,-1,692,706,708,-1,692,708,710,-1,712,713,714,-1,714,713,715,-1,716,717,718,-1,718,717,719,-1,718,719,720,-1,720,719,721,-1,720,721,722,-1,722,721,723,-1,722,723,724,-1,724,723,725,-1,724,725,726,-1,726,725,727,-1,726,727,728,-1,728,727,729,-1,728,729,713,-1,713,729,715,-1,716,730,717,-1,717,730,731,-1,732,733,734,-1,734,733,735,-1,734,735,736,-1,736,735,737,-1,736,737,738,-1,738,737,739,-1,738,739,740,-1,740,739,741,-1,740,741,742,-1,742,741,743,-1,742,743,744,-1,744,743,745,-1,744,745,730,-1,730,745,731,-1,732,746,733,-1,733,746,747,-1,746,732,712,-1,712,732,734,-1,712,730,713,-1,713,730,716,-1,713,716,728,-1,728,716,726,-1,720,722,724,-1,734,736,712,-1,712,736,738,-1,712,738,740,-1,740,742,712,-1,712,742,744,-1,712,744,730,-1,726,716,724,-1,724,716,718,-1,724,718,720,-1,748,749,750,-1,750,749,751,-1,750,751,752,-1,752,751,753,-1,752,753,754,-1,754,753,755,-1,754,755,756,-1,756,755,757,-1,756,757,758,-1,758,757,759,-1,758,759,760,-1,760,759,761,-1,760,761,762,-1,762,761,763,-1,748,764,749,-1,749,764,765,-1,766,767,768,-1,768,767,769,-1,770,771,772,-1,772,771,773,-1,772,773,774,-1,774,773,775,-1,774,775,776,-1,776,775,777,-1,776,777,778,-1,778,777,779,-1,778,779,780,-1,780,779,781,-1,780,781,782,-1,782,781,783,-1,782,783,767,-1,767,783,769,-1,770,762,771,-1,771,762,763,-1,767,766,770,-1,764,748,766,-1,766,748,750,-1,766,756,758,-1,750,752,766,-1,766,752,754,-1,766,754,756,-1,758,760,766,-1,766,760,762,-1,766,762,770,-1,772,774,770,-1,770,774,776,-1,770,776,778,-1,778,780,770,-1,770,780,782,-1,770,782,767,-1,784,785,786,-1,786,785,787,-1,788,789,790,-1,790,789,791,-1,790,791,792,-1,792,791,793,-1,792,793,794,-1,794,793,795,-1,794,795,796,-1,796,795,797,-1,796,797,798,-1,798,797,799,-1,798,799,800,-1,800,799,801,-1,800,801,785,-1,785,801,787,-1,788,802,789,-1,789,802,803,-1,804,805,806,-1,806,805,807,-1,806,807,808,-1,808,807,809,-1,808,809,810,-1,810,809,811,-1,810,811,812,-1,812,811,813,-1,812,813,814,-1,814,813,815,-1,814,815,816,-1,816,815,817,-1,816,817,802,-1,802,817,803,-1,804,818,805,-1,805,818,819,-1,785,784,818,-1,792,794,818,-1,818,794,796,-1,796,798,818,-1,818,798,800,-1,818,800,785,-1,808,816,806,-1,806,816,802,-1,806,802,804,-1,804,802,788,-1,804,788,818,-1,818,788,790,-1,818,790,792,-1,808,810,816,-1,816,810,812,-1,816,812,814,-1,820,821,822,-1,822,821,823,-1,822,823,824,-1,824,823,825,-1,824,825,826,-1,826,825,827,-1,826,827,828,-1,828,827,829,-1,828,829,830,-1,830,829,831,-1,830,831,832,-1,832,831,833,-1,832,833,834,-1,834,833,835,-1,820,836,821,-1,821,836,837,-1,838,839,840,-1,840,839,841,-1,842,843,844,-1,844,843,845,-1,844,845,846,-1,846,845,847,-1,846,847,848,-1,848,847,849,-1,848,849,850,-1,850,849,851,-1,850,851,852,-1,852,851,853,-1,852,853,854,-1,854,853,855,-1,854,855,839,-1,839,855,841,-1,842,834,843,-1,843,834,835,-1,838,836,839,-1,839,836,820,-1,839,826,828,-1,820,822,839,-1,839,822,824,-1,839,824,826,-1,828,830,839,-1,839,830,832,-1,839,832,834,-1,834,842,839,-1,839,842,844,-1,839,844,854,-1,854,844,846,-1,846,848,854,-1,854,848,850,-1,854,850,852,-1,856,857,858,-1,858,857,859,-1,858,859,860,-1,860,859,861,-1,860,861,862,-1,862,861,863,-1,862,863,864,-1,864,863,865,-1,864,865,866,-1,866,865,867,-1,866,867,868,-1,868,867,869,-1,868,869,870,-1,870,869,871,-1,856,872,857,-1,857,872,873,-1,874,875,876,-1,876,875,877,-1,878,879,880,-1,880,879,881,-1,880,881,882,-1,882,881,883,-1,882,883,884,-1,884,883,885,-1,884,885,886,-1,886,885,887,-1,886,887,888,-1,888,887,889,-1,888,889,890,-1,890,889,891,-1,890,891,875,-1,875,891,877,-1,878,870,879,-1,879,870,871,-1,875,874,878,-1,875,878,890,-1,872,856,874,-1,874,856,858,-1,874,858,860,-1,860,862,874,-1,874,862,864,-1,874,864,866,-1,866,868,874,-1,874,868,870,-1,874,870,878,-1,878,880,890,-1,890,880,882,-1,890,882,888,-1,888,882,884,-1,888,884,886,-1,892,893,894,-1,894,893,895,-1,896,897,898,-1,898,897,899,-1,898,899,900,-1,900,899,901,-1,900,901,902,-1,902,901,903,-1,902,903,904,-1,904,903,905,-1,904,905,906,-1,906,905,907,-1,906,907,908,-1,908,907,909,-1,908,909,893,-1,893,909,895,-1,896,910,897,-1,897,910,911,-1,912,913,914,-1,914,913,915,-1,914,915,916,-1,916,915,917,-1,916,917,918,-1,918,917,919,-1,918,919,920,-1,920,919,921,-1,920,921,922,-1,922,921,923,-1,922,923,924,-1,924,923,925,-1,924,925,910,-1,910,925,911,-1,912,926,913,-1,913,926,927,-1,924,910,892,-1,892,926,912,-1,892,910,893,-1,893,910,896,-1,893,896,908,-1,900,902,904,-1,912,914,892,-1,892,914,916,-1,892,916,918,-1,900,904,898,-1,918,920,892,-1,892,920,922,-1,892,922,924,-1,898,904,896,-1,896,904,906,-1,896,906,908,-1,928,929,930,-1,930,929,931,-1,930,931,932,-1,932,931,933,-1,932,933,934,-1,934,933,935,-1,934,935,936,-1,936,935,937,-1,936,937,938,-1,938,937,939,-1,938,939,940,-1,940,939,941,-1,940,941,942,-1,942,941,943,-1,928,944,929,-1,929,944,945,-1,946,947,948,-1,948,947,949,-1,950,951,952,-1,952,951,953,-1,952,953,954,-1,954,953,955,-1,954,955,956,-1,956,955,957,-1,956,957,958,-1,958,957,959,-1,958,959,960,-1,960,959,961,-1,960,961,962,-1,962,961,963,-1,962,963,947,-1,947,963,949,-1,950,942,951,-1,951,942,943,-1,944,928,946,-1,946,928,930,-1,946,930,932,-1,946,950,947,-1,947,950,952,-1,947,952,954,-1,932,934,946,-1,946,934,936,-1,946,936,938,-1,938,940,946,-1,946,940,942,-1,946,942,950,-1,954,956,947,-1,947,956,958,-1,947,958,962,-1,962,958,960,-1,964,965,966,-1,966,965,967,-1,968,969,970,-1,970,969,971,-1,970,971,972,-1,972,971,973,-1,972,973,974,-1,974,973,975,-1,974,975,976,-1,976,975,977,-1,976,977,978,-1,978,977,979,-1,978,979,980,-1,980,979,981,-1,980,981,965,-1,965,981,967,-1,968,982,969,-1,969,982,983,-1,984,985,986,-1,986,985,987,-1,986,987,988,-1,988,987,989,-1,988,989,990,-1,990,989,991,-1,990,991,992,-1,992,991,993,-1,992,993,994,-1,994,993,995,-1,994,995,996,-1,996,995,997,-1,996,997,982,-1,982,997,983,-1,984,998,985,-1,985,998,999,-1,992,994,964,-1,970,972,965,-1,998,984,964,-1,964,984,986,-1,994,996,964,-1,964,996,982,-1,964,982,965,-1,965,982,968,-1,965,968,970,-1,986,988,964,-1,964,988,990,-1,964,990,992,-1,972,974,965,-1,965,974,976,-1,965,976,980,-1,980,976,978,-1,
        ]
    }
}
Shape{
    appearance Appearance {
        material  Material 	{
            diffuseColor 0.7529411764705882 0.7529411764705882 0.7529411764705882
            specularColor 0.3764705882352941 0.3764705882352941 0.3764705882352941
            ambientIntensity 0.7529
            transparency 0.0
            shininess 0.5
        }
    }
    geometry IndexedFaceSet {
        ccw TRUE
        solid FALSE
        coord DEF co Coordinate {
            point [
                -0.5632 0.6412 0.2953, -0.5632 0.6412 0.2992, -0.5659 0.6618 0.2953, -0.5659 0.6618 0.2992, -0.5738 0.681 0.2953, -0.5738 0.681 0.2992, -0.5865 0.6974 0.2953, -0.5865 0.6974 0.2992, -0.6029 0.7101 0.2953, -0.6029 0.7101 0.2992, -0.6221 0.718 0.2953, -0.6221 0.718 0.2992, -0.6427 0.7207 0.2953, -0.6427 0.7207 0.2992, -0.6632 0.718 0.2953, -0.6632 0.718 0.2992, -0.6824 0.7101 0.2953, -0.6824 0.7101 0.2992, -0.6988 0.6974 0.2953, -0.6988 0.6974 0.2992, -0.7115 0.681 0.2953, -0.7115 0.681 0.2992, -0.7194 0.6618 0.2953, -0.7194 0.6618 0.2992, -0.7221 0.6412 0.2953, -0.7221 0.6412 0.2992, -0.7194 0.6207 0.2953, -0.7194 0.6207 0.2992, -0.7115 0.6015 0.2953, -0.7115 0.6015 0.2992, -0.6988 0.5851 0.2953, -0.6988 0.5851 0.2992, -0.6824 0.5724 0.2953, -0.6824 0.5724 0.2992, -0.6632 0.5645 0.2953, -0.6632 0.5645 0.2992, -0.6427 0.5618 0.2953, -0.6427 0.5618 0.2992, -0.6221 0.5645 0.2953, -0.6221 0.5645 0.2992, -0.6029 0.5724 0.2953, -0.6029 0.5724 0.2992, -0.5865 0.5851 0.2953, -0.5865 0.5851 0.2992, -0.5738 0.6015 0.2953, -0.5738 0.6015 0.2992, -0.5659 0.6207 0.2953, -0.5659 0.6207 0.2992, -0.6427 0.6412 0.2953, 0.4901 -0.5697 0.3031, 0.4901 -0.5743 0.3031, 0.4901 -0.5697 0.2992, 0.4901 -0.5743 0.2992, 0.4741 -0.5697 0.3031, 0.4741 -0.5697 0.2992, 0.4741 -0.5342 0.3031, 0.4741 -0.5342 0.2992, 0.469 -0.5342 0.3031, 0.469 -0.5342 0.2992, 0.469 -0.5743 0.3031, 0.469 -0.5743 0.2992, 0.5217 -0.5726 0.2992, 0.5217 -0.5726 0.3031, 0.521 -0.5729 0.3031, 0.5106 -0.5749 0.3031, 0.5106 -0.5749 0.2992, 0.5167 -0.5743 0.3031, 0.5141 -0.5746 0.2992, 0.5167 -0.5743 0.2992, 0.52 -0.5733 0.2992, 0.521 -0.5729 0.2992, 0.5217 -0.5676 0.3031, 0.5217 -0.5676 0.2992, 0.52 -0.5684 0.2992, 0.5178 -0.5694 0.3031, 0.5178 -0.5694 0.2992, 0.5132 -0.5703 0.2992, 0.5132 -0.5703 0.3031, 0.5114 -0.5703 0.2992, 0.5114 -0.5703 0.3031, 0.5073 -0.5698 0.2992, 0.5073 -0.5698 0.3031, 0.5045 -0.5687 0.2992, 0.5045 -0.5687 0.3031, 0.5019 -0.5669 0.2992, 0.5019 -0.5669 0.3031, 0.5011 -0.5661 0.2992, 0.5011 -0.5661 0.3031, 0.4993 -0.5637 0.2992, 0.4993 -0.5637 0.3031, 0.4979 -0.5605 0.2992, 0.4979 -0.5605 0.3031, 0.4972 -0.5566 0.2992, 0.4972 -0.5566 0.3031, 0.4971 -0.5547 0.2992, 0.4971 -0.5547 0.3031, 0.4978 -0.5492 0.2992, 0.4978 -0.5492 0.3031, 0.4991 -0.5457 0.2992, 0.4991 -0.5457 0.3031, 0.5011 -0.5429 0.2992, 0.5011 -0.5429 0.3031, 0.5013 -0.5427 0.2992, 0.5013 -0.5427 0.3031, 0.5037 -0.5406 0.2992, 0.5037 -0.5406 0.3031, 0.5068 -0.5391 0.2992, 0.5068 -0.5391 0.3031, 0.5103 -0.5383 0.2992, 0.5103 -0.5383 0.3031, 0.5123 -0.5382 0.2992, 0.5123 -0.5382 0.3031, 0.5217 -0.5406 0.2992, 0.5217 -0.5406 0.3031, 0.5212 -0.5403 0.3031, 0.5172 -0.5388 0.2992, 0.5172 -0.5388 0.3031, 0.52 -0.5399 0.2992, 0.5212 -0.5403 0.2992, 0.5217 -0.5352 0.3031, 0.5217 -0.5352 0.2992, 0.52 -0.5347 0.2992, 0.5174 -0.534 0.3031, 0.5122 -0.5335 0.2992, 0.5122 -0.5335 0.3031, 0.5165 -0.5339 0.2992, 0.5174 -0.534 0.2992, 0.5094 -0.5339 0.2992, 0.5064 -0.5342 0.3031, 0.5064 -0.5342 0.2992, 0.5022 -0.5359 0.2992, 0.5022 -0.5359 0.3031, 0.4985 -0.5385 0.2992, 0.4985 -0.5385 0.3031, 0.4975 -0.5394 0.2992, 0.4975 -0.5394 0.3031, 0.4946 -0.5432 0.2992, 0.4946 -0.5432 0.3031, 0.4927 -0.5477 0.2992, 0.4927 -0.5477 0.3031, 0.4918 -0.5529 0.2992, 0.4918 -0.5529 0.3031, 0.4917 -0.555 0.2992, 0.4917 -0.555 0.3031, 0.4925 -0.5615 0.2992, 0.4925 -0.5615 0.3031, 0.4941 -0.5657 0.2992, 0.4941 -0.5657 0.3031, 0.4965 -0.5691 0.2992, 0.4965 -0.5691 0.3031, 0.4969 -0.5695 0.2992, 0.4969 -0.5695 0.3031, 0.5082 -0.5748 0.3031, 0.5001 -0.5721 0.2992, 0.5001 -0.5721 0.3031, 0.5039 -0.5739 0.2992, 0.5039 -0.5739 0.3031, 0.5071 -0.5746 0.2992, 0.5082 -0.5748 0.2992, 0.5512 -0.5697 0.3031, 0.5512 -0.5743 0.3031, 0.5512 -0.5697 0.2992, 0.5512 -0.5743 0.2992, 0.5349 -0.5697 0.2992, 0.5349 -0.5697 0.3031, 0.5457 -0.5697 0.2992, 0.5349 -0.5562 0.3031, 0.5349 -0.5562 0.2992, 0.5492 -0.5562 0.3031, 0.5457 -0.5562 0.2992, 0.5492 -0.5562 0.2992, 0.5492 -0.5516 0.3031, 0.5492 -0.5516 0.2992, 0.5349 -0.5516 0.2992, 0.5349 -0.5516 0.3031, 0.5457 -0.5516 0.2992, 0.5349 -0.5388 0.3031, 0.5349 -0.5388 0.2992, 0.5503 -0.5388 0.3031, 0.5457 -0.5388 0.2992, 0.5503 -0.5388 0.2992, 0.5503 -0.5342 0.3031, 0.5503 -0.5342 0.2992, 0.5297 -0.5342 0.2992, 0.5297 -0.5342 0.3031, 0.5457 -0.5342 0.2992, 0.5297 -0.5743 0.3031, 0.5297 -0.5743 0.2992, 0.5457 -0.5743 0.2992, 0.5854 -0.5686 0.3031, 0.5812 -0.5659 0.3031, 0.5812 -0.5716 0.3031, 0.5786 -0.5677 0.3031, 0.5766 -0.5734 0.3031, 0.5753 -0.569 0.3031, 0.5698 -0.5743 0.3031, 0.5698 -0.5697 0.3031, 0.5588 -0.5743 0.3031, 0.564 -0.5697 0.3031, 0.5588 -0.5342 0.3031, 0.564 -0.5388 0.3031, 0.5702 -0.5342 0.3031, 0.57 -0.5388 0.3031, 0.5706 -0.5388 0.3031, 0.5763 -0.5349 0.3031, 0.5756 -0.5395 0.3031, 0.5812 -0.5367 0.3031, 0.579 -0.5408 0.3031, 0.5854 -0.5395 0.3031, 0.5816 -0.5426 0.3031, 0.5868 -0.5409 0.3031, 0.5827 -0.5437 0.3031, 0.5892 -0.5444 0.3031, 0.5842 -0.5459 0.3031, 0.5907 -0.5482 0.3031, 0.5854 -0.5489 0.3031, 0.5914 -0.5537 0.3031, 0.586 -0.5539 0.3031, 0.5913 -0.5563 0.3031, 0.5858 -0.5567 0.3031, 0.5903 -0.561 0.3031, 0.585 -0.5603 0.3031, 0.5883 -0.5651 0.3031, 0.5835 -0.5633 0.3031, 0.5817 -0.5655 0.3031, 0.5698 -0.5743 0.2992, 0.5588 -0.5743 0.2992, 0.5854 -0.5686 0.2992, 0.5766 -0.5734 0.2992, 0.5771 -0.5732 0.2992, 0.5812 -0.5716 0.2992, 0.5883 -0.5651 0.2992, 0.5903 -0.561 0.2992, 0.5913 -0.5563 0.2992, 0.5914 -0.5537 0.2992, 0.5907 -0.5482 0.2992, 0.5892 -0.5444 0.2992, 0.5868 -0.5409 0.2992, 0.5854 -0.5395 0.2992, 0.5702 -0.5342 0.2992, 0.5812 -0.5367 0.2992, 0.5771 -0.5352 0.2992, 0.5763 -0.5349 0.2992, 0.5588 -0.5342 0.2992, 0.57 -0.5388 0.2992, 0.564 -0.5388 0.2992, 0.564 -0.5697 0.2992, 0.5698 -0.5697 0.2992, 0.5817 -0.5655 0.2992, 0.5812 -0.5659 0.2992, 0.5786 -0.5677 0.2992, 0.5753 -0.569 0.2992, 0.586 -0.5539 0.2992, 0.5858 -0.5567 0.2992, 0.585 -0.5603 0.2992, 0.5835 -0.5633 0.2992, 0.5816 -0.5426 0.2992, 0.5827 -0.5437 0.2992, 0.5842 -0.5459 0.2992, 0.5854 -0.5489 0.2992, 0.5706 -0.5388 0.2992, 0.5756 -0.5395 0.2992, 0.579 -0.5408 0.2992
            ]
        }
        coordIndex [
            0,1,2,-1,2,1,3,-1,2,3,4,-1,4,3,5,-1,4,5,6,-1,6,5,7,-1,6,7,8,-1,8,7,9,-1,8,9,10,-1,10,9,11,-1,10,11,12,-1,12,11,13,-1,12,13,14,-1,14,13,15,-1,14,15,16,-1,16,15,17,-1,16,17,18,-1,18,17,19,-1,18,19,20,-1,20,19,21,-1,20,21,22,-1,22,21,23,-1,22,23,24,-1,24,23,25,-1,24,25,26,-1,26,25,27,-1,26,27,28,-1,28,27,29,-1,28,29,30,-1,30,29,31,-1,30,31,32,-1,32,31,33,-1,32,33,34,-1,34,33,35,-1,34,35,36,-1,36,35,37,-1,36,37,38,-1,38,37,39,-1,38,39,40,-1,40,39,41,-1,40,41,42,-1,42,41,43,-1,42,43,44,-1,44,43,45,-1,44,45,46,-1,46,45,47,-1,46,47,0,-1,0,47,1,-1,44,46,48,-1,48,46,0,-1,48,0,2,-1,38,40,48,-1,48,40,42,-1,48,42,44,-1,32,34,48,-1,48,34,36,-1,48,36,38,-1,26,28,48,-1,48,28,30,-1,48,30,32,-1,20,22,48,-1,48,22,24,-1,48,24,26,-1,14,16,48,-1,48,16,18,-1,48,18,20,-1,8,10,48,-1,48,10,12,-1,48,12,14,-1,2,4,48,-1,48,4,6,-1,48,6,8,-1,49,50,51,-1,51,50,52,-1,53,49,54,-1,54,49,51,-1,55,53,56,-1,56,53,54,-1,57,55,58,-1,58,55,56,-1,59,57,60,-1,60,57,58,-1,50,59,52,-1,52,59,60,-1,55,57,53,-1,53,57,59,-1,53,59,49,-1,49,59,50,-1,61,62,63,-1,64,65,66,-1,66,65,67,-1,67,68,66,-1,66,68,69,-1,66,69,63,-1,63,69,70,-1,63,70,61,-1,71,62,72,-1,72,62,61,-1,71,72,73,-1,71,73,74,-1,73,75,74,-1,74,75,76,-1,74,76,77,-1,77,76,78,-1,77,78,79,-1,79,78,80,-1,79,80,81,-1,81,80,82,-1,81,82,83,-1,83,82,84,-1,83,84,85,-1,85,84,86,-1,85,86,87,-1,87,86,88,-1,87,88,89,-1,89,88,90,-1,89,90,91,-1,91,90,92,-1,91,92,93,-1,93,92,94,-1,93,94,95,-1,95,94,96,-1,95,96,97,-1,97,96,98,-1,97,98,99,-1,99,98,100,-1,99,100,101,-1,101,100,102,-1,101,102,103,-1,103,102,104,-1,103,104,105,-1,105,104,106,-1,105,106,107,-1,107,106,108,-1,107,108,109,-1,109,108,110,-1,109,110,111,-1,112,113,114,-1,111,110,115,-1,111,115,116,-1,116,115,117,-1,116,117,114,-1,114,117,118,-1,114,118,112,-1,119,113,120,-1,120,113,112,-1,119,120,121,-1,119,121,122,-1,123,124,125,-1,125,124,122,-1,125,122,126,-1,126,122,121,-1,124,123,127,-1,124,127,128,-1,127,129,128,-1,128,129,130,-1,128,130,131,-1,131,130,132,-1,131,132,133,-1,133,132,134,-1,133,134,135,-1,135,134,136,-1,135,136,137,-1,137,136,138,-1,137,138,139,-1,139,138,140,-1,139,140,141,-1,141,140,142,-1,141,142,143,-1,143,142,144,-1,143,144,145,-1,145,144,146,-1,145,146,147,-1,147,146,148,-1,147,148,149,-1,149,148,150,-1,149,150,151,-1,65,64,152,-1,151,150,153,-1,151,153,154,-1,154,153,155,-1,154,155,156,-1,156,155,157,-1,156,157,152,-1,152,157,158,-1,152,158,65,-1,105,107,128,-1,97,99,137,-1,137,99,135,-1,128,107,124,-1,107,109,124,-1,124,109,111,-1,124,111,122,-1,122,111,116,-1,122,116,119,-1,119,116,114,-1,119,114,113,-1,62,71,63,-1,63,71,74,-1,63,74,66,-1,66,74,77,-1,66,77,64,-1,64,77,79,-1,64,79,152,-1,152,79,81,-1,152,81,156,-1,156,81,83,-1,156,83,154,-1,154,83,85,-1,154,85,151,-1,151,85,87,-1,151,87,149,-1,149,87,89,-1,149,89,147,-1,143,95,141,-1,141,95,97,-1,141,97,139,-1,139,97,137,-1,99,101,135,-1,135,101,103,-1,135,103,133,-1,133,103,105,-1,133,105,131,-1,131,105,128,-1,147,89,145,-1,145,89,91,-1,145,91,143,-1,143,91,93,-1,143,93,95,-1,159,160,161,-1,161,160,162,-1,163,164,165,-1,165,164,159,-1,165,159,161,-1,166,164,167,-1,167,164,163,-1,166,167,168,-1,168,167,169,-1,168,169,170,-1,171,168,172,-1,172,168,170,-1,173,174,175,-1,175,174,171,-1,175,171,172,-1,176,174,177,-1,177,174,173,-1,176,177,178,-1,178,177,179,-1,178,179,180,-1,181,178,182,-1,182,178,180,-1,183,184,185,-1,185,184,181,-1,185,181,182,-1,186,184,187,-1,187,184,183,-1,186,187,160,-1,160,187,188,-1,160,188,162,-1,186,160,159,-1,159,164,186,-1,186,164,166,-1,186,166,184,-1,178,181,176,-1,176,181,184,-1,176,184,174,-1,174,184,166,-1,174,166,171,-1,171,166,168,-1,189,190,191,-1,191,190,192,-1,191,192,193,-1,193,192,194,-1,193,194,195,-1,195,194,196,-1,195,196,197,-1,197,196,198,-1,197,198,199,-1,199,198,200,-1,199,200,201,-1,200,202,201,-1,201,202,203,-1,201,203,204,-1,204,203,205,-1,204,205,206,-1,206,205,207,-1,206,207,208,-1,208,207,209,-1,208,209,210,-1,210,209,211,-1,210,211,212,-1,212,211,213,-1,212,213,214,-1,214,213,215,-1,214,215,216,-1,216,215,217,-1,216,217,218,-1,218,217,219,-1,218,219,220,-1,220,219,221,-1,220,221,222,-1,222,221,223,-1,222,223,189,-1,189,223,224,-1,189,224,190,-1,195,197,225,-1,225,197,226,-1,227,189,191,-1,195,225,228,-1,195,228,193,-1,193,228,229,-1,193,229,191,-1,191,229,230,-1,191,230,227,-1,189,227,231,-1,189,231,222,-1,222,231,232,-1,222,232,220,-1,220,232,233,-1,220,233,218,-1,218,233,234,-1,218,234,216,-1,216,234,235,-1,216,235,214,-1,214,235,236,-1,214,236,212,-1,212,236,237,-1,212,237,210,-1,210,237,238,-1,210,238,208,-1,239,201,204,-1,208,238,240,-1,208,240,206,-1,206,240,241,-1,206,241,204,-1,204,241,242,-1,204,242,239,-1,199,201,243,-1,243,201,239,-1,197,199,226,-1,226,199,243,-1,202,200,244,-1,244,200,245,-1,200,198,245,-1,245,198,246,-1,198,196,246,-1,246,196,247,-1,224,248,249,-1,224,249,190,-1,190,249,250,-1,190,250,192,-1,192,250,251,-1,192,251,194,-1,194,251,247,-1,194,247,196,-1,217,252,253,-1,217,253,219,-1,219,253,254,-1,219,254,221,-1,221,254,255,-1,221,255,223,-1,223,255,248,-1,223,248,224,-1,209,256,257,-1,209,257,211,-1,211,257,258,-1,211,258,213,-1,213,258,259,-1,213,259,215,-1,215,259,252,-1,215,252,217,-1,202,244,260,-1,202,260,203,-1,203,260,261,-1,203,261,205,-1,205,261,262,-1,205,262,207,-1,207,262,256,-1,207,256,209,-1,
        ]
    }
}
Shape{
    appearance Appearance {
        material  Material 	{
            diffuseColor 0.25098039215686274 0.25098039215686274 0.25098039215686274
            specularColor 0.12549019607843137 0.12549019607843137 0.12549019607843137
            ambientIntensity 0.251
            transparency 0.0
            shininess 0.5
        }
    }
    geometry IndexedFaceSet {
        ccw TRUE
        solid FALSE
        coord DEF co Coordinate {
            point [
                0.564 -0.5388 0.2992, 0.564 -0.5697 0.2992, 0.57 -0.5388 0.2992, 0.5698 -0.5697 0.2992, 0.5706 -0.5388 0.2992, 0.5753 -0.569 0.2992, 0.5786 -0.5677 0.2992, 0.5812 -0.5659 0.2992, 0.5817 -0.5655 0.2992, 0.5835 -0.5633 0.2992, 0.586 -0.5539 0.2992, 0.5816 -0.5426 0.2992, 0.5858 -0.5567 0.2992, 0.579 -0.5408 0.2992, 0.585 -0.5603 0.2992, 0.5756 -0.5395 0.2992, 0.5854 -0.5489 0.2992, 0.5842 -0.5459 0.2992, 0.5827 -0.5437 0.2992
            ]
        }
        coordIndex [
            0,1,2,-1,2,1,3,-1,2,3,4,-1,4,3,5,-1,4,5,6,-1,6,7,4,-1,4,7,8,-1,4,8,9,-1,10,11,12,-1,12,11,13,-1,9,14,4,-1,4,14,12,-1,4,12,15,-1,15,12,13,-1,16,17,10,-1,10,17,18,-1,10,18,11,-1,
        ]
    }
}
Shape{
    appearance Appearance {
        material  Material 	{
            diffuseColor 0.7529411764705882 0.7529411764705882 0.7529411764705882
            specularColor 0.3764705882352941 0.3764705882352941 0.3764705882352941
            ambientIntensity 0.7529
            transparency 0.0
            shininess 0.5
        }
    }
    geometry IndexedFaceSet {
        ccw TRUE
        solid FALSE
        coord DEF co Coordinate {
            point [
                0.6048 -0.5588 0.3031, 0.6032 -0.5633 0.3031, 0.6182 -0.5588 0.3031, 0.6198 -0.5633 0.3031, 0.6108 -0.5421 0.3031, 0.6089 -0.5342 0.3031, 0.5936 -0.5743 0.3031, 0.5993 -0.5743 0.3031, 0.6111 -0.5409 0.3031, 0.6115 -0.5393 0.3031, 0.6144 -0.5342 0.3031, 0.6116 -0.5393 0.3031, 0.6119 -0.541 0.3031, 0.6122 -0.5421 0.3031, 0.6296 -0.5743 0.3031, 0.6239 -0.5743 0.3031, 0.6144 -0.5342 0.2992, 0.6296 -0.5743 0.2992, 0.6089 -0.5342 0.2992, 0.5936 -0.5743 0.2992, 0.6052 -0.544 0.2992, 0.5993 -0.5743 0.2992, 0.6032 -0.5633 0.2992, 0.6198 -0.5633 0.2992, 0.6052 -0.5633 0.2992, 0.6239 -0.5743 0.2992, 0.6048 -0.5588 0.2992, 0.6182 -0.5588 0.2992, 0.6122 -0.5421 0.2992, 0.6116 -0.5393 0.2992, 0.6119 -0.541 0.2992, 0.6115 -0.5393 0.2992, 0.6108 -0.5421 0.2992, 0.6111 -0.5409 0.2992
            ]
        }
        coordIndex [
            0,1,2,-1,2,1,3,-1,4,5,0,-1,0,5,6,-1,0,6,1,-1,1,6,7,-1,4,8,5,-1,5,8,9,-1,5,9,10,-1,10,9,11,-1,10,11,12,-1,12,13,10,-1,10,13,2,-1,10,2,14,-1,14,2,3,-1,14,3,15,-1,10,14,16,-1,16,14,17,-1,5,10,18,-1,18,10,16,-1,19,6,20,-1,20,6,5,-1,20,5,18,-1,7,6,21,-1,21,6,19,-1,1,7,22,-1,22,7,21,-1,23,3,24,-1,24,3,1,-1,24,1,22,-1,15,3,25,-1,25,3,23,-1,14,15,17,-1,17,15,25,-1,0,2,26,-1,26,2,27,-1,2,13,27,-1,27,13,28,-1,11,29,30,-1,11,30,12,-1,12,30,28,-1,12,28,13,-1,11,9,29,-1,29,9,31,-1,4,32,33,-1,4,33,8,-1,8,33,31,-1,8,31,9,-1,4,0,32,-1,32,0,26,-1,
        ]
    }
}
Shape{
    appearance Appearance {
        material  Material 	{
            diffuseColor 0.25098039215686274 0.25098039215686274 0.25098039215686274
            specularColor 0.12549019607843137 0.12549019607843137 0.12549019607843137
            ambientIntensity 0.251
            transparency 0.0
            shininess 0.5
        }
    }
    geometry IndexedFaceSet {
        ccw TRUE
        solid FALSE
        coord DEF co Coordinate {
            point [
                0.6116 -0.5393 0.2992, 0.6115 -0.5393 0.2992, 0.6119 -0.541 0.2992, 0.6111 -0.5409 0.2992, 0.6122 -0.5421 0.2992, 0.6108 -0.5421 0.2992, 0.6182 -0.5588 0.2992, 0.6048 -0.5588 0.2992
            ]
        }
        coordIndex [
            0,1,2,-1,2,1,3,-1,2,3,4,-1,4,3,5,-1,4,5,6,-1,6,5,7,-1,
        ]
    }
}
Shape{
    appearance Appearance {
        material  Material 	{
            diffuseColor 0.7529411764705882 0.7529411764705882 0.7529411764705882
            specularColor 0.3764705882352941 0.3764705882352941 0.3764705882352941
            ambientIntensity 0.7529
            transparency 0.0
            shininess 0.5
        }
    }
    geometry IndexedFaceSet {
        ccw TRUE
        solid FALSE
        coord DEF co Coordinate {
            point [
                0.4905 -0.6332 0.3031, 0.4905 -0.6378 0.3031, 0.4905 -0.6332 0.2992, 0.4905 -0.6378 0.2992, 0.4741 -0.6332 0.2992, 0.4741 -0.6332 0.3031, 0.4903 -0.6332 0.2992, 0.4741 -0.6197 0.3031, 0.4741 -0.6197 0.2992, 0.4885 -0.6197 0.3031, 0.4885 -0.6197 0.2992, 0.4885 -0.6151 0.3031, 0.4885 -0.6151 0.2992, 0.4741 -0.6151 0.3031, 0.4741 -0.6151 0.2992, 0.4741 -0.6023 0.3031, 0.4741 -0.6023 0.2992, 0.4896 -0.6023 0.3031, 0.4896 -0.6023 0.2992, 0.4896 -0.5977 0.3031, 0.4896 -0.5977 0.2992, 0.469 -0.5977 0.3031, 0.469 -0.5977 0.2992, 0.469 -0.6378 0.3031, 0.469 -0.6378 0.2992, 0.4903 -0.6378 0.2992, 0.5133 -0.6378 0.3031, 0.5183 -0.6378 0.3031, 0.5133 -0.6333 0.3031, 0.5183 -0.6194 0.3031, 0.5032 -0.6251 0.3031, 0.5066 -0.6243 0.3031, 0.5133 -0.6234 0.3031, 0.5133 -0.6262 0.3031, 0.5131 -0.6333 0.3031, 0.5105 -0.6326 0.3031, 0.512 -0.635 0.3031, 0.5091 -0.6336 0.3031, 0.5133 -0.6265 0.3031, 0.5129 -0.6287 0.3031, 0.5122 -0.6305 0.3031, 0.5111 -0.632 0.3031, 0.5113 -0.6089 0.3031, 0.5103 -0.6132 0.3031, 0.5134 -0.6096 0.3031, 0.5112 -0.6137 0.3031, 0.5022 -0.6257 0.3031, 0.5133 -0.6196 0.3031, 0.5131 -0.6174 0.3031, 0.5178 -0.6152 0.3031, 0.5126 -0.6156 0.3031, 0.517 -0.613 0.3031, 0.512 -0.6146 0.3031, 0.5159 -0.6115 0.3031, 0.515 -0.6106 0.3031, 0.4981 -0.6112 0.3031, 0.4981 -0.616 0.3031, 0.4991 -0.6106 0.3031, 0.5015 -0.6139 0.3031, 0.5029 -0.6091 0.3031, 0.5047 -0.6129 0.3031, 0.5079 -0.6085 0.3031, 0.5075 -0.6126 0.3031, 0.5092 -0.6128 0.3031, 0.5014 -0.6326 0.3031, 0.4978 -0.6362 0.3031, 0.5018 -0.633 0.3031, 0.4994 -0.6374 0.3031, 0.5028 -0.6337 0.3031, 0.5014 -0.6381 0.3031, 0.504 -0.6341 0.3031, 0.5044 -0.6384 0.3031, 0.5057 -0.6343 0.3031, 0.5071 -0.6381 0.3031, 0.5075 -0.6341 0.3031, 0.5091 -0.6373 0.3031, 0.5103 -0.6366 0.3031, 0.5048 -0.6208 0.3031, 0.5007 -0.6218 0.3031, 0.5017 -0.6261 0.3031, 0.4986 -0.623 0.3031, 0.5011 -0.6268 0.3031, 0.4972 -0.6243 0.3031, 0.5007 -0.6278 0.3031, 0.4961 -0.6259 0.3031, 0.5004 -0.6289 0.3031, 0.4955 -0.6278 0.3031, 0.5004 -0.6297 0.3031, 0.4953 -0.6301 0.3031, 0.5005 -0.6309 0.3031, 0.4956 -0.6324 0.3031, 0.5008 -0.6318 0.3031, 0.4962 -0.6341 0.3031, 0.4972 -0.6356 0.3031, 0.5079 -0.6085 0.2992, 0.5029 -0.6091 0.2992, 0.4991 -0.6106 0.2992, 0.4981 -0.6112 0.2992, 0.4981 -0.616 0.2992, 0.5015 -0.6139 0.2992, 0.5047 -0.6129 0.2992, 0.5075 -0.6126 0.2992, 0.5092 -0.6128 0.2992, 0.5103 -0.6132 0.2992, 0.5112 -0.6137 0.2992, 0.512 -0.6146 0.2992, 0.5126 -0.6156 0.2992, 0.5131 -0.6174 0.2992, 0.5133 -0.6196 0.2992, 0.5048 -0.6208 0.2992, 0.5007 -0.6218 0.2992, 0.4986 -0.623 0.2992, 0.4972 -0.6243 0.2992, 0.4961 -0.6259 0.2992, 0.4955 -0.6278 0.2992, 0.4953 -0.6301 0.2992, 0.4956 -0.6324 0.2992, 0.4962 -0.6341 0.2992, 0.4972 -0.6356 0.2992, 0.4978 -0.6362 0.2992, 0.5044 -0.6384 0.2992, 0.5015 -0.6381 0.2992, 0.5014 -0.6381 0.2992, 0.4994 -0.6374 0.2992, 0.5071 -0.6381 0.2992, 0.5072 -0.6381 0.2992, 0.5091 -0.6373 0.2992, 0.5103 -0.6366 0.2992, 0.512 -0.635 0.2992, 0.5131 -0.6333 0.2992, 0.5133 -0.6333 0.2992, 0.5133 -0.6378 0.2992, 0.5183 -0.6378 0.2992, 0.5183 -0.6194 0.2992, 0.5178 -0.6152 0.2992, 0.517 -0.613 0.2992, 0.5159 -0.6115 0.2992, 0.515 -0.6106 0.2992, 0.5134 -0.6096 0.2992, 0.5113 -0.6089 0.2992, 0.5017 -0.6261 0.2992, 0.5022 -0.6257 0.2992, 0.5032 -0.6251 0.2992, 0.5066 -0.6243 0.2992, 0.5004 -0.6297 0.2992, 0.5004 -0.6289 0.2992, 0.5007 -0.6278 0.2992, 0.5011 -0.6268 0.2992, 0.5018 -0.633 0.2992, 0.5014 -0.6326 0.2992, 0.5008 -0.6318 0.2992, 0.5005 -0.6309 0.2992, 0.5057 -0.6343 0.2992, 0.504 -0.6341 0.2992, 0.5028 -0.6337 0.2992, 0.5111 -0.632 0.2992, 0.5105 -0.6326 0.2992, 0.5091 -0.6336 0.2992, 0.5075 -0.6341 0.2992, 0.5133 -0.6262 0.2992, 0.5133 -0.6265 0.2992, 0.5129 -0.6287 0.2992, 0.5122 -0.6305 0.2992, 0.5133 -0.6234 0.2992
            ]
        }
        coordIndex [
            0,1,2,-1,2,1,3,-1,4,5,6,-1,6,5,0,-1,6,0,2,-1,7,5,8,-1,8,5,4,-1,9,7,10,-1,10,7,8,-1,11,9,12,-1,12,9,10,-1,13,11,14,-1,14,11,12,-1,15,13,16,-1,16,13,14,-1,17,15,18,-1,18,15,16,-1,19,17,20,-1,20,17,18,-1,21,19,22,-1,22,19,20,-1,23,21,24,-1,24,21,22,-1,3,1,25,-1,25,1,23,-1,25,23,24,-1,23,1,0,-1,0,5,23,-1,23,5,7,-1,23,7,21,-1,17,19,15,-1,15,19,21,-1,15,21,13,-1,13,21,7,-1,13,7,11,-1,11,7,9,-1,26,27,28,-1,28,27,29,-1,30,31,29,-1,29,31,32,-1,29,32,33,-1,34,35,36,-1,36,35,37,-1,33,38,29,-1,29,38,39,-1,29,39,28,-1,28,39,40,-1,28,40,34,-1,34,40,41,-1,34,41,35,-1,42,43,44,-1,44,43,45,-1,46,30,47,-1,47,30,29,-1,47,29,48,-1,48,29,49,-1,48,49,50,-1,50,49,51,-1,50,51,52,-1,52,51,53,-1,52,53,45,-1,45,53,54,-1,45,54,44,-1,55,56,57,-1,57,56,58,-1,57,58,59,-1,59,58,60,-1,59,60,61,-1,61,60,62,-1,61,62,42,-1,42,62,63,-1,42,63,43,-1,64,65,66,-1,66,65,67,-1,66,67,68,-1,68,67,69,-1,68,69,70,-1,70,69,71,-1,70,71,72,-1,72,71,73,-1,72,73,74,-1,74,73,75,-1,74,75,37,-1,37,75,76,-1,37,76,36,-1,47,77,46,-1,46,77,78,-1,46,78,79,-1,79,78,80,-1,79,80,81,-1,81,80,82,-1,81,82,83,-1,83,82,84,-1,83,84,85,-1,85,84,86,-1,85,86,87,-1,87,86,88,-1,87,88,89,-1,89,88,90,-1,89,90,91,-1,91,90,92,-1,91,92,64,-1,64,92,93,-1,64,93,65,-1,61,94,95,-1,61,95,59,-1,59,95,96,-1,59,96,57,-1,57,96,97,-1,57,97,55,-1,56,55,98,-1,98,55,97,-1,56,98,99,-1,56,99,58,-1,58,99,100,-1,58,100,60,-1,60,100,101,-1,60,101,62,-1,62,101,102,-1,62,102,63,-1,63,102,103,-1,63,103,43,-1,43,103,104,-1,43,104,45,-1,45,104,105,-1,45,105,52,-1,52,105,106,-1,52,106,50,-1,50,106,107,-1,50,107,48,-1,48,107,108,-1,48,108,47,-1,77,47,109,-1,109,47,108,-1,77,109,110,-1,77,110,78,-1,78,110,111,-1,78,111,80,-1,80,111,112,-1,80,112,82,-1,82,112,113,-1,82,113,84,-1,84,113,114,-1,84,114,86,-1,86,114,115,-1,86,115,88,-1,88,115,116,-1,88,116,90,-1,90,116,117,-1,90,117,92,-1,92,117,118,-1,92,118,93,-1,93,118,119,-1,93,119,65,-1,120,71,121,-1,121,71,69,-1,121,69,122,-1,122,69,67,-1,122,67,123,-1,123,67,65,-1,123,65,119,-1,71,120,124,-1,125,75,124,-1,124,75,73,-1,124,73,71,-1,125,126,75,-1,75,126,127,-1,75,127,76,-1,76,127,128,-1,76,128,36,-1,36,128,129,-1,36,129,34,-1,28,34,130,-1,130,34,129,-1,26,28,131,-1,131,28,130,-1,27,26,132,-1,132,26,131,-1,29,27,133,-1,133,27,132,-1,29,133,134,-1,29,134,49,-1,49,134,135,-1,49,135,51,-1,51,135,136,-1,51,136,53,-1,53,136,137,-1,53,137,54,-1,54,137,138,-1,54,138,44,-1,44,138,139,-1,44,139,42,-1,42,139,94,-1,42,94,61,-1,79,140,141,-1,79,141,46,-1,46,141,142,-1,46,142,30,-1,30,142,143,-1,30,143,31,-1,87,144,145,-1,87,145,85,-1,85,145,146,-1,85,146,83,-1,83,146,147,-1,83,147,81,-1,81,147,140,-1,81,140,79,-1,66,148,149,-1,66,149,64,-1,64,149,150,-1,64,150,91,-1,91,150,151,-1,91,151,89,-1,89,151,144,-1,89,144,87,-1,72,152,153,-1,72,153,70,-1,70,153,154,-1,70,154,68,-1,68,154,148,-1,68,148,66,-1,41,155,156,-1,41,156,35,-1,35,156,157,-1,35,157,37,-1,37,157,158,-1,37,158,74,-1,74,158,152,-1,74,152,72,-1,33,159,160,-1,33,160,38,-1,38,160,161,-1,38,161,39,-1,39,161,162,-1,39,162,40,-1,40,162,155,-1,40,155,41,-1,33,32,159,-1,159,32,163,-1,32,31,163,-1,163,31,143,-1,
        ]
    }
}
Shape{
    appearance Appearance {
        material  Material 	{
            diffuseColor 0.25098039215686274 0.25098039215686274 0.25098039215686274
            specularColor 0.12549019607843137 0.12549019607843137 0.12549019607843137
            ambientIntensity 0.251
            transparency 0.0
            shininess 0.5
        }
    }
    geometry IndexedFaceSet {
        ccw TRUE
        solid FALSE
        coord DEF co Coordinate {
            point [
                0.5133 -0.6265 0.2992, 0.5133 -0.6262 0.2992, 0.5017 -0.6261 0.2992, 0.5133 -0.6234 0.2992, 0.5066 -0.6243 0.2992, 0.5032 -0.6251 0.2992, 0.5022 -0.6257 0.2992, 0.5129 -0.6287 0.2992, 0.5011 -0.6268 0.2992, 0.5122 -0.6305 0.2992, 0.5014 -0.6326 0.2992, 0.5018 -0.633 0.2992, 0.5105 -0.6326 0.2992, 0.5008 -0.6318 0.2992, 0.5091 -0.6336 0.2992, 0.5075 -0.6341 0.2992, 0.5057 -0.6343 0.2992, 0.5007 -0.6278 0.2992, 0.5004 -0.6289 0.2992, 0.5111 -0.632 0.2992, 0.5004 -0.6297 0.2992, 0.5005 -0.6309 0.2992, 0.5028 -0.6337 0.2992, 0.504 -0.6341 0.2992
            ]
        }
        coordIndex [
            0,1,2,-1,1,3,4,-1,4,5,1,-1,1,5,6,-1,1,6,2,-1,0,2,7,-1,7,2,8,-1,7,8,9,-1,10,11,12,-1,10,12,13,-1,14,12,15,-1,15,12,16,-1,8,17,9,-1,9,17,18,-1,9,18,19,-1,19,18,20,-1,19,20,12,-1,12,20,21,-1,12,21,13,-1,11,22,12,-1,12,22,23,-1,12,23,16,-1,
        ]
    }
}
Shape{
    appearance Appearance {
        material  Material 	{
            diffuseColor 0.7529411764705882 0.7529411764705882 0.7529411764705882
            specularColor 0.3764705882352941 0.3764705882352941 0.3764705882352941
            ambientIntensity 0.7529
            transparency 0.0
            shininess 0.5
        }
    }
    geometry IndexedFaceSet {
        ccw TRUE
        solid FALSE
        coord DEF co Coordinate {
            point [
                0.5251 -0.6316 0.2992, 0.5251 -0.6316 0.3031, 0.5272 -0.6329 0.3031, 0.5333 -0.6343 0.3031, 0.5333 -0.6343 0.2992, 0.5303 -0.634 0.2992, 0.5303 -0.634 0.3031, 0.5274 -0.6329 0.2992, 0.5272 -0.6329 0.2992, 0.5251 -0.6368 0.3031, 0.5251 -0.6368 0.2992, 0.5274 -0.6376 0.2992, 0.528 -0.6379 0.3031, 0.5328 -0.6384 0.2992, 0.5328 -0.6384 0.3031, 0.53 -0.6381 0.2992, 0.528 -0.6379 0.2992, 0.5357 -0.6381 0.2992, 0.5373 -0.6379 0.3031, 0.5373 -0.6379 0.2992, 0.54 -0.6369 0.2992, 0.54 -0.6369 0.3031, 0.5412 -0.6362 0.2992, 0.5412 -0.6362 0.3031, 0.5426 -0.6349 0.2992, 0.5426 -0.6349 0.3031, 0.5435 -0.6336 0.2992, 0.5435 -0.6336 0.3031, 0.5441 -0.632 0.2992, 0.5441 -0.632 0.3031, 0.5444 -0.63 0.2992, 0.5444 -0.63 0.3031, 0.5442 -0.6281 0.2992, 0.5442 -0.6281 0.3031, 0.5436 -0.6266 0.2992, 0.5436 -0.6266 0.3031, 0.5427 -0.6253 0.2992, 0.5427 -0.6253 0.3031, 0.5415 -0.6242 0.2992, 0.5415 -0.6242 0.3031, 0.5382 -0.6223 0.2992, 0.5382 -0.6223 0.3031, 0.5362 -0.6216 0.2992, 0.5362 -0.6216 0.3031, 0.5331 -0.6202 0.2992, 0.5331 -0.6202 0.3031, 0.5314 -0.6191 0.2992, 0.5314 -0.6191 0.3031, 0.5309 -0.6186 0.2992, 0.5309 -0.6186 0.3031, 0.5305 -0.6179 0.2992, 0.5305 -0.6179 0.3031, 0.5303 -0.6171 0.2992, 0.5303 -0.6171 0.3031, 0.5303 -0.6164 0.2992, 0.5303 -0.6164 0.3031, 0.5304 -0.6156 0.2992, 0.5304 -0.6156 0.3031, 0.5306 -0.615 0.2992, 0.5306 -0.615 0.3031, 0.531 -0.6143 0.2992, 0.531 -0.6143 0.3031, 0.5318 -0.6137 0.2992, 0.5318 -0.6137 0.3031, 0.5329 -0.6131 0.2992, 0.5329 -0.6131 0.3031, 0.5343 -0.6127 0.2992, 0.5343 -0.6127 0.3031, 0.5357 -0.6126 0.2992, 0.5357 -0.6126 0.3031, 0.5389 -0.6129 0.2992, 0.5389 -0.6129 0.3031, 0.5417 -0.6139 0.2992, 0.5417 -0.6139 0.3031, 0.543 -0.6147 0.2992, 0.543 -0.6147 0.3031, 0.543 -0.6098 0.3031, 0.543 -0.6098 0.2992, 0.5398 -0.6088 0.2992, 0.5398 -0.6088 0.3031, 0.5362 -0.6085 0.2992, 0.5362 -0.6085 0.3031, 0.5328 -0.6089 0.2992, 0.5328 -0.6089 0.3031, 0.53 -0.6098 0.2992, 0.53 -0.6098 0.3031, 0.5283 -0.6108 0.2992, 0.5283 -0.6108 0.3031, 0.5274 -0.6116 0.2992, 0.5268 -0.6121 0.3031, 0.5268 -0.6121 0.2992, 0.5259 -0.6135 0.2992, 0.5259 -0.6135 0.3031, 0.5253 -0.6151 0.2992, 0.5253 -0.6151 0.3031, 0.5251 -0.6169 0.2992, 0.5251 -0.6169 0.3031, 0.5253 -0.6188 0.2992, 0.5253 -0.6188 0.3031, 0.5259 -0.6204 0.2992, 0.5259 -0.6204 0.3031, 0.5265 -0.6214 0.2992, 0.5265 -0.6214 0.3031, 0.5327 -0.6252 0.2992, 0.5327 -0.6252 0.3031, 0.5297 -0.6238 0.3031, 0.5273 -0.6223 0.2992, 0.5273 -0.6223 0.3031, 0.5274 -0.6223 0.2992, 0.5297 -0.6238 0.2992, 0.536 -0.6266 0.2992, 0.536 -0.6266 0.3031, 0.5379 -0.6278 0.2992, 0.5379 -0.6278 0.3031, 0.5386 -0.6284 0.2992, 0.5386 -0.6284 0.3031, 0.539 -0.6291 0.2992, 0.539 -0.6291 0.3031, 0.5392 -0.6299 0.2992, 0.5392 -0.6299 0.3031, 0.5392 -0.6305 0.2992, 0.5392 -0.6305 0.3031, 0.5391 -0.6314 0.2992, 0.5391 -0.6314 0.3031, 0.5389 -0.6321 0.2992, 0.5389 -0.6321 0.3031, 0.5384 -0.6328 0.2992, 0.5384 -0.6328 0.3031, 0.5379 -0.6333 0.2992, 0.5379 -0.6333 0.3031, 0.5374 -0.6336 0.2992, 0.5374 -0.6336 0.3031, 0.5361 -0.6341 0.2992, 0.5361 -0.6341 0.3031, 0.5335 -0.6343 0.2992, 0.5335 -0.6343 0.3031, 0.5692 -0.6092 0.3031, 0.5744 -0.6092 0.3031, 0.5692 -0.6092 0.2992, 0.5744 -0.6092 0.2992, 0.5614 -0.6307 0.3031, 0.5614 -0.6307 0.2992, 0.561 -0.632 0.2992, 0.561 -0.632 0.3031, 0.5608 -0.633 0.2992, 0.5608 -0.633 0.3031, 0.5607 -0.633 0.3031, 0.5607 -0.633 0.2992, 0.5601 -0.6307 0.3031, 0.5601 -0.6307 0.2992, 0.5526 -0.6092 0.3031, 0.5526 -0.6092 0.2992, 0.547 -0.6092 0.3031, 0.547 -0.6092 0.2992, 0.5582 -0.6377 0.3031, 0.5582 -0.6377 0.2992, 0.556 -0.6429 0.2992, 0.556 -0.6429 0.3031, 0.558 -0.6381 0.2992, 0.555 -0.6447 0.2992, 0.555 -0.6447 0.3031, 0.5541 -0.6458 0.2992, 0.5541 -0.6458 0.3031, 0.5532 -0.6463 0.2992, 0.5532 -0.6463 0.3031, 0.5522 -0.6468 0.2992, 0.5522 -0.6468 0.3031, 0.5509 -0.6469 0.2992, 0.5509 -0.6469 0.3031, 0.5491 -0.6467 0.2992, 0.5491 -0.6467 0.3031, 0.548 -0.6464 0.2992, 0.548 -0.6464 0.3031, 0.548 -0.6508 0.3031, 0.548 -0.6508 0.2992, 0.5502 -0.6512 0.2992, 0.5502 -0.6512 0.3031, 0.5513 -0.6512 0.2992, 0.5513 -0.6512 0.3031, 0.5533 -0.651 0.2992, 0.5533 -0.651 0.3031, 0.5553 -0.6502 0.2992, 0.5553 -0.6502 0.3031, 0.557 -0.649 0.2992, 0.557 -0.649 0.3031, 0.5574 -0.6487 0.2992, 0.5574 -0.6487 0.3031, 0.5592 -0.6465 0.2992, 0.5592 -0.6465 0.3031, 0.5615 -0.6421 0.2992, 0.5615 -0.6421 0.3031, 0.563 -0.6381 0.2992, 0.6014 -0.6332 0.3031, 0.6014 -0.6378 0.3031, 0.6014 -0.6332 0.2992, 0.6014 -0.6378 0.2992, 0.585 -0.6332 0.3031, 0.5925 -0.6332 0.2992, 0.585 -0.6332 0.2992, 0.585 -0.6197 0.3031, 0.585 -0.6197 0.2992, 0.5993 -0.6197 0.3031, 0.5925 -0.6197 0.2992, 0.5993 -0.6197 0.2992, 0.5993 -0.6151 0.3031, 0.5993 -0.6151 0.2992, 0.585 -0.6151 0.2992, 0.585 -0.6151 0.3031, 0.5925 -0.6151 0.2992, 0.585 -0.6023 0.3031, 0.585 -0.6023 0.2992, 0.6005 -0.6023 0.2992, 0.6005 -0.6023 0.3031, 0.5925 -0.6023 0.2992, 0.6005 -0.5977 0.3031, 0.6005 -0.5977 0.2992, 0.5798 -0.5977 0.2992, 0.5798 -0.5977 0.3031, 0.5925 -0.5977 0.2992, 0.5798 -0.6378 0.3031, 0.5798 -0.6378 0.2992, 0.5925 -0.6378 0.2992, 0.6355 -0.6322 0.3031, 0.6314 -0.6295 0.3031, 0.6313 -0.6352 0.3031, 0.6288 -0.6313 0.3031, 0.6268 -0.6369 0.3031, 0.6255 -0.6325 0.3031, 0.6199 -0.6378 0.3031, 0.6199 -0.6332 0.3031, 0.6089 -0.6378 0.3031, 0.6141 -0.6332 0.3031, 0.6089 -0.5977 0.3031, 0.6141 -0.6023 0.3031, 0.6204 -0.5977 0.3031, 0.6202 -0.6023 0.3031, 0.6207 -0.6023 0.3031, 0.6265 -0.5984 0.3031, 0.6258 -0.603 0.3031, 0.6313 -0.6002 0.3031, 0.6292 -0.6044 0.3031, 0.6355 -0.603 0.3031, 0.6317 -0.6061 0.3031, 0.6369 -0.6044 0.3031, 0.6328 -0.6072 0.3031, 0.6394 -0.6079 0.3031, 0.6344 -0.6094 0.3031, 0.6409 -0.6117 0.3031, 0.6355 -0.6124 0.3031, 0.6415 -0.6172 0.3031, 0.6361 -0.6174 0.3031, 0.6414 -0.6198 0.3031, 0.6359 -0.6202 0.3031, 0.6404 -0.6245 0.3031, 0.6351 -0.6238 0.3031, 0.6385 -0.6286 0.3031, 0.6337 -0.6268 0.3031, 0.6318 -0.629 0.3031, 0.6199 -0.6378 0.2992, 0.6089 -0.6378 0.2992, 0.6268 -0.6369 0.2992, 0.6313 -0.6352 0.2992, 0.6355 -0.6322 0.2992, 0.6385 -0.6286 0.2992, 0.6404 -0.6245 0.2992, 0.6414 -0.6198 0.2992, 0.6415 -0.6172 0.2992, 0.6409 -0.6117 0.2992, 0.6394 -0.6079 0.2992, 0.6369 -0.6044 0.2992, 0.6355 -0.603 0.2992, 0.6313 -0.6002 0.2992, 0.6265 -0.5984 0.2992, 0.6204 -0.5977 0.2992, 0.6089 -0.5977 0.2992, 0.6202 -0.6023 0.2992, 0.6141 -0.6023 0.2992, 0.6141 -0.6332 0.2992, 0.6199 -0.6332 0.2992, 0.6318 -0.629 0.2992, 0.6314 -0.6295 0.2992, 0.6288 -0.6313 0.2992, 0.6255 -0.6325 0.2992, 0.6361 -0.6174 0.2992, 0.6359 -0.6202 0.2992, 0.6351 -0.6238 0.2992, 0.6337 -0.6268 0.2992, 0.6317 -0.6061 0.2992, 0.6328 -0.6072 0.2992, 0.6344 -0.6094 0.2992, 0.6355 -0.6124 0.2992, 0.6207 -0.6023 0.2992, 0.6258 -0.603 0.2992, 0.6292 -0.6044 0.2992
            ]
        }
        coordIndex [
            0,1,2,-1,3,4,5,-1,3,5,6,-1,6,5,7,-1,6,7,2,-1,2,7,8,-1,2,8,0,-1,9,1,10,-1,10,1,0,-1,10,11,9,-1,9,11,12,-1,13,14,15,-1,15,14,12,-1,15,12,16,-1,16,12,11,-1,13,17,14,-1,14,17,18,-1,17,19,18,-1,18,19,20,-1,18,20,21,-1,21,20,22,-1,21,22,23,-1,23,22,24,-1,23,24,25,-1,25,24,26,-1,25,26,27,-1,27,26,28,-1,27,28,29,-1,29,28,30,-1,29,30,31,-1,31,30,32,-1,31,32,33,-1,33,32,34,-1,33,34,35,-1,35,34,36,-1,35,36,37,-1,37,36,38,-1,37,38,39,-1,39,38,40,-1,39,40,41,-1,41,40,42,-1,41,42,43,-1,43,42,44,-1,43,44,45,-1,45,44,46,-1,45,46,47,-1,47,46,48,-1,47,48,49,-1,49,48,50,-1,49,50,51,-1,51,50,52,-1,51,52,53,-1,53,52,54,-1,53,54,55,-1,55,54,56,-1,55,56,57,-1,57,56,58,-1,57,58,59,-1,59,58,60,-1,59,60,61,-1,61,60,62,-1,61,62,63,-1,63,62,64,-1,63,64,65,-1,65,64,66,-1,65,66,67,-1,67,66,68,-1,67,68,69,-1,69,68,70,-1,69,70,71,-1,71,70,72,-1,71,72,73,-1,73,72,74,-1,73,74,75,-1,76,75,77,-1,77,75,74,-1,76,77,78,-1,76,78,79,-1,79,78,80,-1,79,80,81,-1,81,80,82,-1,81,82,83,-1,83,82,84,-1,83,84,85,-1,85,84,86,-1,85,86,87,-1,86,88,87,-1,87,88,89,-1,88,90,89,-1,89,90,91,-1,89,91,92,-1,92,91,93,-1,92,93,94,-1,94,93,95,-1,94,95,96,-1,96,95,97,-1,96,97,98,-1,98,97,99,-1,98,99,100,-1,100,99,101,-1,100,101,102,-1,103,104,105,-1,102,101,106,-1,102,106,107,-1,107,106,108,-1,107,108,105,-1,105,108,109,-1,105,109,103,-1,104,103,110,-1,104,110,111,-1,111,110,112,-1,111,112,113,-1,113,112,114,-1,113,114,115,-1,115,114,116,-1,115,116,117,-1,117,116,118,-1,117,118,119,-1,119,118,120,-1,119,120,121,-1,121,120,122,-1,121,122,123,-1,123,122,124,-1,123,124,125,-1,125,124,126,-1,125,126,127,-1,127,126,128,-1,127,128,129,-1,129,128,130,-1,129,130,131,-1,131,130,132,-1,131,132,133,-1,133,132,134,-1,133,134,135,-1,135,134,4,-1,135,4,3,-1,61,63,85,-1,85,63,83,-1,111,43,104,-1,104,43,45,-1,21,23,127,-1,127,23,25,-1,127,25,125,-1,125,25,27,-1,125,27,123,-1,123,27,29,-1,123,29,121,-1,121,29,31,-1,121,31,119,-1,119,31,33,-1,119,33,117,-1,117,33,35,-1,117,35,115,-1,115,35,37,-1,115,37,113,-1,113,37,39,-1,113,39,111,-1,111,39,41,-1,111,41,43,-1,14,3,12,-1,12,3,6,-1,12,6,9,-1,9,6,2,-1,9,2,1,-1,63,65,83,-1,83,65,67,-1,83,67,81,-1,81,67,69,-1,81,69,79,-1,79,69,71,-1,79,71,76,-1,76,71,73,-1,76,73,75,-1,127,129,21,-1,21,129,131,-1,21,131,18,-1,18,131,133,-1,18,133,14,-1,14,133,135,-1,14,135,3,-1,85,87,61,-1,61,87,89,-1,61,89,59,-1,59,89,92,-1,59,92,57,-1,57,92,94,-1,57,94,55,-1,55,94,96,-1,55,96,53,-1,53,96,98,-1,53,98,51,-1,51,98,100,-1,51,100,49,-1,49,100,102,-1,49,102,47,-1,47,102,107,-1,47,107,45,-1,45,107,105,-1,45,105,104,-1,136,137,138,-1,138,137,139,-1,140,136,141,-1,141,136,138,-1,140,141,142,-1,140,142,143,-1,143,142,144,-1,143,144,145,-1,146,145,147,-1,147,145,144,-1,148,146,149,-1,149,146,147,-1,150,148,151,-1,151,148,149,-1,152,150,153,-1,153,150,151,-1,154,152,155,-1,155,152,153,-1,156,157,158,-1,158,157,154,-1,158,154,155,-1,157,156,159,-1,157,159,160,-1,160,159,161,-1,160,161,162,-1,162,161,163,-1,162,163,164,-1,164,163,165,-1,164,165,166,-1,166,165,167,-1,166,167,168,-1,168,167,169,-1,168,169,170,-1,170,169,171,-1,170,171,172,-1,173,172,174,-1,174,172,171,-1,173,174,175,-1,173,175,176,-1,176,175,177,-1,176,177,178,-1,178,177,179,-1,178,179,180,-1,180,179,181,-1,180,181,182,-1,182,181,183,-1,182,183,184,-1,184,183,185,-1,184,185,186,-1,186,185,187,-1,186,187,188,-1,188,187,189,-1,188,189,190,-1,139,137,191,-1,191,137,190,-1,191,190,189,-1,143,145,190,-1,137,136,190,-1,190,136,140,-1,190,140,143,-1,150,152,148,-1,148,152,154,-1,148,154,146,-1,172,173,170,-1,170,173,176,-1,170,176,168,-1,168,176,178,-1,168,178,166,-1,166,178,180,-1,166,180,164,-1,164,180,182,-1,164,182,162,-1,145,146,190,-1,190,146,154,-1,190,154,188,-1,154,157,188,-1,188,157,160,-1,188,160,186,-1,186,160,162,-1,186,162,184,-1,184,162,182,-1,192,193,194,-1,194,193,195,-1,192,194,196,-1,196,194,197,-1,196,197,198,-1,199,196,200,-1,200,196,198,-1,199,200,201,-1,201,200,202,-1,201,202,203,-1,204,201,205,-1,205,201,203,-1,206,207,208,-1,208,207,204,-1,208,204,205,-1,209,207,210,-1,210,207,206,-1,211,212,213,-1,213,212,209,-1,213,209,210,-1,214,212,215,-1,215,212,211,-1,216,217,218,-1,218,217,214,-1,218,214,215,-1,219,217,220,-1,220,217,216,-1,219,220,193,-1,193,220,221,-1,193,221,195,-1,219,193,192,-1,192,196,219,-1,219,196,199,-1,219,199,217,-1,212,214,209,-1,209,214,217,-1,209,217,207,-1,207,217,199,-1,207,199,204,-1,204,199,201,-1,222,223,224,-1,224,223,225,-1,224,225,226,-1,226,225,227,-1,226,227,228,-1,228,227,229,-1,228,229,230,-1,230,229,231,-1,230,231,232,-1,232,231,233,-1,232,233,234,-1,233,235,234,-1,234,235,236,-1,234,236,237,-1,237,236,238,-1,237,238,239,-1,239,238,240,-1,239,240,241,-1,241,240,242,-1,241,242,243,-1,243,242,244,-1,243,244,245,-1,245,244,246,-1,245,246,247,-1,247,246,248,-1,247,248,249,-1,249,248,250,-1,249,250,251,-1,251,250,252,-1,251,252,253,-1,253,252,254,-1,253,254,255,-1,255,254,256,-1,255,256,222,-1,222,256,257,-1,222,257,223,-1,228,230,258,-1,258,230,259,-1,228,258,260,-1,228,260,226,-1,226,260,261,-1,226,261,224,-1,224,261,262,-1,224,262,222,-1,222,262,263,-1,222,263,255,-1,255,263,264,-1,255,264,253,-1,253,264,265,-1,253,265,251,-1,251,265,266,-1,251,266,249,-1,249,266,267,-1,249,267,247,-1,247,267,268,-1,247,268,245,-1,245,268,269,-1,245,269,243,-1,243,269,270,-1,243,270,241,-1,241,270,271,-1,241,271,239,-1,239,271,272,-1,239,272,237,-1,237,272,273,-1,237,273,234,-1,232,234,274,-1,274,234,273,-1,230,232,259,-1,259,232,274,-1,235,233,275,-1,275,233,276,-1,233,231,276,-1,276,231,277,-1,231,229,277,-1,277,229,278,-1,257,279,280,-1,257,280,223,-1,223,280,281,-1,223,281,225,-1,225,281,282,-1,225,282,227,-1,227,282,278,-1,227,278,229,-1,250,283,284,-1,250,284,252,-1,252,284,285,-1,252,285,254,-1,254,285,286,-1,254,286,256,-1,256,286,279,-1,256,279,257,-1,242,287,288,-1,242,288,244,-1,244,288,289,-1,244,289,246,-1,246,289,290,-1,246,290,248,-1,248,290,283,-1,248,283,250,-1,235,275,291,-1,235,291,236,-1,236,291,292,-1,236,292,238,-1,238,292,293,-1,238,293,240,-1,240,293,287,-1,240,287,242,-1,
        ]
    }
}
Shape{
    appearance Appearance {
        material  Material 	{
            diffuseColor 0.25098039215686274 0.25098039215686274 0.25098039215686274
            specularColor 0.12549019607843137 0.12549019607843137 0.12549019607843137
            ambientIntensity 0.251
            transparency 0.0
            shininess 0.5
        }
    }
    geometry IndexedFaceSet {
        ccw TRUE
        solid FALSE
        coord DEF co Coordinate {
            point [
                0.6141 -0.6023 0.2992, 0.6141 -0.6332 0.2992, 0.6202 -0.6023 0.2992, 0.6199 -0.6332 0.2992, 0.6207 -0.6023 0.2992, 0.6255 -0.6325 0.2992, 0.6288 -0.6313 0.2992, 0.6314 -0.6295 0.2992, 0.6318 -0.629 0.2992, 0.6337 -0.6268 0.2992, 0.6361 -0.6174 0.2992, 0.6317 -0.6061 0.2992, 0.6359 -0.6202 0.2992, 0.6292 -0.6044 0.2992, 0.6351 -0.6238 0.2992, 0.6258 -0.603 0.2992, 0.6355 -0.6124 0.2992, 0.6344 -0.6094 0.2992, 0.6328 -0.6072 0.2992
            ]
        }
        coordIndex [
            0,1,2,-1,2,1,3,-1,2,3,4,-1,4,3,5,-1,4,5,6,-1,6,7,4,-1,4,7,8,-1,4,8,9,-1,10,11,12,-1,12,11,13,-1,9,14,4,-1,4,14,12,-1,4,12,15,-1,15,12,13,-1,16,17,10,-1,10,17,18,-1,10,18,11,-1,
        ]
    }
}
Shape{
    appearance Appearance {
        material  Material 	{
            diffuseColor 0.7529411764705882 0.7529411764705882 0.7529411764705882
            specularColor 0.3764705882352941 0.3764705882352941 0.3764705882352941
            ambientIntensity 0.7529
            transparency 0.0
            shininess 0.5
        }
    }
    geometry IndexedFaceSet {
        ccw TRUE
        solid FALSE
        coord DEF co Coordinate {
            point [
                0.6549 -0.6223 0.3031, 0.6533 -0.6268 0.3031, 0.6684 -0.6223 0.3031, 0.67 -0.6268 0.3031, 0.6609 -0.6057 0.3031, 0.659 -0.5977 0.3031, 0.6438 -0.6378 0.3031, 0.6495 -0.6378 0.3031, 0.6613 -0.6045 0.3031, 0.6616 -0.6028 0.3031, 0.6645 -0.5977 0.3031, 0.6617 -0.6028 0.3031, 0.662 -0.6045 0.3031, 0.6623 -0.6057 0.3031, 0.6798 -0.6378 0.3031, 0.6741 -0.6378 0.3031, 0.6645 -0.5977 0.2992, 0.6798 -0.6378 0.2992, 0.659 -0.5977 0.2992, 0.6438 -0.6378 0.2992, 0.6495 -0.6378 0.2992, 0.6533 -0.6268 0.2992, 0.67 -0.6268 0.2992, 0.6741 -0.6378 0.2992, 0.6549 -0.6223 0.2992, 0.6684 -0.6223 0.2992, 0.6623 -0.6057 0.2992, 0.6617 -0.6028 0.2992, 0.662 -0.6045 0.2992, 0.6616 -0.6028 0.2992, 0.6609 -0.6057 0.2992, 0.6613 -0.6045 0.2992
            ]
        }
        coordIndex [
            0,1,2,-1,2,1,3,-1,4,5,0,-1,0,5,6,-1,0,6,1,-1,1,6,7,-1,4,8,5,-1,5,8,9,-1,5,9,10,-1,10,9,11,-1,10,11,12,-1,12,13,10,-1,10,13,2,-1,10,2,14,-1,14,2,3,-1,14,3,15,-1,10,14,16,-1,16,14,17,-1,5,10,18,-1,18,10,16,-1,6,5,19,-1,19,5,18,-1,7,6,20,-1,20,6,19,-1,1,7,21,-1,21,7,20,-1,3,1,22,-1,22,1,21,-1,15,3,23,-1,23,3,22,-1,14,15,17,-1,17,15,23,-1,0,2,24,-1,24,2,25,-1,2,13,25,-1,25,13,26,-1,11,27,28,-1,11,28,12,-1,12,28,26,-1,12,26,13,-1,11,9,27,-1,27,9,29,-1,4,30,31,-1,4,31,8,-1,8,31,29,-1,8,29,9,-1,4,0,30,-1,30,0,24,-1,
        ]
    }
}
Shape{
    appearance Appearance {
        material  Material 	{
            diffuseColor 0.25098039215686274 0.25098039215686274 0.25098039215686274
            specularColor 0.12549019607843137 0.12549019607843137 0.12549019607843137
            ambientIntensity 0.251
            transparency 0.0
            shininess 0.5
        }
    }
    geometry IndexedFaceSet {
        ccw TRUE
        solid FALSE
        coord DEF co Coordinate {
            point [
                0.6617 -0.6028 0.2992, 0.6616 -0.6028 0.2992, 0.662 -0.6045 0.2992, 0.6613 -0.6045 0.2992, 0.6623 -0.6057 0.2992, 0.6609 -0.6057 0.2992, 0.6684 -0.6223 0.2992, 0.6549 -0.6223 0.2992
            ]
        }
        coordIndex [
            0,1,2,-1,2,1,3,-1,2,3,4,-1,4,3,5,-1,4,5,6,-1,6,5,7,-1,
        ]
    }
}
Shape{
    appearance Appearance {
        material  Material 	{
            diffuseColor 0.7529411764705882 0.7529411764705882 0.7529411764705882
            specularColor 0.3764705882352941 0.3764705882352941 0.3764705882352941
            ambientIntensity 0.7529
            transparency 0.0
            shininess 0.5
        }
    }
    geometry IndexedFaceSet {
        ccw TRUE
        solid FALSE
        coord DEF co Coordinate {
            point [
                0.2922 -0.6434 0.3031, 0.2964 -0.6487 0.3031, 0.2896 -0.6183 0.3031, 0.2847 -0.5688 0.3031, 0.291 -0.5654 0.3031, 0.2896 -0.5479 0.3031, 0.3072 -0.5471 0.3031, 0.3161 -0.5679 0.3031, 0.3204 -0.5589 0.3031, 0.3448 -0.6282 0.3031, 0.3448 -0.6254 0.3031, 0.3207 -0.6184 0.3031, 0.3181 -0.6176 0.3031, 0.2834 -0.6144 0.3031, 0.2855 -0.6362 0.3031, 0.2893 -0.6373 0.3031, 0.3007 -0.5465 0.3031, 0.325 -0.6219 0.3031, 0.3263 -0.6242 0.3031, 0.3447 -0.6312 0.3031, 0.3847 -0.6043 0.3031, 0.3758 -0.5892 0.3031, 0.3377 -0.6092 0.3031, 0.3161 -0.6174 0.3031, 0.3134 -0.6177 0.3031, 0.3096 -0.6003 0.3031, 0.3109 -0.6187 0.3031, 0.3033 -0.6027 0.3031, 0.3087 -0.6202 0.3031, 0.2974 -0.6068 0.3031, 0.3071 -0.6219 0.3031, 0.2927 -0.6121 0.3031, 0.3058 -0.6244 0.3031, 0.3051 -0.6271 0.3031, 0.3267 -0.6014 0.3031, 0.3198 -0.5997 0.3031, 0.3163 -0.5995 0.3031, 0.3231 -0.6199 0.3031, 0.3088 -0.6369 0.3031, 0.311 -0.6384 0.3031, 0.302 -0.6529 0.3031, 0.3137 -0.6394 0.3031, 0.3941 -0.5761 0.3031, 0.3963 -0.5761 0.3031, 0.408 -0.5608 0.3031, 0.4017 -0.5768 0.3031, 0.4094 -0.5612 0.3031, 0.4067 -0.5787 0.3031, 0.4179 -0.5654 0.3031, 0.4256 -0.572 0.3031, 0.3131 -0.5403 0.3031, 0.3268 -0.5513 0.3031, 0.3198 -0.5346 0.3031, 0.3344 -0.5457 0.3031, 0.3282 -0.5295 0.3031, 0.298 -0.5638 0.3031, 0.301 -0.5636 0.3031, 0.304 -0.5467 0.3031, 0.3076 -0.5644 0.3031, 0.314 -0.5668 0.3031, 0.3327 -0.6046 0.3031, 0.4256 -0.6251 0.3031, 0.4124 -0.6138 0.3031, 0.4179 -0.6317 0.3031, 0.4082 -0.6172 0.3031, 0.4092 -0.6359 0.3031, 0.4031 -0.6196 0.3031, 0.3997 -0.6379 0.3031, 0.398 -0.6205 0.3031, 0.383 -0.6379 0.3031, 0.3852 -0.6205 0.3031, 0.3813 -0.6376 0.3031, 0.3069 -0.6348 0.3031, 0.3057 -0.6325 0.3031, 0.305 -0.6299 0.3031, 0.4111 -0.5818 0.3031, 0.4144 -0.5855 0.3031, 0.4314 -0.5801 0.3031, 0.4171 -0.5904 0.3031, 0.4349 -0.5888 0.3031, 0.4184 -0.5959 0.3031, 0.4362 -0.5981 0.3031, 0.4185 -0.5983 0.3031, 0.4349 -0.6082 0.3031, 0.4179 -0.6039 0.3031, 0.4313 -0.6172 0.3031, 0.4159 -0.609 0.3031, 0.4128 -0.6134 0.3031, 0.3926 -0.5383 0.3031, 0.3815 -0.5514 0.3031, 0.4027 -0.5501 0.3031, 0.3879 -0.5591 0.3031, 0.3923 -0.5682 0.3031, 0.2734 -0.5852 0.3031, 0.2547 -0.5899 0.3031, 0.2725 -0.5921 0.3031, 0.2546 -0.5926 0.3031, 0.2728 -0.5964 0.3031, 0.2559 -0.6037 0.3031, 0.2749 -0.6034 0.3031, 0.26 -0.6143 0.3031, 0.2783 -0.6092 0.3031, 0.2665 -0.6237 0.3031, 0.2752 -0.6311 0.3031, 0.3415 -0.5248 0.3031, 0.3437 -0.5419 0.3031, 0.3539 -0.5235 0.3031, 0.3542 -0.5406 0.3031, 0.3678 -0.5252 0.3031, 0.3639 -0.5417 0.3031, 0.3819 -0.5308 0.3031, 0.3728 -0.5452 0.3031, 0.3808 -0.5507 0.3031, 0.279 -0.552 0.3031, 0.27 -0.5583 0.3031, 0.2797 -0.5732 0.3031, 0.268 -0.5602 0.3031, 0.2758 -0.5788 0.3031, 0.2611 -0.5689 0.3031, 0.2566 -0.5792 0.3031, 0.327 -0.6268 0.3031, 0.3271 -0.6296 0.3031, 0.343 -0.6382 0.3031, 0.3265 -0.6323 0.3031, 0.3396 -0.6445 0.3031, 0.3252 -0.6348 0.3031, 0.3353 -0.6495 0.3031, 0.3234 -0.6369 0.3031, 0.3296 -0.6534 0.3031, 0.3212 -0.6384 0.3031, 0.3232 -0.6558 0.3031, 0.3187 -0.6393 0.3031, 0.3163 -0.6567 0.3031, 0.3161 -0.6396 0.3031, 0.3152 -0.6567 0.3031, 0.3085 -0.6556 0.3031, 0.3838 -0.6203 0.3031, 0.377 -0.6349 0.3031, 0.3776 -0.6356 0.3031, 0.3847 -0.6205 0.3031, 0.3795 -0.6369 0.3031, 0.3747 -0.6291 0.3031, 0.375 -0.6312 0.3031, 0.3757 -0.6331 0.3031, 0.3813 -0.6205 0.3031, 0.3794 -0.6213 0.3031, 0.3748 -0.628 0.3031, 0.3776 -0.6226 0.3031, 0.3764 -0.6238 0.3031, 0.3753 -0.6258 0.3031, 0.3835 -0.6203 0.3031, 0.4275 -0.5746 0.2992, 0.4314 -0.5801 0.2992, 0.4339 -0.5863 0.2992, 0.4349 -0.5888 0.2992, 0.4362 -0.5981 0.2992, 0.4256 -0.572 0.2992, 0.4179 -0.5654 0.2992, 0.4094 -0.5612 0.2992, 0.408 -0.5608 0.2992, 0.4027 -0.5501 0.2992, 0.3926 -0.5383 0.2992, 0.3863 -0.5339 0.2992, 0.3819 -0.5308 0.2992, 0.3678 -0.5252 0.2992, 0.3539 -0.5235 0.2992, 0.3198 -0.5346 0.2992, 0.3209 -0.5339 0.2992, 0.3282 -0.5295 0.2992, 0.3415 -0.5248 0.2992, 0.3131 -0.5403 0.2992, 0.3072 -0.5471 0.2992, 0.304 -0.5467 0.2992, 0.3007 -0.5465 0.2992, 0.2896 -0.5479 0.2992, 0.279 -0.552 0.2992, 0.27 -0.5583 0.2992, 0.268 -0.5602 0.2992, 0.2611 -0.5689 0.2992, 0.2586 -0.5746 0.2992, 0.2566 -0.5792 0.2992, 0.2553 -0.5863 0.2992, 0.2547 -0.5899 0.2992, 0.2546 -0.5926 0.2992, 0.2559 -0.6037 0.2992, 0.26 -0.6143 0.2992, 0.2665 -0.6237 0.2992, 0.2752 -0.6311 0.2992, 0.2855 -0.6362 0.2992, 0.2893 -0.6373 0.2992, 0.2897 -0.6381 0.2992, 0.2922 -0.6434 0.2992, 0.2964 -0.6487 0.2992, 0.302 -0.6529 0.2992, 0.3046 -0.654 0.2992, 0.3085 -0.6556 0.2992, 0.3152 -0.6567 0.2992, 0.3163 -0.6567 0.2992, 0.3448 -0.6282 0.2992, 0.3232 -0.6558 0.2992, 0.3281 -0.654 0.2992, 0.3296 -0.6534 0.2992, 0.3353 -0.6495 0.2992, 0.3396 -0.6445 0.2992, 0.343 -0.6382 0.2992, 0.343 -0.6381 0.2992, 0.3447 -0.6312 0.2992, 0.3448 -0.6254 0.2992, 0.3847 -0.6043 0.2992, 0.3758 -0.5892 0.2992, 0.3377 -0.6092 0.2992, 0.3327 -0.6046 0.2992, 0.3267 -0.6014 0.2992, 0.3198 -0.5997 0.2992, 0.3163 -0.5995 0.2992, 0.3096 -0.6003 0.2992, 0.3033 -0.6027 0.2992, 0.2974 -0.6068 0.2992, 0.2927 -0.6121 0.2992, 0.2896 -0.6183 0.2992, 0.2834 -0.6144 0.2992, 0.2783 -0.6092 0.2992, 0.2749 -0.6034 0.2992, 0.2728 -0.5964 0.2992, 0.2725 -0.5921 0.2992, 0.2732 -0.5863 0.2992, 0.2734 -0.5852 0.2992, 0.2758 -0.5788 0.2992, 0.2788 -0.5746 0.2992, 0.2797 -0.5732 0.2992, 0.2847 -0.5688 0.2992, 0.291 -0.5654 0.2992, 0.298 -0.5638 0.2992, 0.301 -0.5636 0.2992, 0.3076 -0.5644 0.2992, 0.314 -0.5668 0.2992, 0.3161 -0.5679 0.2992, 0.3204 -0.5589 0.2992, 0.3268 -0.5513 0.2992, 0.3344 -0.5457 0.2992, 0.3437 -0.5419 0.2992, 0.3542 -0.5406 0.2992, 0.3941 -0.5761 0.2992, 0.3937 -0.5746 0.2992, 0.3923 -0.5682 0.2992, 0.3879 -0.5591 0.2992, 0.3815 -0.5514 0.2992, 0.3808 -0.5507 0.2992, 0.3728 -0.5452 0.2992, 0.3639 -0.5417 0.2992, 0.3963 -0.5761 0.2992, 0.4017 -0.5768 0.2992, 0.4067 -0.5787 0.2992, 0.4111 -0.5818 0.2992, 0.4144 -0.5855 0.2992, 0.4149 -0.5863 0.2992, 0.4171 -0.5904 0.2992, 0.4184 -0.5959 0.2992, 0.4185 -0.5983 0.2992, 0.4179 -0.6039 0.2992, 0.4159 -0.609 0.2992, 0.4128 -0.6134 0.2992, 0.4124 -0.6138 0.2992, 0.4082 -0.6172 0.2992, 0.4031 -0.6196 0.2992, 0.398 -0.6205 0.2992, 0.3852 -0.6205 0.2992, 0.3847 -0.6205 0.2992, 0.3838 -0.6203 0.2992, 0.3835 -0.6203 0.2992, 0.3813 -0.6205 0.2992, 0.3794 -0.6213 0.2992, 0.3776 -0.6226 0.2992, 0.3764 -0.6238 0.2992, 0.3753 -0.6258 0.2992, 0.3748 -0.628 0.2992, 0.3747 -0.6291 0.2992, 0.375 -0.6312 0.2992, 0.3757 -0.6331 0.2992, 0.377 -0.6349 0.2992, 0.3776 -0.6356 0.2992, 0.3795 -0.6369 0.2992, 0.3813 -0.6376 0.2992, 0.383 -0.6379 0.2992, 0.3997 -0.6379 0.2992, 0.4092 -0.6359 0.2992, 0.4179 -0.6317 0.2992, 0.4256 -0.6251 0.2992, 0.4313 -0.6172 0.2992, 0.4349 -0.6082 0.2992, 0.3161 -0.6174 0.2992, 0.3181 -0.6176 0.2992, 0.3207 -0.6184 0.2992, 0.3231 -0.6199 0.2992, 0.325 -0.6219 0.2992, 0.3263 -0.6242 0.2992, 0.327 -0.6268 0.2992, 0.3271 -0.6296 0.2992, 0.3265 -0.6323 0.2992, 0.3252 -0.6348 0.2992, 0.3234 -0.6369 0.2992, 0.3212 -0.6384 0.2992, 0.3187 -0.6393 0.2992, 0.3161 -0.6396 0.2992, 0.3137 -0.6394 0.2992, 0.311 -0.6384 0.2992, 0.3088 -0.6369 0.2992, 0.3069 -0.6348 0.2992, 0.3057 -0.6325 0.2992, 0.305 -0.6299 0.2992, 0.3051 -0.6271 0.2992, 0.3058 -0.6244 0.2992, 0.3071 -0.6219 0.2992, 0.3087 -0.6202 0.2992, 0.3109 -0.6187 0.2992, 0.3134 -0.6177 0.2992
            ]
        }
        coordIndex [
            0,1,2,-1,3,4,5,-1,6,7,8,-1,9,10,11,-1,11,10,12,-1,13,14,2,-1,2,14,15,-1,2,15,0,-1,5,4,16,-1,17,18,19,-1,20,21,10,-1,10,21,22,-1,10,22,12,-1,12,22,23,-1,24,25,26,-1,26,25,27,-1,26,27,28,-1,28,27,29,-1,28,29,30,-1,30,29,31,-1,30,31,32,-1,32,31,2,-1,32,2,33,-1,34,35,24,-1,24,35,36,-1,24,36,25,-1,9,11,19,-1,19,11,37,-1,19,37,17,-1,38,1,39,-1,39,1,40,-1,39,40,41,-1,42,43,44,-1,44,43,45,-1,44,45,46,-1,46,45,47,-1,46,47,48,-1,48,47,49,-1,6,8,50,-1,50,8,51,-1,50,51,52,-1,52,51,53,-1,52,53,54,-1,4,55,16,-1,16,55,56,-1,16,56,57,-1,57,56,58,-1,57,58,6,-1,6,58,59,-1,6,59,7,-1,23,22,24,-1,24,22,60,-1,24,60,34,-1,61,62,63,-1,63,62,64,-1,63,64,65,-1,65,64,66,-1,65,66,67,-1,67,66,68,-1,67,68,69,-1,69,68,70,-1,69,70,71,-1,38,72,1,-1,1,72,73,-1,1,73,2,-1,2,73,74,-1,2,74,33,-1,47,75,49,-1,49,75,76,-1,49,76,77,-1,77,76,78,-1,77,78,79,-1,79,78,80,-1,79,80,81,-1,81,80,82,-1,81,82,83,-1,83,82,84,-1,83,84,85,-1,85,84,86,-1,85,86,61,-1,61,86,87,-1,61,87,62,-1,88,89,90,-1,90,89,91,-1,90,91,44,-1,44,91,92,-1,44,92,42,-1,93,94,95,-1,95,94,96,-1,95,96,97,-1,97,96,98,-1,97,98,99,-1,99,98,100,-1,99,100,101,-1,101,100,102,-1,101,102,13,-1,13,102,103,-1,13,103,14,-1,54,53,104,-1,104,53,105,-1,104,105,106,-1,106,105,107,-1,106,107,108,-1,108,107,109,-1,108,109,110,-1,110,109,111,-1,110,111,88,-1,88,111,112,-1,88,112,89,-1,5,113,3,-1,3,113,114,-1,3,114,115,-1,115,114,116,-1,115,116,117,-1,117,116,118,-1,117,118,93,-1,93,118,119,-1,93,119,94,-1,18,120,19,-1,19,120,121,-1,19,121,122,-1,122,121,123,-1,122,123,124,-1,124,123,125,-1,124,125,126,-1,126,125,127,-1,126,127,128,-1,128,127,129,-1,128,129,130,-1,130,129,131,-1,130,131,132,-1,132,131,133,-1,132,133,134,-1,134,133,41,-1,134,41,135,-1,135,41,40,-1,136,137,138,-1,70,139,71,-1,71,139,136,-1,71,136,140,-1,140,136,138,-1,141,142,136,-1,136,142,143,-1,136,143,137,-1,144,145,146,-1,145,147,146,-1,146,147,148,-1,146,148,149,-1,141,136,146,-1,146,136,150,-1,146,150,144,-1,151,49,152,-1,152,49,77,-1,152,77,153,-1,153,77,79,-1,153,79,154,-1,154,79,81,-1,154,81,155,-1,151,156,49,-1,49,156,157,-1,49,157,48,-1,48,157,158,-1,48,158,46,-1,46,158,159,-1,46,159,44,-1,44,159,160,-1,44,160,90,-1,90,160,161,-1,90,161,88,-1,88,161,110,-1,110,161,162,-1,162,163,110,-1,110,163,164,-1,110,164,108,-1,108,164,165,-1,108,165,106,-1,166,52,167,-1,167,52,54,-1,167,54,168,-1,168,54,104,-1,168,104,169,-1,169,104,106,-1,169,106,165,-1,52,166,170,-1,52,170,50,-1,50,170,171,-1,50,171,6,-1,6,171,172,-1,6,172,57,-1,57,172,173,-1,57,173,16,-1,16,173,174,-1,16,174,5,-1,5,174,175,-1,5,175,113,-1,113,175,176,-1,113,176,114,-1,114,176,177,-1,114,177,116,-1,119,118,178,-1,178,118,116,-1,178,116,177,-1,178,179,119,-1,119,179,180,-1,119,180,94,-1,94,180,181,-1,181,182,94,-1,94,182,183,-1,94,183,96,-1,96,183,184,-1,96,184,98,-1,98,184,185,-1,98,185,100,-1,100,185,186,-1,100,186,102,-1,102,186,187,-1,102,187,103,-1,103,187,188,-1,103,188,14,-1,14,188,189,-1,14,189,15,-1,15,189,190,-1,15,190,0,-1,190,191,0,-1,0,191,192,-1,0,192,1,-1,1,192,193,-1,1,193,40,-1,40,193,194,-1,40,194,135,-1,194,195,135,-1,135,195,196,-1,135,196,134,-1,134,196,197,-1,134,197,132,-1,198,9,19,-1,132,197,199,-1,132,199,130,-1,130,199,200,-1,130,200,128,-1,200,201,128,-1,128,201,202,-1,128,202,126,-1,126,202,203,-1,126,203,124,-1,124,203,204,-1,124,204,122,-1,122,204,205,-1,122,205,19,-1,19,205,206,-1,19,206,198,-1,10,9,207,-1,207,9,198,-1,20,10,208,-1,208,10,207,-1,21,20,209,-1,209,20,208,-1,22,21,210,-1,210,21,209,-1,22,210,211,-1,22,211,60,-1,60,211,212,-1,60,212,34,-1,34,212,213,-1,34,213,35,-1,35,213,214,-1,35,214,36,-1,36,214,215,-1,36,215,25,-1,25,215,216,-1,25,216,27,-1,27,216,217,-1,27,217,29,-1,29,217,218,-1,29,218,31,-1,31,218,219,-1,31,219,2,-1,2,219,220,-1,2,220,13,-1,13,220,221,-1,13,221,101,-1,101,221,222,-1,101,222,99,-1,99,222,223,-1,99,223,97,-1,97,223,224,-1,97,224,95,-1,224,225,95,-1,95,225,93,-1,225,226,93,-1,93,226,227,-1,93,227,117,-1,117,227,228,-1,117,228,115,-1,228,229,115,-1,115,229,230,-1,115,230,3,-1,3,230,231,-1,3,231,4,-1,4,231,232,-1,4,232,55,-1,55,232,233,-1,55,233,56,-1,56,233,234,-1,56,234,58,-1,58,234,235,-1,58,235,59,-1,59,235,236,-1,59,236,7,-1,7,236,237,-1,7,237,8,-1,8,237,238,-1,8,238,51,-1,51,238,239,-1,51,239,53,-1,53,239,240,-1,53,240,105,-1,105,240,241,-1,105,241,107,-1,242,42,243,-1,243,42,92,-1,243,92,244,-1,244,92,91,-1,244,91,245,-1,245,91,89,-1,245,89,246,-1,246,89,112,-1,246,112,247,-1,247,112,111,-1,247,111,248,-1,248,111,109,-1,248,109,249,-1,249,109,107,-1,249,107,241,-1,43,42,250,-1,250,42,242,-1,43,250,251,-1,43,251,45,-1,45,251,252,-1,45,252,47,-1,47,252,253,-1,47,253,75,-1,75,253,254,-1,75,254,76,-1,76,254,255,-1,76,255,78,-1,255,256,78,-1,78,256,257,-1,78,257,80,-1,80,257,258,-1,80,258,82,-1,82,258,259,-1,82,259,84,-1,84,259,260,-1,84,260,86,-1,86,260,261,-1,86,261,87,-1,87,261,262,-1,87,262,62,-1,62,262,263,-1,62,263,64,-1,64,263,264,-1,64,264,66,-1,66,264,265,-1,66,265,68,-1,70,68,266,-1,266,68,265,-1,70,266,267,-1,70,267,139,-1,139,267,268,-1,139,268,136,-1,136,268,269,-1,136,269,150,-1,150,269,270,-1,150,270,144,-1,144,270,271,-1,144,271,145,-1,145,271,272,-1,145,272,147,-1,147,272,273,-1,147,273,148,-1,148,273,274,-1,148,274,149,-1,149,274,275,-1,149,275,146,-1,146,275,276,-1,146,276,141,-1,141,276,277,-1,141,277,142,-1,142,277,278,-1,142,278,143,-1,143,278,279,-1,143,279,137,-1,137,279,280,-1,137,280,138,-1,138,280,281,-1,138,281,140,-1,140,281,282,-1,140,282,71,-1,71,282,283,-1,71,283,69,-1,67,69,284,-1,284,69,283,-1,67,284,285,-1,67,285,65,-1,65,285,286,-1,65,286,63,-1,63,286,287,-1,63,287,61,-1,61,287,288,-1,61,288,85,-1,85,288,289,-1,85,289,83,-1,83,289,155,-1,83,155,81,-1,23,290,291,-1,23,291,12,-1,12,291,292,-1,12,292,11,-1,11,292,293,-1,11,293,37,-1,37,293,294,-1,37,294,17,-1,17,294,295,-1,17,295,18,-1,18,295,296,-1,18,296,120,-1,120,296,297,-1,120,297,121,-1,121,297,298,-1,121,298,123,-1,123,298,299,-1,123,299,125,-1,125,299,300,-1,125,300,127,-1,127,300,301,-1,127,301,129,-1,129,301,302,-1,129,302,131,-1,131,302,303,-1,131,303,133,-1,133,303,304,-1,133,304,41,-1,41,304,305,-1,41,305,39,-1,39,305,306,-1,39,306,38,-1,38,306,307,-1,38,307,72,-1,72,307,308,-1,72,308,73,-1,73,308,309,-1,73,309,74,-1,74,309,310,-1,74,310,33,-1,33,310,311,-1,33,311,32,-1,32,311,312,-1,32,312,30,-1,30,312,313,-1,30,313,28,-1,28,313,314,-1,28,314,26,-1,26,314,315,-1,26,315,24,-1,24,315,290,-1,24,290,23,-1,
        ]
    }
}
Shape{
    appearance Appearance {
        material  Material 	{
            diffuseColor 0.25098039215686274 0.25098039215686274 0.25098039215686274
            specularColor 0.12549019607843137 0.12549019607843137 0.12549019607843137
            ambientIntensity 0.251
            transparency 0.0
            shininess 0.5
        }
    }
    geometry IndexedFaceSet {
        ccw TRUE
        solid FALSE
        coord DEF co Coordinate {
            point [
                0.3187 -0.6393 0.2992, 0.3181 -0.6176 0.2992, 0.3161 -0.6396 0.2992, 0.3161 -0.6174 0.2992, 0.3134 -0.6177 0.2992, 0.3109 -0.6187 0.2992, 0.3087 -0.6202 0.2992, 0.3071 -0.6219 0.2992, 0.3234 -0.6369 0.2992, 0.325 -0.6219 0.2992, 0.3231 -0.6199 0.2992, 0.3057 -0.6325 0.2992, 0.3069 -0.6348 0.2992, 0.3088 -0.6369 0.2992, 0.3212 -0.6384 0.2992, 0.3207 -0.6184 0.2992, 0.311 -0.6384 0.2992, 0.3137 -0.6394 0.2992, 0.3058 -0.6244 0.2992, 0.3051 -0.6271 0.2992, 0.305 -0.6299 0.2992, 0.3265 -0.6323 0.2992, 0.3271 -0.6296 0.2992, 0.3252 -0.6348 0.2992, 0.327 -0.6268 0.2992, 0.3263 -0.6242 0.2992
            ]
        }
        coordIndex [
            0,1,2,-1,2,1,3,-1,2,3,4,-1,4,5,2,-1,2,5,6,-1,2,6,7,-1,8,9,10,-1,11,12,7,-1,7,12,13,-1,0,14,1,-1,1,14,8,-1,1,8,15,-1,15,8,10,-1,13,16,7,-1,7,16,17,-1,7,17,2,-1,18,19,7,-1,7,19,20,-1,7,20,11,-1,21,22,23,-1,23,22,24,-1,23,24,8,-1,8,24,25,-1,8,25,9,-1,
        ]
    }
}