#VRML V2.0 utf8
# 3D model generated by easyeda2kicad.py (https://github.com/uPesy/easyeda2kicad.py)

Shape{
    appearance Appearance {
        material  Material 	{
            diffuseColor 0.25098039215686274 0.25098039215686274 0.25098039215686274
            specularColor 0.12549019607843137 0.12549019607843137 0.12549019607843137
            ambientIntensity 0.251
            transparency 0.0
            shininess 0.5
        }
    }
    geometry IndexedFaceSet {
        ccw TRUE
        solid FALSE
        coord DEF co Coordinate {
            point [
                -2.3602 1.0393 0.8862, -2.3602 1.0393 0.8035, -2.3602 1.0021 0.8035, -2.3602 0.7631 0.7646, -2.3602 0.7336 0.7646, -2.3602 0.7336 0.792, -2.3602 -1.1417 0.5118, -2.3602 -1.1417 0.6068, -2.3602 -0.7045 0.6068, -2.3602 1.1706 0.8134, -2.3602 1.1526 0.7982, -2.3602 1.0896 0.887, -2.3602 1.0896 0.792, -2.3602 1.2591 0.8967, -2.3602 1.2447 0.887, -2.3602 1.2295 0.8768, -2.3602 1.2074 0.8513, -2.3602 1.1936 0.8243, -2.3602 1.1904 0.8232, -2.3602 1.2924 0.9084, -2.3602 1.0896 2.0079, -2.3602 1.3198 0.9113, -2.3602 1.3526 0.9073, -2.3602 1.3833 0.8954, -2.3602 2.3622 2.0079, -2.3602 1.3969 0.887, -2.3602 2.3622 0.887, -2.3602 1.3995 0.8854, -2.3602 2.3622 0.792, -2.3602 1.5421 0.792, -2.3602 1.5364 0.8051, -2.3602 1.5204 0.8256, -2.3602 1.4702 0.8543, -2.3602 1.444 0.8575, -2.3602 1.4151 0.872, -2.3602 1.4363 0.8571, -2.3602 1.4287 0.8562, -2.3602 1.5159 0.8298, -2.3602 1.4948 0.8447, -2.3602 1.503 0.6599, -2.3602 1.5237 0.6775, -2.3602 2.3622 0.6438, -2.3602 1.479 0.6482, -2.3602 1.4697 0.6438, -2.3602 1.4705 0.6456, -2.3602 1.5388 0.6991, -2.3602 1.5484 0.7238, -2.3602 2.3622 0.7646, -2.3602 1.5516 0.7499, -2.3602 1.5514 0.7562, -2.3602 1.5499 0.7646, -2.3602 1.5469 0.7812, -2.3602 2.3622 0.6068, -2.3602 1.4349 0.6068, -2.3602 1.441 0.6094, -2.3602 1.454 0.6192, -2.3602 1.4639 0.6313, -2.3602 1.0896 0.6068, -2.3602 1.38 0.6068, -2.3602 1.0896 0.0394, -2.3602 1.3913 0.6025, -2.3602 1.4764 0.0394, -2.3602 1.4075 0.6005, -2.3602 1.41 0.6005, -2.3602 2.3622 0.0394, -2.3602 1.4256 0.6029, -2.3602 1.0896 0.6438, -2.3602 1.3452 0.6438, -2.3602 1.3453 0.6434, -2.3602 1.3532 0.6287, -2.3602 1.3633 0.6174, -2.3602 1.3765 0.6082, -2.3602 1.1309 0.759, -2.3602 1.1278 0.7373, -2.3602 1.0896 0.7646, -2.3602 1.2604 0.683, -2.3602 1.2559 0.6848, -2.3602 1.2481 0.7227, -2.3602 1.1524 0.6742, -2.3602 1.1705 0.6589, -2.3602 1.3576 0.7114, -2.3602 1.2686 0.7579, -2.3602 1.3693 0.722, -2.3602 1.3834 0.7295, -2.3602 1.2645 0.6801, -2.3602 1.1392 0.6926, -2.3602 1.1309 0.7136, -2.3602 1.2507 0.6855, -2.3602 1.2501 0.6854, -2.3602 1.2481 0.685, -2.3602 1.5041 0.7246, -2.3602 1.4963 0.7113, -2.3602 1.4626 0.7044, -2.3602 1.4844 0.6991, -2.3602 1.4699 0.6901, -2.3602 1.438 0.7264, -2.3602 1.5081 0.7646, -2.3602 1.4516 0.7169, -2.3602 1.5097 0.7512, -2.3602 1.5089 0.7409, -2.3602 1.4234 0.732, -2.3602 1.4075 0.734, -2.3602 1.3994 0.7335, -2.3602 1.2713 0.6649, -2.3602 1.2711 0.6675, -2.3602 1.341 0.6735, -2.3602 1.2698 0.6726, -2.3602 1.2672 0.6771, -2.3602 1.2467 0.6848, -2.3602 1.2168 0.6848, -2.3602 1.2108 0.6856, -2.3602 1.2558 0.6449, -2.3602 1.2602 0.6466, -2.3602 1.2645 0.6497, -2.3602 1.266 0.6513, -2.3602 1.2689 0.6554, -2.3602 1.2707 0.6599, -2.3602 1.3414 0.6598, -2.3602 1.341 0.6669, -2.3602 1.1907 0.649, -2.3602 1.2129 0.6443, -2.3602 1.252 0.6443, -2.3602 1.1812 0.703, -2.3602 1.1743 0.7136, -2.3602 1.1702 0.7256, -2.3602 1.169 0.7366, -2.3602 1.1694 0.7429, -2.3602 1.1985 0.6896, -2.3602 1.1877 0.6965, -2.3602 1.2208 0.7884, -2.3602 1.2261 0.7884, -2.3602 1.1776 0.7646, -2.3602 1.21 0.7873, -2.3602 1.1726 0.7556, -2.3602 1.5077 0.7674, -2.3602 1.502 0.7822, -2.3602 1.1789 0.767, -2.3602 1.1877 0.7764, -2.3602 1.1982 0.7832, -2.3602 1.2405 0.8285, -2.3602 1.2555 0.8463, -2.3602 1.4081 0.8077, -2.3602 1.2571 0.8477, -2.3602 1.2757 0.8607, -2.3602 1.398 0.8287, -2.3602 1.4952 0.792, -2.3602 1.4127 0.8102, -2.3602 1.2269 0.792, -2.3602 1.2303 0.8071, -2.3602 1.4276 0.8157, -2.3602 1.4433 0.8177, -2.3602 1.4504 0.8173, -2.3602 1.383 0.8465, -2.3602 1.2965 0.8687, -2.3602 1.3653 0.8595, -2.3602 1.3191 0.8714, -2.3602 1.3436 0.8683, -2.3602 1.4668 0.8134, -2.3602 1.4815 0.8055, -2.3602 1.4928 0.7954, -2.3602 1.1482 0.792, -2.3602 1.139 0.7793, -2.3602 1.1331 0.7646, -2.3602 0.7445 0.738, -2.3602 0.7631 0.738, -2.3602 0.7926 0.738, -2.3602 0.7806 0.6867, -2.3602 0.7806 0.6553, -2.3602 0.7631 0.6867, -2.3602 0.7631 0.6553, -2.3602 0.7472 0.6867, -2.3602 0.7424 0.6553, -2.3602 0.7472 0.6974, -2.3602 0.7445 0.7273, -2.3602 0.7631 0.6974, -2.3602 0.7631 0.7273, -2.3602 0.7806 0.6974, -2.3602 0.7806 0.7273, -2.3602 0.8174 0.7113, -2.3602 0.8052 0.7113, -2.3602 0.8505 0.7646, -2.3602 0.8505 0.6951, -2.3602 0.8388 0.6612, -2.3602 0.8356 0.6611, -2.3602 0.7336 0.6438, -2.3602 0.7424 0.6446, -2.3602 0.7631 0.6438, -2.3602 0.7631 0.6446, -2.3602 0.7926 0.6446, -2.3602 0.8373 0.6557, -2.3602 0.837 0.6557, -2.3602 0.8365 0.658, -2.3602 0.9204 0.659, -2.3602 0.9323 0.7646, -2.3602 0.9323 0.6438, -2.3602 0.9159 0.6562, -2.3602 0.915 0.6559, -2.3602 0.915 0.6807, -2.3602 0.917 0.6828, -2.3602 0.9186 0.6852, -2.3602 0.9199 0.6888, -2.3602 0.9204 0.6933, -2.3602 0.9199 0.6975, -2.3602 0.9151 0.6808, -2.3602 0.91 0.6438, -2.3602 0.9121 0.644, -2.3602 0.915 0.6438, -2.3602 0.915 0.6451, -2.3602 0.9204 0.647, -2.3602 0.9023 0.6431, -2.3602 0.915 0.6068, -2.3602 0.8955 0.6438, -2.3602 0.8723 0.6068, -2.3602 0.8793 0.6738, -2.3602 0.8771 0.6706, -2.3602 0.8786 0.6985, -2.3602 0.9129 0.7076, -2.3602 0.9102 0.7092, -2.3602 0.915 0.7646, -2.3602 0.9185 0.7013, -2.3602 0.9163 0.7045, -2.3602 0.915 0.7056, -2.3602 0.8759 0.6671, -2.3602 0.8754 0.6628, -2.3602 0.8723 0.6438, -2.3602 0.8759 0.6581, -2.3602 0.8774 0.6544, -2.3602 0.8795 0.6513, -2.3602 0.9039 0.7117, -2.3602 0.8944 0.7129, -2.3602 0.8723 0.7646, -2.3602 0.8786 0.7099, -2.3602 0.8876 0.7124, -2.3602 0.8829 0.6484, -2.3602 0.8858 0.6466, -2.3602 0.892 0.6442, -2.3602 0.8955 0.7034, -2.3602 0.899 0.7031, -2.3602 0.9083 0.6944, -2.3602 0.9021 0.7023, -2.3602 0.9047 0.7009, -2.3602 0.9082 0.6928, -2.3602 0.9077 0.691, -2.3602 0.9069 0.6894, -2.3602 0.9057 0.6882, -2.3602 0.9016 0.6856, -2.3602 0.8878 0.7025, -2.3602 0.8944 0.6825, -2.3602 0.8812 0.7001, -2.3602 0.8898 0.6806, -2.3602 0.8821 0.6763, -2.3602 0.9065 0.6993, -2.3602 0.9075 0.6978, -2.3602 0.9081 0.6963, -2.3602 0.9085 0.6535, -2.3602 0.9026 0.6739, -2.3602 0.9096 0.6771, -2.3602 0.9012 0.6526, -2.3602 0.9007 0.6526, -2.3602 0.895 0.6707, -2.3602 0.8947 0.6533, -2.3602 0.8874 0.6616, -2.3602 0.8875 0.6631, -2.3602 0.8916 0.6544, -2.3602 0.8906 0.655, -2.3602 0.8892 0.6562, -2.3602 0.8882 0.6577, -2.3602 0.8876 0.6594, -2.3602 0.888 0.6649, -2.3602 0.8889 0.6665, -2.3602 0.8904 0.668, -2.3602 0.6461 0.792, -2.3602 0.6764 0.7928, -2.3602 0.6898 0.7928, -2.3602 0.712 0.8862, -2.3602 0.6461 0.887, -2.3602 0.7336 0.887, -2.3602 0.7472 0.7928, -2.3602 0.7605 0.7928, -2.3602 0.7631 0.792, -2.3602 0.7336 0.8184, -2.3602 0.7382 0.8184, -2.3602 0.7631 0.887, -2.3602 0.7336 0.8635, -2.3602 0.7249 0.8862, -2.3602 0.8594 0.8035, -2.3602 0.8594 0.7928, -2.3602 0.8505 0.792, -2.3602 0.8615 0.8755, -2.3602 0.8505 0.887, -2.3602 0.8615 0.8862, -2.3602 0.8723 0.887, -2.3602 0.8723 0.8862, -2.3602 0.8641 0.8349, -2.3602 0.8641 0.8456, -2.3602 0.8723 0.8456, -2.3602 0.8723 0.8755, -2.3602 0.8976 0.8456, -2.3602 0.8976 0.8755, -2.3602 0.9096 0.7928, -2.3602 0.915 0.792, -2.3602 0.8723 0.792, -2.3602 0.8723 0.7928, -2.3602 0.9096 0.8862, -2.3602 0.915 0.887, -2.3602 -1.1417 0.887, -2.3602 -0.7045 0.887, -2.3602 -0.7045 0.792, -2.3602 -1.1417 0.792, -2.3602 -0.7045 0.7646, -2.3602 -1.1417 0.7646, -2.3602 -0.7045 0.6438, -2.3602 -1.1417 0.6438, -2.3602 -1.5945 0.6068, -2.3602 -1.5945 0.5118, -2.3602 -1.9685 0.0394, -2.3602 -0.7045 0.0394, -2.3602 -1.9685 0.6068, -2.3602 -1.9685 0.6438, -2.3602 -1.5945 0.6438, -2.3602 -1.9685 0.7646, -2.3602 -1.5945 0.7646, -2.3602 -1.9685 0.792, -2.3602 -1.5945 0.792, -2.3602 -1.9685 0.887, -2.3602 -1.5945 0.887, -2.3602 -1.9685 2.0079, -2.3602 -1.5945 2.0079, -2.3602 0.9844 0.8499, -2.3602 0.9323 0.8064, -2.3602 0.9815 0.8583, -2.3602 0.9772 0.865, -2.3602 0.9856 0.8385, -2.3602 0.9856 0.8376, -2.3602 0.9372 0.8042, -2.3602 0.9477 0.8022, -2.3602 0.9283 0.8714, -2.3602 0.9283 0.8082, -2.3602 0.93 0.8723, -2.3602 0.9323 0.8731, -2.3602 0.9396 0.8757, -2.3602 0.9841 0.8261, -2.3602 0.9812 0.8185, -2.3602 0.9764 0.8118, -2.3602 0.9503 0.8769, -2.3602 0.9545 0.8767, -2.3602 0.9625 0.8751, -2.3602 0.9747 0.8101, -2.3602 0.9686 0.8058, -2.3602 0.9698 0.8716, -2.3602 0.9758 0.8666, -2.3602 0.962 0.8032, -2.3602 0.9524 0.802, -2.3602 0.9409 0.887, -2.3602 0.9375 0.8867, -2.3602 0.9323 0.887, -2.3602 0.9323 0.8852, -2.3602 0.9283 0.884, -2.3602 0.9496 0.8878, -2.3602 0.9323 2.0079, -2.3602 0.9504 0.8878, -2.3602 0.9941 2.0079, -2.3602 0.9581 0.887, -2.3602 0.9941 0.887, -2.3602 0.9721 0.8832, -2.3602 0.9621 0.8866, -2.3602 0.9911 0.8659, -2.3602 0.9848 0.8741, -2.3602 0.9815 0.8771, -2.3602 0.9997 0.887, -2.3602 0.9957 0.8556, -2.3602 0.9941 0.8593, -2.3602 0.9941 0.8165, -2.3602 0.9965 0.8228, -2.3602 0.9997 0.792, -2.3602 0.9983 0.8378, -2.3602 0.998 0.8436, -2.3602 0.97 0.7936, -2.3602 0.9788 0.7978, -2.3602 0.9941 0.792, -2.3602 0.9863 0.804, -2.3602 0.9872 0.805, -2.3602 0.9927 0.813, -2.3602 0.9624 0.792, -2.3602 0.9941 0.7646, -2.3602 0.9599 0.7915, -2.3602 0.9542 0.7912, -2.3602 0.9459 0.792, -2.3602 0.9283 0.7967, -2.3602 0.9299 0.7959, -2.3602 0.9323 0.792, -2.3602 0.9323 0.7951, -2.3602 0.9399 0.7926, -2.3602 0.9852 0.6764, -2.3602 0.9834 0.6953, -2.3602 0.9875 0.6731, -2.3602 0.9891 0.6689, -2.3602 0.9941 0.6438, -2.3602 0.9879 0.6532, -2.3602 0.9893 0.6572, -2.3602 0.9415 0.7056, -2.3602 0.9391 0.7018, -2.3602 0.9575 0.703, -2.3602 0.9615 0.7034, -2.3602 0.9678 0.6843, -2.3602 0.9816 0.6795, -2.3602 0.9766 0.6821, -2.3602 0.9752 0.7004, -2.3602 0.9678 0.7028, -2.3602 0.9802 0.6456, -2.3602 0.9842 0.6483, -2.3602 0.9855 0.6496, -2.3602 0.9535 0.7123, -2.3602 0.9485 0.7108, -2.3602 0.9446 0.7086, -2.3602 0.948 0.6549, -2.3602 0.9483 0.6549, -2.3602 0.948 0.6446, -2.3602 0.9501 0.6522, -2.3602 0.9538 0.6482, -2.3602 0.9372 0.6966, -2.3602 0.9363 0.6876, -2.3602 0.9363 0.6446, -2.3602 0.9899 0.6625, -2.3602 0.9899 0.6639, -2.3602 0.9834 0.7067, -2.3602 0.948 0.687, -2.3602 0.9484 0.6922, -2.3602 0.9496 0.6964, -2.3602 0.951 0.6988, -2.3602 0.9801 0.7085, -2.3602 0.9713 0.7117, -2.3602 0.9604 0.7129, -2.3602 0.9527 0.7007, -2.3602 0.9548 0.702, -2.3602 0.9624 0.6438, -2.3602 0.9627 0.6437, -2.3602 0.9323 0.6068, -2.3602 0.9941 0.6068, -2.3602 0.9687 0.6431, -2.3602 0.9755 0.6438, -2.3602 0.9757 0.6439, -2.3602 0.8562 0.7113, -2.3602 0.8693 0.7113, -2.3602 0.8435 0.6438, -2.3602 0.8431 0.6448, -2.3602 0.8505 0.6637, -2.3602 0.8482 0.6326, -2.3602 0.8505 0.6438, -2.3602 0.8505 0.6284, -2.3602 0.8505 0.6284, -2.3602 0.8669 0.6246, -2.3602 0.8669 0.6142, -2.3602 0.8645 0.6238, -2.3602 0.8602 0.6232, -2.3602 0.8574 0.6235, -2.3602 0.8505 0.6153, -2.3602 0.8546 0.6137, -2.3602 0.8505 0.6068, -2.3602 0.8593 0.6132, -2.3602 0.8619 0.6133, -2.3602 0.8549 0.6245, -2.3602 0.8527 0.626, -2.3602 0.8355 0.6345, -2.3602 0.8408 0.6242, -2.3602 0.7631 0.6068, -2.3602 0.8319 0.6438, -2.3602 0.8451 0.6191, -2.3602 0.8459 0.6184, -2.3602 0.85 0.6155, -2.3602 0.9941 0.0394, -2.3602 0.9323 0.0394, -2.3602 0.915 0.0394, -2.3602 0.8723 0.0394, -2.3602 0.8505 0.0394, -2.3602 0.7631 0.0394, -2.3602 0.7336 0.6068, -2.3602 0.7336 0.0394, -2.3602 0.6461 0.6068, -2.3602 -0.4567 0.0394, -2.3602 0.6457 0.0394, -2.3602 0.958 0.6454, -2.3602 1.0513 0.738, -2.3602 1.0513 0.6446, -2.3602 0.9997 0.6438, -2.3602 0.9997 0.6068, -2.3602 0.9997 0.0394, -2.3602 1.0032 0.738, -2.3602 0.9997 0.7646, -2.3602 1.0032 0.7273, -2.3602 1.0393 0.6867, -2.3602 1.0393 0.6553, -2.3602 1.0059 0.6867, -2.3602 1.0011 0.6553, -2.3602 1.0059 0.6974, -2.3602 1.0393 0.7273, -2.3602 1.0393 0.6974, -2.3602 1.0011 0.6446, -2.3602 0.6514 0.6751, -2.3602 0.6561 0.6655, -2.3602 0.6461 0.6438, -2.3602 0.6461 0.7646, -2.3602 0.6827 0.7362, -2.3602 0.6715 0.7318, -2.3602 0.6727 0.6506, -2.3602 0.6834 0.6465, -2.3602 0.699 0.6446, -2.3602 0.7247 0.6446, -2.3602 0.7247 0.738, -2.3602 0.6981 0.738, -2.3602 0.6628 0.7257, -2.3602 0.6586 0.7215, -2.3602 0.6531 0.7131, -2.3602 0.6499 0.7039, -2.3602 0.6487 0.6925, -2.3602 0.649 0.6859, -2.3602 0.6628 0.6577, -2.3602 0.6637 0.6569, -2.3602 0.6302 0.6446, -2.3602 0.6435 0.6446, -2.3602 0.5728 0.6446, -2.3602 0.5823 0.6702, -2.3602 0.6212 0.6702, -2.3602 0.6079 0.738, -2.3602 0.595 0.738, -2.3602 0.6993 0.8184, -2.3602 1.0513 0.7928, -2.3602 1.0513 0.8862, -2.3602 1.0021 0.7928, -2.3602 0.7897 0.7988, -2.3602 0.8004 0.7947, -2.3602 0.816 0.7928, -2.3602 0.8417 0.7928, -2.3602 0.8723 0.8035, -2.3602 0.8723 0.8349, -2.3602 0.8976 0.8035, -2.3602 0.8976 0.8349, -2.3602 0.7684 0.8233, -2.3602 0.7731 0.8137, -2.3602 0.8417 0.8862, -2.3602 0.8151 0.8862, -2.3602 0.7996 0.8844, -2.3602 0.7885 0.88, -2.3602 0.7701 0.8613, -2.3602 0.7669 0.8521, -2.3602 0.7657 0.8407, -2.3602 0.766 0.8341, -2.3602 0.7798 0.8059, -2.3602 0.7807 0.8051, -2.3602 0.7798 0.8739, -2.3602 0.7756 0.8697, -2.3602 0.5595 0.6446, -2.3602 0.9997 2.0079, -2.3602 0.915 2.0079, -2.3602 0.8723 2.0079, -2.3602 0.8505 2.0079, -2.3602 0.7631 2.0079, -2.3602 0.7336 2.0079, -2.3602 0.6461 2.0079, -2.3602 -0.7045 2.0079, -2.3602 -0.748 2.0079, -2.3602 -1.1417 2.0079
            ]
        }
        coordIndex [
            0,1,2,-1,3,4,5,-1,6,7,8,-1,9,10,11,-1,11,10,12,-1,13,14,11,-1,11,14,15,-1,11,15,16,-1,16,17,11,-1,11,17,18,-1,11,18,9,-1,19,20,21,-1,21,20,22,-1,22,20,23,-1,23,20,24,-1,23,24,25,-1,25,24,26,-1,25,26,27,-1,28,29,26,-1,26,29,30,-1,26,30,31,-1,26,32,27,-1,27,32,33,-1,27,33,34,-1,34,33,35,-1,34,35,36,-1,31,37,26,-1,26,37,38,-1,26,38,32,-1,39,40,41,-1,39,41,42,-1,42,41,43,-1,42,43,44,-1,40,45,41,-1,41,45,46,-1,41,46,47,-1,47,46,48,-1,48,49,47,-1,47,49,50,-1,47,50,28,-1,28,50,51,-1,28,51,29,-1,52,53,41,-1,41,53,54,-1,54,55,41,-1,41,55,56,-1,41,56,43,-1,57,58,59,-1,59,58,60,-1,59,60,61,-1,61,60,62,-1,61,62,63,-1,52,64,53,-1,53,64,61,-1,53,61,65,-1,65,61,63,-1,66,67,57,-1,57,67,68,-1,57,68,69,-1,69,70,57,-1,57,70,71,-1,57,71,58,-1,72,73,74,-1,75,76,77,-1,78,79,66,-1,80,81,82,-1,82,81,83,-1,75,77,84,-1,78,66,85,-1,74,73,66,-1,66,73,86,-1,66,86,85,-1,76,87,77,-1,77,87,88,-1,77,88,89,-1,90,91,92,-1,92,91,93,-1,92,93,94,-1,95,96,97,-1,97,96,98,-1,97,98,92,-1,92,98,99,-1,92,99,90,-1,95,100,96,-1,96,100,101,-1,96,101,81,-1,81,101,102,-1,81,102,83,-1,103,104,105,-1,105,104,106,-1,105,106,77,-1,77,106,107,-1,77,107,84,-1,89,108,77,-1,77,108,109,-1,77,109,110,-1,111,112,67,-1,67,112,113,-1,67,113,114,-1,114,115,67,-1,67,115,116,-1,67,116,117,-1,117,116,103,-1,117,103,118,-1,118,103,105,-1,79,119,66,-1,66,119,120,-1,66,120,67,-1,67,120,121,-1,67,121,111,-1,122,123,77,-1,77,123,124,-1,77,124,81,-1,81,124,125,-1,81,125,126,-1,110,127,77,-1,77,127,128,-1,77,128,122,-1,129,130,131,-1,129,131,132,-1,126,133,81,-1,81,133,131,-1,81,131,96,-1,96,131,130,-1,96,130,134,-1,134,130,135,-1,136,137,131,-1,131,137,138,-1,131,138,132,-1,139,140,141,-1,140,142,141,-1,141,142,143,-1,141,143,144,-1,145,141,146,-1,135,130,145,-1,145,130,147,-1,145,147,141,-1,141,147,148,-1,141,148,139,-1,146,149,145,-1,145,149,150,-1,145,150,151,-1,144,143,152,-1,152,143,153,-1,152,153,154,-1,154,153,155,-1,154,155,156,-1,157,158,151,-1,151,158,159,-1,151,159,145,-1,10,160,12,-1,12,160,161,-1,12,161,74,-1,74,161,162,-1,74,162,72,-1,163,4,164,-1,164,4,3,-1,164,3,165,-1,166,167,168,-1,168,167,169,-1,168,169,170,-1,170,169,171,-1,170,171,172,-1,172,171,173,-1,172,173,174,-1,174,173,175,-1,174,175,176,-1,176,175,177,-1,178,179,180,-1,181,182,183,-1,163,173,4,-1,4,173,171,-1,4,171,184,-1,184,171,185,-1,184,185,186,-1,186,185,187,-1,186,187,188,-1,189,190,182,-1,182,190,191,-1,182,191,183,-1,192,193,194,-1,195,196,197,-1,198,199,192,-1,199,200,192,-1,192,200,201,-1,192,201,193,-1,193,201,202,-1,195,197,192,-1,192,197,203,-1,192,203,198,-1,204,205,206,-1,206,205,207,-1,206,207,194,-1,194,207,208,-1,194,208,192,-1,209,210,211,-1,211,210,212,-1,213,214,215,-1,216,217,218,-1,202,219,193,-1,193,219,220,-1,193,220,218,-1,218,220,221,-1,218,221,216,-1,222,223,224,-1,223,225,224,-1,224,225,226,-1,224,226,227,-1,217,228,218,-1,218,228,229,-1,218,229,230,-1,214,222,215,-1,215,222,224,-1,215,224,231,-1,231,224,230,-1,231,230,232,-1,232,230,229,-1,227,233,224,-1,224,233,234,-1,224,234,235,-1,236,237,238,-1,238,237,239,-1,238,239,240,-1,238,241,236,-1,236,241,242,-1,236,242,243,-1,243,244,236,-1,236,244,245,-1,236,245,246,-1,246,245,247,-1,246,247,248,-1,248,247,249,-1,248,249,215,-1,215,249,250,-1,215,250,213,-1,251,252,240,-1,240,252,253,-1,240,253,238,-1,254,255,196,-1,196,255,256,-1,196,256,197,-1,254,257,255,-1,255,257,258,-1,255,258,259,-1,259,258,260,-1,259,261,262,-1,260,263,259,-1,259,263,264,-1,259,264,265,-1,265,266,259,-1,259,266,267,-1,259,267,261,-1,262,268,259,-1,259,268,269,-1,259,269,270,-1,271,272,273,-1,272,271,274,-1,274,271,275,-1,274,275,276,-1,277,278,279,-1,5,280,281,-1,279,278,282,-1,282,278,283,-1,282,283,276,-1,276,283,284,-1,276,284,274,-1,285,286,287,-1,288,289,290,-1,290,289,291,-1,290,291,292,-1,293,289,294,-1,294,289,288,-1,294,288,295,-1,295,288,296,-1,295,296,297,-1,297,296,298,-1,299,300,301,-1,287,286,301,-1,301,286,302,-1,301,302,299,-1,292,291,303,-1,303,291,304,-1,303,304,299,-1,305,306,307,-1,305,307,308,-1,308,307,309,-1,308,309,310,-1,310,309,311,-1,310,311,312,-1,313,314,315,-1,315,314,316,-1,315,317,313,-1,313,317,318,-1,313,318,319,-1,319,318,320,-1,319,320,321,-1,321,320,322,-1,321,322,323,-1,323,322,324,-1,323,324,325,-1,325,324,326,-1,325,326,327,-1,328,329,330,-1,330,329,331,-1,328,332,329,-1,329,332,333,-1,329,333,334,-1,334,333,335,-1,299,304,300,-1,300,304,336,-1,300,336,337,-1,337,336,338,-1,337,338,329,-1,329,338,339,-1,329,339,340,-1,341,342,343,-1,340,344,329,-1,329,344,345,-1,329,345,346,-1,341,343,333,-1,333,343,347,-1,333,347,348,-1,346,349,329,-1,329,349,350,-1,329,350,331,-1,348,351,333,-1,333,351,352,-1,333,352,335,-1,353,354,355,-1,355,354,356,-1,355,356,304,-1,304,356,357,-1,304,357,336,-1,358,359,360,-1,360,359,361,-1,360,361,362,-1,363,364,365,-1,366,367,363,-1,363,367,368,-1,363,368,364,-1,369,370,363,-1,363,370,371,-1,363,371,366,-1,372,373,374,-1,374,373,375,-1,374,375,369,-1,369,375,376,-1,369,376,370,-1,377,378,379,-1,379,378,380,-1,380,381,379,-1,379,381,382,-1,379,382,372,-1,377,379,383,-1,383,379,384,-1,383,384,385,-1,385,384,386,-1,386,384,193,-1,386,193,387,-1,337,388,300,-1,300,388,389,-1,300,389,390,-1,390,389,391,-1,390,391,392,-1,393,394,395,-1,395,394,396,-1,397,398,399,-1,193,400,401,-1,402,403,404,-1,393,405,394,-1,394,405,406,-1,394,406,407,-1,407,406,404,-1,407,404,408,-1,408,404,403,-1,409,410,397,-1,397,410,411,-1,397,411,398,-1,412,413,193,-1,193,413,414,-1,193,414,400,-1,415,416,417,-1,417,416,418,-1,417,418,419,-1,401,420,193,-1,193,420,421,-1,193,421,194,-1,194,421,422,-1,194,422,417,-1,399,423,397,-1,397,423,424,-1,397,424,384,-1,384,424,396,-1,384,396,425,-1,425,396,394,-1,426,427,404,-1,404,427,428,-1,404,428,429,-1,425,430,384,-1,384,430,431,-1,384,431,193,-1,193,431,432,-1,193,432,412,-1,429,433,404,-1,404,433,434,-1,404,434,402,-1,435,436,437,-1,437,436,438,-1,436,439,438,-1,438,439,440,-1,438,440,397,-1,397,440,441,-1,397,441,409,-1,183,178,181,-1,181,178,180,-1,181,180,442,-1,442,180,443,-1,444,445,446,-1,447,448,449,-1,449,448,450,-1,448,224,451,-1,235,211,224,-1,224,211,212,-1,224,212,451,-1,451,212,452,-1,451,453,448,-1,448,453,454,-1,448,454,455,-1,456,457,458,-1,458,457,459,-1,458,459,212,-1,212,459,460,-1,212,460,452,-1,455,461,448,-1,448,461,462,-1,448,462,450,-1,463,464,465,-1,463,465,466,-1,464,467,465,-1,465,467,468,-1,465,468,458,-1,458,468,469,-1,458,469,456,-1,438,470,437,-1,437,470,471,-1,437,471,210,-1,210,471,472,-1,210,472,212,-1,212,472,473,-1,212,473,458,-1,458,473,474,-1,458,474,465,-1,465,474,475,-1,465,475,476,-1,476,475,477,-1,476,477,478,-1,314,6,316,-1,316,6,8,-1,316,8,479,-1,479,8,478,-1,479,478,480,-1,480,478,477,-1,209,204,210,-1,210,204,206,-1,210,206,437,-1,437,206,194,-1,437,194,435,-1,435,194,417,-1,435,417,481,-1,481,417,419,-1,482,74,483,-1,483,74,66,-1,483,66,484,-1,484,66,57,-1,484,57,485,-1,485,57,59,-1,485,59,486,-1,482,487,488,-1,488,487,489,-1,490,491,492,-1,492,491,493,-1,492,493,494,-1,495,496,489,-1,489,496,494,-1,489,494,488,-1,488,494,493,-1,488,493,484,-1,484,493,497,-1,484,497,483,-1,498,499,500,-1,501,502,503,-1,504,505,500,-1,500,505,506,-1,500,506,184,-1,184,506,507,-1,184,507,4,-1,4,507,508,-1,4,508,509,-1,503,510,501,-1,501,510,511,-1,501,511,512,-1,512,513,501,-1,501,513,514,-1,501,514,500,-1,500,514,515,-1,500,515,498,-1,499,516,500,-1,500,516,517,-1,500,517,504,-1,518,519,500,-1,520,521,522,-1,500,519,501,-1,501,519,523,-1,501,523,524,-1,372,374,379,-1,379,374,488,-1,379,488,384,-1,384,488,484,-1,384,484,397,-1,397,484,485,-1,397,485,438,-1,438,485,486,-1,438,486,470,-1,392,387,390,-1,390,387,193,-1,390,193,300,-1,300,193,218,-1,300,218,301,-1,301,218,230,-1,301,230,287,-1,7,312,8,-1,8,312,311,-1,8,311,478,-1,478,311,500,-1,478,500,476,-1,476,500,184,-1,476,184,465,-1,465,184,186,-1,465,186,466,-1,466,186,188,-1,466,188,179,-1,179,188,165,-1,179,165,180,-1,180,165,3,-1,180,3,279,-1,279,3,5,-1,279,5,277,-1,277,5,281,-1,525,280,273,-1,273,280,5,-1,273,5,271,-1,271,5,4,-1,271,4,501,-1,501,4,509,-1,501,509,502,-1,482,488,74,-1,74,488,374,-1,74,374,12,-1,12,374,526,-1,12,526,11,-1,526,527,11,-1,11,527,0,-1,11,0,369,-1,369,0,2,-1,369,2,374,-1,374,2,528,-1,374,528,526,-1,529,530,279,-1,531,532,287,-1,287,532,289,-1,287,289,285,-1,285,289,293,-1,285,293,533,-1,533,293,534,-1,533,534,535,-1,535,534,536,-1,537,538,279,-1,530,531,279,-1,279,531,287,-1,279,287,180,-1,180,287,230,-1,180,230,443,-1,443,230,224,-1,443,224,446,-1,446,224,448,-1,446,448,444,-1,444,448,447,-1,532,539,289,-1,289,539,540,-1,289,540,282,-1,282,540,541,-1,282,541,542,-1,543,544,282,-1,282,544,545,-1,282,545,279,-1,279,545,546,-1,279,546,537,-1,538,547,279,-1,279,547,548,-1,279,548,529,-1,542,549,282,-1,282,549,550,-1,282,550,543,-1,522,518,520,-1,520,518,500,-1,520,500,551,-1,551,500,311,-1,551,311,524,-1,524,311,309,-1,524,309,501,-1,501,309,307,-1,501,307,271,-1,271,307,306,-1,271,306,275,-1,365,362,363,-1,363,362,361,-1,363,361,369,-1,369,361,552,-1,369,552,11,-1,11,552,20,-1,11,20,13,-1,13,20,19,-1,358,353,359,-1,359,353,355,-1,359,355,553,-1,553,355,304,-1,553,304,554,-1,554,304,291,-1,554,291,555,-1,555,291,289,-1,555,289,556,-1,556,289,282,-1,556,282,557,-1,557,282,276,-1,557,276,558,-1,558,276,275,-1,558,275,559,-1,559,275,306,-1,559,306,560,-1,560,306,305,-1,560,305,561,-1,
        ]
    }
}
Shape{
    appearance Appearance {
        material  Material 	{
            diffuseColor 0.7529411764705882 0.7529411764705882 0.7529411764705882
            specularColor 0.3764705882352941 0.3764705882352941 0.3764705882352941
            ambientIntensity 0.7529
            transparency 0.0
            shininess 0.5
        }
    }
    geometry IndexedFaceSet {
        ccw TRUE
        solid FALSE
        coord DEF co Coordinate {
            point [
                -0.1863 3.6614 1.9093, 0.002 3.6614 1.9291, 0.002 3.4646 1.7323, -0.1454 3.4646 1.7168, -0.1554 3.4646 1.7135, -0.3663 3.6614 1.8509, -0.2863 3.4646 1.671, -0.3046 3.4646 1.6605, -0.5303 3.6614 1.7562, -0.4146 3.4646 1.5969, -0.4381 3.4646 1.5757, -0.671 3.6614 1.6295, -0.5247 3.4646 1.4978, -0.5495 3.4646 1.4636, -0.7822 3.6614 1.4764, -0.6118 3.4646 1.378, -0.6333 3.4646 1.3297, -0.8592 3.6614 1.3034, -0.672 3.4646 1.2426, -0.6852 3.4646 1.1805, -0.8986 3.6614 1.1183, -0.7028 3.4646 1.0977, -0.8986 3.6614 0.929, -0.7067 3.4646 1.0236, -0.7028 3.4646 0.9495, -0.6852 3.4646 0.8667, -0.8592 3.6614 0.7438, -0.672 3.4646 0.8046, -0.6333 3.4646 0.7176, -0.7822 3.6614 0.5709, -0.6118 3.4646 0.6693, -0.5495 3.4646 0.5836, -0.671 3.6614 0.4177, -0.5247 3.4646 0.5494, -0.4381 3.4646 0.4715, -0.5303 3.6614 0.2911, -0.4146 3.4646 0.4503, -0.3046 3.4646 0.3868, -0.3663 3.6614 0.1964, 0.002 3.4646 0.315, 0.002 3.6614 0.1181, -0.1454 3.4646 0.3304, -0.1863 3.6614 0.1379, -0.1554 3.4646 0.3337, -0.2863 3.4646 0.3762, 1.187 3.1496 1.0236, 1.187 3.6614 1.0236, 1.169 3.6614 1.2294, 1.169 3.1496 1.2294, 1.1155 3.6614 1.4289, 1.1155 3.1496 1.4289, 1.0282 3.6614 1.6161, 1.0282 3.1496 1.6161, 0.9098 3.6614 1.7854, 0.9098 3.1496 1.7854, 0.7637 3.6614 1.9314, 0.7637 3.1496 1.9314, 0.5945 3.6614 2.0499, 0.5945 3.1496 2.0499, 0.4073 3.6614 2.1372, 0.4073 3.1496 2.1372, 0.2077 3.6614 2.1907, 0.2077 3.1496 2.1907, 0.002 3.6614 2.2087, 0.002 3.1496 2.2087, -0.2038 3.6614 2.1907, -0.2038 3.1496 2.1907, -0.4033 3.6614 2.1372, -0.4033 3.1496 2.1372, -0.5906 3.6614 2.0499, -0.5906 3.1496 2.0499, -0.7598 3.6614 1.9314, -0.7598 3.1496 1.9314, -0.9058 3.6614 1.7854, -0.9058 3.1496 1.7854, -1.0243 3.6614 1.6161, -1.0243 3.1496 1.6161, -1.1116 3.6614 1.4289, -1.1116 3.1496 1.4289, -1.1651 3.6614 1.2294, -1.1651 3.1496 1.2294, -1.1831 3.6614 1.0236, -1.1831 3.1496 1.0236
            ]
        }
        coordIndex [
            0,1,2,-1,2,3,0,-1,0,3,4,-1,0,4,5,-1,4,6,5,-1,5,6,7,-1,5,7,8,-1,7,9,8,-1,8,9,10,-1,8,10,11,-1,10,12,11,-1,11,12,13,-1,11,13,14,-1,13,15,14,-1,14,15,16,-1,14,16,17,-1,16,18,17,-1,17,18,19,-1,17,19,20,-1,20,19,21,-1,20,21,22,-1,22,21,23,-1,23,24,22,-1,22,24,25,-1,22,25,26,-1,25,27,26,-1,26,27,28,-1,26,28,29,-1,28,30,29,-1,29,30,31,-1,29,31,32,-1,31,33,32,-1,32,33,34,-1,32,34,35,-1,34,36,35,-1,35,36,37,-1,35,37,38,-1,39,40,41,-1,41,40,42,-1,41,42,43,-1,43,42,38,-1,43,38,44,-1,44,38,37,-1,45,46,47,-1,45,47,48,-1,48,47,49,-1,48,49,50,-1,50,49,51,-1,50,51,52,-1,52,51,53,-1,52,53,54,-1,54,53,55,-1,54,55,56,-1,56,55,57,-1,56,57,58,-1,58,57,59,-1,58,59,60,-1,60,59,61,-1,60,61,62,-1,62,61,63,-1,62,63,64,-1,64,63,65,-1,64,65,66,-1,66,65,67,-1,66,67,68,-1,68,67,69,-1,68,69,70,-1,70,69,71,-1,70,71,72,-1,72,71,73,-1,72,73,74,-1,74,73,75,-1,74,75,76,-1,76,75,77,-1,76,77,78,-1,78,77,79,-1,78,79,80,-1,80,79,81,-1,80,81,82,-1,
        ]
    }
}
Shape{
    appearance Appearance {
        material  Material 	{
            diffuseColor 0.25098039215686274 0.25098039215686274 0.25098039215686274
            specularColor 0.12549019607843137 0.12549019607843137 0.12549019607843137
            ambientIntensity 0.251
            transparency 0.0
            shininess 0.5
        }
    }
    geometry IndexedFaceSet {
        ccw TRUE
        solid FALSE
        coord DEF co Coordinate {
            point [
                -0.6509 2.7559 2.0079, -0.6509 2.3622 2.0079, -0.5886 2.3622 2.0465, 0.5925 2.3622 2.0465, 0.6548 2.3622 2.0079, 0.6548 2.7559 2.0079, -0.7572 2.7559 1.9284, -0.5886 3.1496 2.0465, -0.7572 3.1496 1.9284, -0.9028 3.1496 1.7828, -0.9028 2.7559 1.7828, -1.0209 3.1496 1.6142, -1.0209 2.7559 1.6142, -1.1079 3.1496 1.4276, -1.1079 2.7559 1.4276, -1.1612 3.1496 1.2287, -1.1612 2.7559 1.2287, -1.1791 3.1496 1.0236, -1.1791 2.7559 1.0236, 0.7612 3.1496 1.9284, 0.9067 2.7559 1.7828, 0.9067 3.1496 1.7828, 1.0248 2.7559 1.6142, 1.0248 3.1496 1.6142, 1.1118 2.7559 1.4276, 1.1118 3.1496 1.4276, 1.1651 2.7559 1.2287, 1.1651 3.1496 1.2287, 1.1831 2.7559 1.0236, 1.1831 3.1496 1.0236, -0.402 2.3622 2.1335, -0.402 3.1496 2.1335, -0.2031 2.3622 2.1868, -0.2031 3.1496 2.1868, 0.002 2.3622 2.2047, 0.002 3.1496 2.2047, 0.2071 2.3622 2.1868, 0.2071 3.1496 2.1868, 0.4059 2.3622 2.1335, 0.4059 3.1496 2.1335, 0.5925 3.1496 2.0465, 0.7612 2.7559 1.9284, 0.002 -0.1063 0.0394, 0.002 -0.1063 0.0787, 0.0784 -0.0962 0.0394, 0.0784 -0.0962 0.0787, 0.1496 -0.0667 0.0394, 0.1496 -0.0667 0.0787, 0.2108 -0.0198 0.0394, 0.2108 -0.0198 0.0787, 0.2382 0.0159 0.0394, 0.2577 0.0413 0.0787, 0.2577 0.3366 0.0787, 0.2577 0.3366 0.0394, 0.2872 0.2654 0.0787, 0.2872 0.2654 0.0394, 0.2972 0.189 0.0787, 0.2972 0.189 0.0394, 0.2872 0.1126 0.0787, 0.2872 0.1126 0.0394, 0.2577 0.0413 0.0394, 0.002 0.4843 0.0787, 0.002 0.4843 0.0394, 0.0784 0.4742 0.0787, 0.0784 0.4742 0.0394, 0.1496 0.4447 0.0787, 0.1496 0.4447 0.0394, 0.2108 0.3978 0.0787, 0.2108 0.3978 0.0394, 0.2382 0.362 0.0394, -0.7067 -1.9685 1.0236, -0.7067 3.4646 1.0236, -0.7028 3.4646 1.0977, -0.6889 -1.9685 1.1813, -0.6852 3.4646 1.1805, -0.672 3.4646 1.2426, -0.6365 -1.9685 1.3311, -0.6333 3.4646 1.3297, -0.6118 3.4646 1.378, -0.5521 -1.9685 1.4655, -0.5495 3.4646 1.4636, -0.5247 3.4646 1.4978, -0.4399 -1.9685 1.5777, -0.4381 3.4646 1.5757, -0.4146 3.4646 1.5969, -0.3055 -1.9685 1.6621, -0.3046 3.4646 1.6605, -0.1557 -1.9685 1.7145, -0.2863 3.4646 1.671, -0.1554 3.4646 1.7135, 0.002 -1.9685 1.7323, -0.1454 3.4646 1.7168, 0.002 3.4646 1.7323, 0.1493 3.4646 1.7168, 0.1597 -1.9685 1.7145, 0.1593 3.4646 1.7135, 0.2902 3.4646 1.671, 0.3094 -1.9685 1.6621, 0.3085 3.4646 1.6605, 0.4185 3.4646 1.5969, 0.4438 -1.9685 1.5777, 0.4421 3.4646 1.5757, 0.5286 3.4646 1.4978, 0.556 -1.9685 1.4655, 0.5535 3.4646 1.4636, 0.6157 3.4646 1.378, 0.6405 -1.9685 1.3311, 0.6372 3.4646 1.3297, 0.6759 3.4646 1.2426, 0.6929 -1.9685 1.1813, 0.7106 3.4646 1.0236, 0.7106 -1.9685 1.0236, 0.7067 3.4646 1.0977, 0.6891 3.4646 1.1805
            ]
        }
        coordIndex [
            0,1,2,-1,3,4,5,-1,6,0,7,-1,7,8,6,-1,6,8,9,-1,6,9,10,-1,10,9,11,-1,10,11,12,-1,12,11,13,-1,12,13,14,-1,14,13,15,-1,14,15,16,-1,16,15,17,-1,16,17,18,-1,19,20,21,-1,21,20,22,-1,21,22,23,-1,23,22,24,-1,23,24,25,-1,25,24,26,-1,25,26,27,-1,27,26,28,-1,27,28,29,-1,0,2,7,-1,7,2,30,-1,7,30,31,-1,31,30,32,-1,31,32,33,-1,33,32,34,-1,33,34,35,-1,35,34,36,-1,35,36,37,-1,37,36,38,-1,37,38,39,-1,39,38,3,-1,39,3,40,-1,40,3,5,-1,40,5,19,-1,19,5,41,-1,19,41,20,-1,42,43,44,-1,44,43,45,-1,44,45,46,-1,46,45,47,-1,46,47,48,-1,48,47,49,-1,48,49,50,-1,50,49,51,-1,52,53,54,-1,54,53,55,-1,54,55,56,-1,56,55,57,-1,56,57,58,-1,58,57,59,-1,58,59,51,-1,51,59,60,-1,51,60,50,-1,61,62,63,-1,63,62,64,-1,63,64,65,-1,65,64,66,-1,65,66,67,-1,67,66,68,-1,67,68,52,-1,52,68,69,-1,52,69,53,-1,70,71,72,-1,70,72,73,-1,72,74,73,-1,73,74,75,-1,73,75,76,-1,75,77,76,-1,76,77,78,-1,76,78,79,-1,78,80,79,-1,79,80,81,-1,79,81,82,-1,81,83,82,-1,82,83,84,-1,82,84,85,-1,85,84,86,-1,85,86,87,-1,86,88,87,-1,87,88,89,-1,87,89,90,-1,90,89,91,-1,91,92,90,-1,90,92,93,-1,90,93,94,-1,93,95,94,-1,94,95,96,-1,94,96,97,-1,96,98,97,-1,97,98,99,-1,97,99,100,-1,99,101,100,-1,100,101,102,-1,100,102,103,-1,102,104,103,-1,103,104,105,-1,103,105,106,-1,105,107,106,-1,106,107,108,-1,106,108,109,-1,110,111,112,-1,112,111,109,-1,112,109,113,-1,113,109,108,-1,
        ]
    }
}
Shape{
    appearance Appearance {
        material  Material 	{
            diffuseColor 0.7529411764705882 0.7529411764705882 0.7529411764705882
            specularColor 0.3764705882352941 0.3764705882352941 0.3764705882352941
            ambientIntensity 0.7529
            transparency 0.0
            shininess 0.5
        }
    }
    geometry IndexedFaceSet {
        ccw TRUE
        solid FALSE
        coord DEF co Coordinate {
            point [
                0.1949 1.0335 -0.9449, 0.1946 1.0335 -0.935, 0.1949 0.935 -0.9449, 0.1946 0.935 -0.935, -0.1988 0.935 -0.9449, -0.1988 1.0335 -0.9449, -0.1921 1.0335 -0.9958, -0.1921 0.935 -0.9958, -0.1724 1.0335 -1.0433, -0.1724 0.935 -1.0433, -0.1412 1.0335 -1.0841, -0.1412 0.935 -1.0841, -0.1004 1.0335 -1.1154, -0.1004 0.935 -1.1154, -0.0529 1.0335 -1.135, -0.0529 0.935 -1.135, -0.002 1.0335 -1.1417, -0.002 0.935 -1.1417, 0.049 1.0335 -1.135, 0.049 0.935 -1.135, 0.0965 1.0335 -1.1154, 0.0965 0.935 -1.1154, 0.1372 1.0335 -1.0841, 0.1372 0.935 -1.0841, 0.1685 1.0335 -1.0433, 0.1685 0.935 -1.0433, 0.1882 1.0335 -0.9958, 0.1882 0.935 -0.9958
            ]
        }
        coordIndex [
            0,1,2,-1,2,1,3,-1,4,5,6,-1,4,6,7,-1,7,6,8,-1,7,8,9,-1,9,8,10,-1,9,10,11,-1,11,10,12,-1,11,12,13,-1,13,12,14,-1,13,14,15,-1,15,14,16,-1,15,16,17,-1,17,16,18,-1,17,18,19,-1,19,18,20,-1,19,20,21,-1,21,20,22,-1,21,22,23,-1,23,22,24,-1,23,24,25,-1,25,24,26,-1,25,26,27,-1,27,26,0,-1,27,0,2,-1,
        ]
    }
}
Shape{
    appearance Appearance {
        material  Material 	{
            diffuseColor 0.25098039215686274 0.25098039215686274 0.25098039215686274
            specularColor 0.12549019607843137 0.12549019607843137 0.12549019607843137
            ambientIntensity 0.251
            transparency 0.0
            shininess 0.5
        }
    }
    geometry IndexedFaceSet {
        ccw TRUE
        solid FALSE
        coord DEF co Coordinate {
            point [
                1.9705 1.7913 -0.2756, 1.9705 1.7913 0.0394, 1.9246 1.7974 0.0394, 1.9246 1.7974 -0.2756, 1.8819 1.8151 0.0394, 1.8819 1.8151 -0.2756, 1.8452 1.8432 0.0394, 1.8452 1.8432 -0.2756, 1.817 1.8799 0.0394, 1.817 1.8799 -0.2756, 1.7993 1.9227 0.0394, 1.7993 1.9227 -0.2756, 1.7933 1.9685 0.0394, 1.7933 1.9685 -0.2756, 1.7993 2.0144 0.0394, 1.7993 2.0144 -0.2756, 1.817 2.0571 0.0394, 1.817 2.0571 -0.2756, 1.8452 2.0938 0.0394, 1.8452 2.0938 -0.2756, 1.8819 2.1219 0.0394, 1.8819 2.1219 -0.2756, 1.9246 2.1396 0.0394, 1.9246 2.1396 -0.2756, 1.9705 2.1457 0.0394, 1.9705 2.1457 -0.2756, -1.9665 1.7913 -0.2756, -1.9665 1.7913 0.0394, -2.0124 1.7974 0.0394, -2.0124 1.7974 -0.2756, -2.0551 1.8151 0.0394, -2.0551 1.8151 -0.2756, -2.0918 1.8432 0.0394, -2.0918 1.8432 -0.2756, -2.12 1.8799 0.0394, -2.12 1.8799 -0.2756, -2.1377 1.9227 0.0394, -2.1377 1.9227 -0.2756, -2.1437 1.9685 0.0394, -2.1437 1.9685 -0.2756, -2.1377 2.0144 0.0394, -2.1377 2.0144 -0.2756, -2.12 2.0571 0.0394, -2.12 2.0571 -0.2756, -2.0918 2.0938 0.0394, -2.0918 2.0938 -0.2756, -2.0551 2.1219 0.0394, -2.0551 2.1219 -0.2756, -2.0124 2.1396 0.0394, -2.0124 2.1396 -0.2756, -1.9665 2.1457 0.0394, -1.9665 2.1457 -0.2756, -1.9665 0.8071 -0.2756, -1.9665 0.8071 0.0394, -2.0124 0.8131 0.0394, -2.0124 0.8131 -0.2756, -2.0551 0.8308 0.0394, -2.0551 0.8308 -0.2756, -2.0918 0.859 0.0394, -2.0918 0.859 -0.2756, -2.12 0.8957 0.0394, -2.12 0.8957 -0.2756, -2.1377 0.9384 0.0394, -2.1377 0.9384 -0.2756, -2.1437 0.9843 0.0394, -2.1437 0.9843 -0.2756, -2.1377 1.0301 0.0394, -2.1377 1.0301 -0.2756, -2.12 1.0728 0.0394, -2.12 1.0728 -0.2756, -2.0918 1.1095 0.0394, -2.0918 1.1095 -0.2756, -2.0551 1.1377 0.0394, -2.0551 1.1377 -0.2756, -2.0124 1.1554 0.0394, -2.0124 1.1554 -0.2756, -1.9665 1.1614 0.0394, -1.9665 1.1614 -0.2756, 1.9705 0.8071 -0.2756, 1.9705 0.8071 0.0394, 1.9246 0.8131 0.0394, 1.9246 0.8131 -0.2756, 1.8819 0.8308 0.0394, 1.8819 0.8308 -0.2756, 1.8452 0.859 0.0394, 1.8452 0.859 -0.2756, 1.817 0.8957 0.0394, 1.817 0.8957 -0.2756, 1.7993 0.9384 0.0394, 1.7993 0.9384 -0.2756, 1.7933 0.9843 0.0394, 1.7933 0.9843 -0.2756, 1.7993 1.0301 0.0394, 1.7993 1.0301 -0.2756, 1.817 1.0728 0.0394, 1.817 1.0728 -0.2756, 1.8452 1.1095 0.0394, 1.8452 1.1095 -0.2756, 1.8819 1.1377 0.0394, 1.8819 1.1377 -0.2756, 1.9246 1.1554 0.0394, 1.9246 1.1554 -0.2756, 1.9705 1.1614 0.0394, 1.9705 1.1614 -0.2756, 0.002 -1.1614 -0.2756, 0.002 -1.1614 0.0394, -0.0439 -1.1554 0.0394, -0.0439 -1.1554 -0.2756, -0.0866 -1.1377 0.0394, -0.0866 -1.1377 -0.2756, -0.1233 -1.1095 0.0394, -0.1233 -1.1095 -0.2756, -0.1515 -1.0728 0.0394, -0.1515 -1.0728 -0.2756, -0.1692 -1.0301 0.0394, -0.1692 -1.0301 -0.2756, -0.1752 -0.9842 0.0394, -0.1752 -0.9842 -0.2756, -0.1692 -0.9384 0.0394, -0.1692 -0.9384 -0.2756, -0.1515 -0.8957 0.0394, -0.1515 -0.8957 -0.2756, -0.1233 -0.859 0.0394, -0.1233 -0.859 -0.2756, -0.0866 -0.8308 0.0394, -0.0866 -0.8308 -0.2756, -0.0439 -0.8131 0.0394, -0.0439 -0.8131 -0.2756, 0.002 -0.8071 0.0394, 0.002 -0.8071 -0.2756, 0.002 -0.8683 -0.3524, 0.002 -0.8858 -0.3543, -0.0235 -0.8892 -0.3543, -0.0288 -0.8695 -0.3516, 0.002 -0.8655 -0.3514, -0.0472 -0.899 -0.3543, -0.0574 -0.8814 -0.3516, -0.0676 -0.9147 -0.3543, -0.082 -0.9002 -0.3516, -0.0833 -0.935 -0.3543, -0.1009 -0.9248 -0.3516, -0.0931 -0.9588 -0.3543, -0.1128 -0.9535 -0.3516, -0.0965 -0.9842 -0.3543, -0.1168 -0.9842 -0.3516, -0.0931 -1.0097 -0.3543, -0.1128 -1.015 -0.3516, -0.0833 -1.0335 -0.3543, -0.1009 -1.0437 -0.3516, -0.0676 -1.0538 -0.3543, -0.082 -1.0683 -0.3516, -0.0472 -1.0695 -0.3543, -0.0574 -1.0871 -0.3516, -0.0235 -1.0793 -0.3543, -0.0288 -1.099 -0.3516, 0.002 -1.0827 -0.3543, 0.002 -1.1002 -0.352, 0.002 -0.8367 -0.3371, 0.002 -0.8467 -0.3434, -0.0337 -0.8511 -0.3438, 0.002 -0.8517 -0.3465, 0.002 -1.1031 -0.3516, 0.002 -1.1166 -0.346, -0.0337 -1.1173 -0.3438, -0.0669 -1.1036 -0.3438, -0.0955 -1.0817 -0.3438, -0.1174 -1.0531 -0.3438, -0.1311 -1.0199 -0.3438, -0.1358 -0.9842 -0.3438, -0.1311 -0.9486 -0.3438, -0.1174 -0.9154 -0.3438, -0.0955 -0.8868 -0.3438, -0.0669 -0.8649 -0.3438, -0.0379 -0.8354 -0.3313, 0.002 -0.8305 -0.3309, -0.0751 -0.8508 -0.3313, -0.107 -0.8753 -0.3313, -0.1315 -0.9072 -0.3313, -0.1469 -0.9444 -0.3313, -0.1521 -0.9842 -0.3313, -0.1469 -1.0241 -0.3313, -0.1315 -1.0613 -0.3313, -0.107 -1.0932 -0.3313, -0.0751 -1.1177 -0.3313, -0.0379 -1.1331 -0.3313, 0.002 -0.8149 -0.3098, 0.002 -0.818 -0.3147, -0.0412 -0.8233 -0.315, 0.002 -0.8243 -0.3247, 0.002 -1.122 -0.3438, 0.002 -1.1314 -0.3366, 0.002 -1.1384 -0.3313, 0.002 -1.1437 -0.3243, -0.0412 -1.1452 -0.315, -0.0813 -1.1285 -0.315, -0.1158 -1.1021 -0.315, -0.1423 -1.0676 -0.315, -0.159 -1.0274 -0.315, -0.1646 -0.9842 -0.315, -0.159 -0.9411 -0.315, -0.1423 -0.9009 -0.315, -0.1158 -0.8664 -0.315, -0.0813 -0.84 -0.315, 0.002 -0.8091 -0.2931, 0.002 -0.81 -0.2959, -0.0432 -0.8157 -0.296, -0.0853 -0.8331 -0.296, -0.1214 -0.8609 -0.296, -0.1491 -0.897 -0.296, -0.1666 -0.9391 -0.296, -0.1725 -0.9842 -0.296, -0.1666 -1.0294 -0.296, -0.1491 -1.0715 -0.296, -0.1214 -1.1076 -0.296, -0.0853 -1.1354 -0.296, -0.0432 -1.1528 -0.296, 0.002 -1.1509 -0.315, 0.002 -1.1531 -0.3095, 0.002 -1.1587 -0.296, 0.002 -1.1591 -0.2931, -1.9665 1.1587 -0.296, -2.0117 1.1528 -0.296, -1.9665 1.1509 -0.315, -2.0097 1.1452 -0.315, -1.9665 1.1384 -0.3313, -2.0064 1.1331 -0.3313, -1.9665 1.1221 -0.3438, -2.0022 1.1174 -0.3438, -1.9665 1.1031 -0.3516, -1.9973 1.099 -0.3516, -1.9665 1.0827 -0.3543, -1.992 1.0793 -0.3543, -2.0157 1.0695 -0.3543, -2.0259 1.0871 -0.3516, -2.0361 1.0539 -0.3543, -2.0505 1.0683 -0.3516, -2.0518 1.0335 -0.3543, -2.0694 1.0437 -0.3516, -2.0616 1.0097 -0.3543, -2.0813 1.015 -0.3516, -2.065 0.9843 -0.3543, -2.0853 0.9843 -0.3516, -2.0616 0.9588 -0.3543, -2.0813 0.9535 -0.3516, -2.0518 0.935 -0.3543, -2.0694 0.9249 -0.3516, -2.0361 0.9147 -0.3543, -2.0505 0.9002 -0.3516, -2.0157 0.899 -0.3543, -2.0259 0.8814 -0.3516, -1.992 0.8892 -0.3543, -1.9973 0.8695 -0.3516, -1.9665 0.8858 -0.3543, -1.9665 0.8655 -0.3516, -2.0354 1.1036 -0.3438, -2.064 1.0817 -0.3438, -2.0859 1.0532 -0.3438, -2.0996 1.0199 -0.3438, -2.1043 0.9843 -0.3438, -2.0996 0.9486 -0.3438, -2.0859 0.9154 -0.3438, -2.064 0.8868 -0.3438, -2.0354 0.8649 -0.3438, -2.0022 0.8512 -0.3438, -1.9665 0.8465 -0.3438, -2.0436 1.1177 -0.3313, -2.0755 1.0932 -0.3313, -2.1 1.0613 -0.3313, -2.1154 1.0241 -0.3313, -2.1206 0.9843 -0.3313, -2.1154 0.9444 -0.3313, -2.1 0.9072 -0.3313, -2.0755 0.8753 -0.3313, -2.0436 0.8508 -0.3313, -2.0064 0.8354 -0.3313, -1.9665 0.8302 -0.3313, -2.0498 1.1285 -0.315, -2.0844 1.1021 -0.315, -2.1108 1.0676 -0.315, -2.1275 1.0274 -0.315, -2.1332 0.9843 -0.315, -2.1275 0.9411 -0.315, -2.1108 0.9009 -0.315, -2.0844 0.8664 -0.315, -2.0498 0.84 -0.315, -2.0097 0.8233 -0.315, -1.9665 0.8176 -0.315, -2.0538 1.1354 -0.296, -2.0899 1.1076 -0.296, -2.1176 1.0715 -0.296, -2.1351 1.0294 -0.296, -2.141 0.9843 -0.296, -2.1351 0.9391 -0.296, -2.1176 0.897 -0.296, -2.0899 0.8609 -0.296, -2.0538 0.8331 -0.296, -2.0117 0.8157 -0.296, -1.9665 0.8098 -0.296, -1.9665 2.143 -0.296, -2.0117 2.137 -0.296, -1.9665 2.1351 -0.315, -2.0097 2.1294 -0.315, -1.9665 2.1226 -0.3313, -2.0064 2.1174 -0.3313, -1.9665 2.1063 -0.3438, -2.0022 2.1016 -0.3438, -1.9665 2.0873 -0.3516, -1.9973 2.0833 -0.3516, -1.9665 2.0669 -0.3543, -1.992 2.0636 -0.3543, -2.0157 2.0537 -0.3543, -2.0259 2.0714 -0.3516, -2.0361 2.0381 -0.3543, -2.0505 2.0525 -0.3516, -2.0518 2.0177 -0.3543, -2.0694 2.0279 -0.3516, -2.0616 1.994 -0.3543, -2.0813 1.9993 -0.3516, -2.065 1.9685 -0.3543, -2.0853 1.9685 -0.3516, -2.0616 1.943 -0.3543, -2.0813 1.9378 -0.3516, -2.0518 1.9193 -0.3543, -2.0694 1.9091 -0.3516, -2.0361 1.8989 -0.3543, -2.0505 1.8845 -0.3516, -2.0157 1.8833 -0.3543, -2.0259 1.8656 -0.3516, -1.992 1.8734 -0.3543, -1.9973 1.8538 -0.3516, -1.9665 1.8701 -0.3543, -1.9665 1.8497 -0.3516, -2.0354 2.0878 -0.3438, -2.064 2.0659 -0.3438, -2.0859 2.0374 -0.3438, -2.0996 2.0042 -0.3438, -2.1043 1.9685 -0.3438, -2.0996 1.9328 -0.3438, -2.0859 1.8996 -0.3438, -2.064 1.8711 -0.3438, -2.0354 1.8492 -0.3438, -2.0022 1.8354 -0.3438, -1.9665 1.8307 -0.3438, -2.0436 2.102 -0.3313, -2.0755 2.0775 -0.3313, -2.1 2.0456 -0.3313, -2.1154 2.0084 -0.3313, -2.1206 1.9685 -0.3313, -2.1154 1.9286 -0.3313, -2.1 1.8915 -0.3313, -2.0755 1.8595 -0.3313, -2.0436 1.8351 -0.3313, -2.0064 1.8197 -0.3313, -1.9665 1.8144 -0.3313, -2.0498 2.1128 -0.315, -2.0844 2.0863 -0.315, -2.1108 2.0518 -0.315, -2.1275 2.0116 -0.315, -2.1332 1.9685 -0.315, -2.1275 1.9254 -0.315, -2.1108 1.8852 -0.315, -2.0844 1.8507 -0.315, -2.0498 1.8242 -0.315, -2.0097 1.8076 -0.315, -1.9665 1.8019 -0.315, -2.0538 2.1196 -0.296, -2.0899 2.0919 -0.296, -2.1176 2.0557 -0.296, -2.1351 2.0137 -0.296, -2.141 1.9685 -0.296, -2.1351 1.9233 -0.296, -2.1176 1.8813 -0.296, -2.0899 1.8451 -0.296, -2.0538 1.8174 -0.296, -2.0117 1.8 -0.296, -1.9665 1.794 -0.296, 1.9705 1.1587 -0.296, 1.9253 1.1528 -0.296, 1.9705 1.1509 -0.315, 1.9273 1.1452 -0.315, 1.9705 1.1384 -0.3313, 1.9306 1.1331 -0.3313, 1.9705 1.1221 -0.3438, 1.9348 1.1174 -0.3438, 1.9705 1.1031 -0.3516, 1.9397 1.099 -0.3516, 1.9705 1.0827 -0.3543, 1.945 1.0793 -0.3543, 1.9213 1.0695 -0.3543, 1.9111 1.0871 -0.3516, 1.9009 1.0539 -0.3543, 1.8865 1.0683 -0.3516, 1.8852 1.0335 -0.3543, 1.8676 1.0437 -0.3516, 1.8754 1.0097 -0.3543, 1.8557 1.015 -0.3516, 1.872 0.9843 -0.3543, 1.8517 0.9843 -0.3516, 1.8754 0.9588 -0.3543, 1.8557 0.9535 -0.3516, 1.8852 0.935 -0.3543, 1.8676 0.9249 -0.3516, 1.9009 0.9147 -0.3543, 1.8865 0.9002 -0.3516, 1.9213 0.899 -0.3543, 1.9111 0.8814 -0.3516, 1.945 0.8892 -0.3543, 1.9397 0.8695 -0.3516, 1.9705 0.8858 -0.3543, 1.9705 0.8655 -0.3516, 1.9016 1.1036 -0.3438, 1.873 1.0817 -0.3438, 1.8511 1.0532 -0.3438, 1.8374 1.0199 -0.3438, 1.8327 0.9843 -0.3438, 1.8374 0.9486 -0.3438, 1.8511 0.9154 -0.3438, 1.873 0.8868 -0.3438, 1.9016 0.8649 -0.3438, 1.9348 0.8512 -0.3438, 1.9705 0.8465 -0.3438, 1.8934 1.1177 -0.3313, 1.8615 1.0932 -0.3313, 1.837 1.0613 -0.3313, 1.8216 1.0241 -0.3313, 1.8164 0.9843 -0.3313, 1.8216 0.9444 -0.3313, 1.837 0.9072 -0.3313, 1.8615 0.8753 -0.3313, 1.8934 0.8508 -0.3313, 1.9306 0.8354 -0.3313, 1.9705 0.8302 -0.3313, 1.8872 1.1285 -0.315, 1.8527 1.1021 -0.315, 1.8262 1.0676 -0.315, 1.8095 1.0274 -0.315, 1.8039 0.9843 -0.315, 1.8095 0.9411 -0.315, 1.8262 0.9009 -0.315, 1.8527 0.8664 -0.315, 1.8872 0.84 -0.315, 1.9273 0.8233 -0.315, 1.9705 0.8176 -0.315, 1.8832 1.1354 -0.296, 1.8471 1.1076 -0.296, 1.8194 1.0715 -0.296, 1.8019 1.0294 -0.296, 1.796 0.9843 -0.296, 1.8019 0.9391 -0.296, 1.8194 0.897 -0.296, 1.8471 0.8609 -0.296, 1.8832 0.8331 -0.296, 1.9253 0.8157 -0.296, 1.9705 0.8098 -0.296, 1.9705 2.143 -0.296, 1.9253 2.137 -0.296, 1.9705 2.1351 -0.315, 1.9273 2.1294 -0.315, 1.9705 2.1226 -0.3313, 1.9306 2.1174 -0.3313, 1.9705 2.1063 -0.3438, 1.9348 2.1016 -0.3438, 1.9705 2.0873 -0.3516, 1.9397 2.0833 -0.3516, 1.9705 2.0669 -0.3543, 1.945 2.0636 -0.3543, 1.9213 2.0537 -0.3543, 1.9111 2.0714 -0.3516, 1.9009 2.0381 -0.3543, 1.8865 2.0525 -0.3516, 1.8852 2.0177 -0.3543, 1.8676 2.0279 -0.3516, 1.8754 1.994 -0.3543, 1.8557 1.9993 -0.3516, 1.872 1.9685 -0.3543, 1.8517 1.9685 -0.3516, 1.8754 1.943 -0.3543, 1.8557 1.9378 -0.3516, 1.8852 1.9193 -0.3543, 1.8676 1.9091 -0.3516, 1.9009 1.8989 -0.3543, 1.8865 1.8845 -0.3516, 1.9213 1.8833 -0.3543, 1.9111 1.8656 -0.3516, 1.945 1.8734 -0.3543, 1.9397 1.8538 -0.3516, 1.9705 1.8701 -0.3543, 1.9705 1.8497 -0.3516, 1.9016 2.0878 -0.3438, 1.873 2.0659 -0.3438, 1.8511 2.0374 -0.3438, 1.8374 2.0042 -0.3438, 1.8327 1.9685 -0.3438, 1.8374 1.9328 -0.3438, 1.8511 1.8996 -0.3438, 1.873 1.8711 -0.3438, 1.9016 1.8492 -0.3438, 1.9348 1.8354 -0.3438, 1.9705 1.8307 -0.3438, 1.8934 2.102 -0.3313, 1.8615 2.0775 -0.3313, 1.837 2.0456 -0.3313, 1.8216 2.0084 -0.3313, 1.8164 1.9685 -0.3313, 1.8216 1.9286 -0.3313, 1.837 1.8915 -0.3313, 1.8615 1.8595 -0.3313, 1.8934 1.8351 -0.3313, 1.9306 1.8197 -0.3313, 1.9705 1.8144 -0.3313, 1.8872 2.1128 -0.315, 1.8527 2.0863 -0.315, 1.8262 2.0518 -0.315, 1.8095 2.0116 -0.315, 1.8039 1.9685 -0.315, 1.8095 1.9254 -0.315, 1.8262 1.8852 -0.315, 1.8527 1.8507 -0.315, 1.8872 1.8242 -0.315, 1.9273 1.8076 -0.315, 1.9705 1.8019 -0.315, 1.8832 2.1196 -0.296, 1.8471 2.0919 -0.296, 1.8194 2.0557 -0.296, 1.8019 2.0137 -0.296, 1.796 1.9685 -0.296, 1.8019 1.9233 -0.296, 1.8194 1.8813 -0.296, 1.8471 1.8451 -0.296, 1.8832 1.8174 -0.296, 1.9253 1.8 -0.296, 1.9705 1.794 -0.296, 2.0156 1.8 -0.296, 2.0136 1.8076 -0.315, 2.0104 1.8197 -0.3313, 2.0061 1.8354 -0.3438, 2.0012 1.8538 -0.3516, 1.9959 1.8734 -0.3543, 2.0197 1.8833 -0.3543, 2.0299 1.8656 -0.3516, 2.0401 1.8989 -0.3543, 2.0545 1.8845 -0.3516, 2.0557 1.9193 -0.3543, 2.0734 1.9091 -0.3516, 2.0655 1.943 -0.3543, 2.0852 1.9378 -0.3516, 2.0689 1.9685 -0.3543, 2.0893 1.9685 -0.3516, 2.0655 1.994 -0.3543, 2.0852 1.9993 -0.3516, 2.0557 2.0177 -0.3543, 2.0734 2.0279 -0.3516, 2.0401 2.0381 -0.3543, 2.0545 2.0525 -0.3516, 2.0197 2.0537 -0.3543, 2.0299 2.0714 -0.3516, 1.9959 2.0636 -0.3543, 2.0012 2.0833 -0.3516, 2.0394 1.8492 -0.3438, 2.0679 1.8711 -0.3438, 2.0898 1.8996 -0.3438, 2.1036 1.9328 -0.3438, 2.1083 1.9685 -0.3438, 2.1036 2.0042 -0.3438, 2.0898 2.0374 -0.3438, 2.0679 2.0659 -0.3438, 2.0394 2.0878 -0.3438, 2.0061 2.1016 -0.3438, 2.0475 1.8351 -0.3313, 2.0794 1.8595 -0.3313, 2.1039 1.8915 -0.3313, 2.1193 1.9286 -0.3313, 2.1246 1.9685 -0.3313, 2.1193 2.0084 -0.3313, 2.1039 2.0456 -0.3313, 2.0794 2.0775 -0.3313, 2.0475 2.102 -0.3313, 2.0104 2.1174 -0.3313, 2.0538 1.8242 -0.315, 2.0883 1.8507 -0.315, 2.1148 1.8852 -0.315, 2.1314 1.9254 -0.315, 2.1371 1.9685 -0.315, 2.1314 2.0116 -0.315, 2.1148 2.0518 -0.315, 2.0883 2.0863 -0.315, 2.0538 2.1128 -0.315, 2.0136 2.1294 -0.315, 2.0577 1.8174 -0.296, 2.0939 1.8451 -0.296, 2.1216 1.8813 -0.296, 2.139 1.9233 -0.296, 2.145 1.9685 -0.296, 2.139 2.0137 -0.296, 2.1216 2.0557 -0.296, 2.0939 2.0919 -0.296, 2.0577 2.1196 -0.296, 2.0156 2.137 -0.296, 2.0163 1.7974 -0.2756, 2.0591 1.8151 -0.2756, 2.0957 1.8432 -0.2756, 2.1239 1.8799 -0.2756, 2.1416 1.9227 -0.2756, 2.1476 1.9685 -0.2756, 2.1416 2.0144 -0.2756, 2.1239 2.0571 -0.2756, 2.0957 2.0938 -0.2756, 2.0591 2.1219 -0.2756, 2.0163 2.1396 -0.2756, 2.0156 0.8157 -0.296, 2.0136 0.8233 -0.315, 2.0104 0.8354 -0.3313, 2.0061 0.8512 -0.3438, 2.0012 0.8695 -0.3516, 1.9959 0.8892 -0.3543, 2.0197 0.899 -0.3543, 2.0299 0.8814 -0.3516, 2.0401 0.9147 -0.3543, 2.0545 0.9002 -0.3516, 2.0557 0.935 -0.3543, 2.0734 0.9249 -0.3516, 2.0655 0.9588 -0.3543, 2.0852 0.9535 -0.3516, 2.0689 0.9843 -0.3543, 2.0893 0.9843 -0.3516, 2.0655 1.0097 -0.3543, 2.0852 1.015 -0.3516, 2.0557 1.0335 -0.3543, 2.0734 1.0437 -0.3516, 2.0401 1.0539 -0.3543, 2.0545 1.0683 -0.3516, 2.0197 1.0695 -0.3543, 2.0299 1.0871 -0.3516, 1.9959 1.0793 -0.3543, 2.0012 1.099 -0.3516, 2.0394 0.8649 -0.3438, 2.0679 0.8868 -0.3438, 2.0898 0.9154 -0.3438, 2.1036 0.9486 -0.3438, 2.1083 0.9843 -0.3438, 2.1036 1.0199 -0.3438, 2.0898 1.0532 -0.3438, 2.0679 1.0817 -0.3438, 2.0394 1.1036 -0.3438, 2.0061 1.1174 -0.3438, 2.0475 0.8508 -0.3313, 2.0794 0.8753 -0.3313, 2.1039 0.9072 -0.3313, 2.1193 0.9444 -0.3313, 2.1246 0.9843 -0.3313, 2.1193 1.0241 -0.3313, 2.1039 1.0613 -0.3313, 2.0794 1.0932 -0.3313, 2.0475 1.1177 -0.3313, 2.0104 1.1331 -0.3313, 2.0538 0.84 -0.315, 2.0883 0.8664 -0.315, 2.1148 0.9009 -0.315, 2.1314 0.9411 -0.315, 2.1371 0.9843 -0.315, 2.1314 1.0274 -0.315, 2.1148 1.0676 -0.315, 2.0883 1.1021 -0.315, 2.0538 1.1285 -0.315, 2.0136 1.1452 -0.315, 2.0577 0.8331 -0.296, 2.0939 0.8609 -0.296, 2.1216 0.897 -0.296, 2.139 0.9391 -0.296, 2.145 0.9843 -0.296, 2.139 1.0294 -0.296, 2.1216 1.0715 -0.296, 2.0939 1.1076 -0.296, 2.0577 1.1354 -0.296, 2.0156 1.1528 -0.296, 2.0163 0.8131 -0.2756, 2.0591 0.8308 -0.2756, 2.0957 0.859 -0.2756, 2.1239 0.8957 -0.2756, 2.1416 0.9384 -0.2756, 2.1476 0.9843 -0.2756, 2.1416 1.0301 -0.2756, 2.1239 1.0728 -0.2756, 2.0957 1.1095 -0.2756, 2.0591 1.1377 -0.2756, 2.0163 1.1554 -0.2756, -1.9214 1.8 -0.296, -1.9234 1.8076 -0.315, -1.9267 1.8197 -0.3313, -1.9309 1.8354 -0.3438, -1.9358 1.8538 -0.3516, -1.9411 1.8734 -0.3543, -1.9173 1.8833 -0.3543, -1.9071 1.8656 -0.3516, -1.8969 1.8989 -0.3543, -1.8825 1.8845 -0.3516, -1.8813 1.9193 -0.3543, -1.8636 1.9091 -0.3516, -1.8715 1.943 -0.3543, -1.8518 1.9378 -0.3516, -1.8681 1.9685 -0.3543, -1.8477 1.9685 -0.3516, -1.8715 1.994 -0.3543, -1.8518 1.9993 -0.3516, -1.8813 2.0177 -0.3543, -1.8636 2.0279 -0.3516, -1.8969 2.0381 -0.3543, -1.8825 2.0525 -0.3516, -1.9173 2.0537 -0.3543, -1.9071 2.0714 -0.3516, -1.9411 2.0636 -0.3543, -1.9358 2.0833 -0.3516, -1.8976 1.8492 -0.3438, -1.8691 1.8711 -0.3438, -1.8472 1.8996 -0.3438, -1.8334 1.9328 -0.3438, -1.8287 1.9685 -0.3438, -1.8334 2.0042 -0.3438, -1.8472 2.0374 -0.3438, -1.8691 2.0659 -0.3438, -1.8976 2.0878 -0.3438, -1.9309 2.1016 -0.3438, -1.8895 1.8351 -0.3313, -1.8576 1.8595 -0.3313, -1.8331 1.8915 -0.3313, -1.8177 1.9286 -0.3313, -1.8124 1.9685 -0.3313, -1.8177 2.0084 -0.3313, -1.8331 2.0456 -0.3313, -1.8576 2.0775 -0.3313, -1.8895 2.102 -0.3313, -1.9267 2.1174 -0.3313, -1.8832 1.8242 -0.315, -1.8487 1.8507 -0.315, -1.8222 1.8852 -0.315, -1.8056 1.9254 -0.315, -1.7999 1.9685 -0.315, -1.8056 2.0116 -0.315, -1.8222 2.0518 -0.315, -1.8487 2.0863 -0.315, -1.8832 2.1128 -0.315, -1.9234 2.1294 -0.315, -1.8793 1.8174 -0.296, -1.8432 1.8451 -0.296, -1.8154 1.8813 -0.296, -1.798 1.9233 -0.296, -1.7921 1.9685 -0.296, -1.798 2.0137 -0.296, -1.8154 2.0557 -0.296, -1.8432 2.0919 -0.296, -1.8793 2.1196 -0.296, -1.9214 2.137 -0.296, -1.9207 1.7974 -0.2756, -1.878 1.8151 -0.2756, -1.8413 1.8432 -0.2756, -1.8131 1.8799 -0.2756, -1.7954 1.9227 -0.2756, -1.7894 1.9685 -0.2756, -1.7954 2.0144 -0.2756, -1.8131 2.0571 -0.2756, -1.8413 2.0938 -0.2756, -1.878 2.1219 -0.2756, -1.9207 2.1396 -0.2756, -1.9214 0.8157 -0.296, -1.9234 0.8233 -0.315, -1.9267 0.8354 -0.3313, -1.9309 0.8512 -0.3438, -1.9358 0.8695 -0.3516, -1.9411 0.8892 -0.3543, -1.9173 0.899 -0.3543, -1.9071 0.8814 -0.3516, -1.8969 0.9147 -0.3543, -1.8825 0.9002 -0.3516, -1.8813 0.935 -0.3543, -1.8636 0.9249 -0.3516, -1.8715 0.9588 -0.3543, -1.8518 0.9535 -0.3516, -1.8681 0.9843 -0.3543, -1.8477 0.9843 -0.3516, -1.8715 1.0097 -0.3543, -1.8518 1.015 -0.3516, -1.8813 1.0335 -0.3543, -1.8636 1.0437 -0.3516, -1.8969 1.0539 -0.3543, -1.8825 1.0683 -0.3516, -1.9173 1.0695 -0.3543, -1.9071 1.0871 -0.3516, -1.9411 1.0793 -0.3543, -1.9358 1.099 -0.3516, -1.8976 0.8649 -0.3438, -1.8691 0.8868 -0.3438, -1.8472 0.9154 -0.3438, -1.8334 0.9486 -0.3438, -1.8287 0.9843 -0.3438, -1.8334 1.0199 -0.3438, -1.8472 1.0532 -0.3438, -1.8691 1.0817 -0.3438, -1.8976 1.1036 -0.3438, -1.9309 1.1174 -0.3438, -1.8895 0.8508 -0.3313, -1.8576 0.8753 -0.3313, -1.8331 0.9072 -0.3313, -1.8177 0.9444 -0.3313, -1.8124 0.9843 -0.3313, -1.8177 1.0241 -0.3313, -1.8331 1.0613 -0.3313, -1.8576 1.0932 -0.3313, -1.8895 1.1177 -0.3313, -1.9267 1.1331 -0.3313, -1.8832 0.84 -0.315, -1.8487 0.8664 -0.315, -1.8222 0.9009 -0.315, -1.8056 0.9411 -0.315, -1.7999 0.9843 -0.315, -1.8056 1.0274 -0.315, -1.8222 1.0676 -0.315, -1.8487 1.1021 -0.315, -1.8832 1.1285 -0.315, -1.9234 1.1452 -0.315, -1.8793 0.8331 -0.296, -1.8432 0.8609 -0.296, -1.8154 0.897 -0.296, -1.798 0.9391 -0.296, -1.7921 0.9843 -0.296, -1.798 1.0294 -0.296, -1.8154 1.0715 -0.296, -1.8432 1.1076 -0.296, -1.8793 1.1354 -0.296, -1.9214 1.1528 -0.296, -1.9207 0.8131 -0.2756, -1.878 0.8308 -0.2756, -1.8413 0.859 -0.2756, -1.8131 0.8957 -0.2756, -1.7954 0.9384 -0.2756, -1.7894 0.9843 -0.2756, -1.7954 1.0301 -0.2756, -1.8131 1.0728 -0.2756, -1.8413 1.1095 -0.2756, -1.878 1.1377 -0.2756, -1.9207 1.1554 -0.2756, 0.0274 -1.0793 -0.3543, 0.032 -1.0962 -0.3524, 0.0512 -1.0695 -0.3543, 0.0599 -1.0847 -0.3524, 0.0716 -1.0538 -0.3543, 0.084 -1.0662 -0.3524, 0.0872 -1.0335 -0.3543, 0.1024 -1.0422 -0.3524, 0.097 -1.0097 -0.3543, 0.114 -1.0143 -0.3524, 0.1004 -0.9842 -0.3543, 0.1179 -0.9842 -0.3524, 0.097 -0.9588 -0.3543, 0.114 -0.9542 -0.3524, 0.0872 -0.935 -0.3543, 0.1024 -0.9263 -0.3524, 0.0716 -0.9147 -0.3543, 0.084 -0.9023 -0.3524, 0.0512 -0.899 -0.3543, 0.0599 -0.8838 -0.3524, 0.0274 -0.8892 -0.3543, 0.032 -0.8723 -0.3524, 0.0363 -1.1123 -0.3465, 0.0363 -0.8562 -0.3465, 0.0683 -0.8694 -0.3465, 0.0957 -0.8905 -0.3465, 0.1168 -0.918 -0.3465, 0.13 -0.9499 -0.3465, 0.1346 -0.9842 -0.3465, 0.13 -1.0186 -0.3465, 0.1168 -1.0505 -0.3465, 0.0957 -1.078 -0.3465, 0.0683 -1.0991 -0.3465, 0.0401 -1.1267 -0.3371, 0.0757 -1.112 -0.3371, 0.1063 -1.0886 -0.3371, 0.1297 -1.058 -0.3371, 0.1445 -1.0224 -0.3371, 0.1495 -0.9842 -0.3371, 0.1445 -0.9461 -0.3371, 0.1297 -0.9105 -0.3371, 0.1063 -0.8799 -0.3371, 0.0757 -0.8565 -0.3371, 0.0401 -0.8418 -0.3371, 0.0434 -1.1388 -0.3247, 0.0434 -0.8297 -0.3247, 0.082 -0.8457 -0.3247, 0.1151 -0.8711 -0.3247, 0.1405 -0.9043 -0.3247, 0.1565 -0.9428 -0.3247, 0.162 -0.9842 -0.3247, 0.1565 -1.0257 -0.3247, 0.1405 -1.0642 -0.3247, 0.1151 -1.0974 -0.3247, 0.082 -1.1228 -0.3247, 0.0458 -1.1478 -0.3098, 0.0867 -1.1309 -0.3098, 0.1217 -1.104 -0.3098, 0.1486 -1.0689 -0.3098, 0.1656 -1.0281 -0.3098, 0.1713 -0.9842 -0.3098, 0.1656 -0.9404 -0.3098, 0.1486 -0.8996 -0.3098, 0.1217 -0.8645 -0.3098, 0.0867 -0.8376 -0.3098, 0.0458 -0.8207 -0.3098, 0.0473 -1.1535 -0.2931, 0.0896 -1.136 -0.2931, 0.1258 -1.1081 -0.2931, 0.1537 -1.0718 -0.2931, 0.1712 -1.0296 -0.2931, 0.1772 -0.9842 -0.2931, 0.1712 -0.9389 -0.2931, 0.1537 -0.8967 -0.2931, 0.1258 -0.8604 -0.2931, 0.0896 -0.8325 -0.2931, 0.0473 -0.815 -0.2931, 0.0478 -1.1554 -0.2756, 0.0906 -1.1377 -0.2756, 0.1272 -1.1095 -0.2756, 0.1554 -1.0728 -0.2756, 0.1731 -1.0301 -0.2756, 0.1791 -0.9842 -0.2756, 0.1731 -0.9384 -0.2756, 0.1554 -0.8957 -0.2756, 0.1272 -0.859 -0.2756, 0.0906 -0.8308 -0.2756, 0.0478 -0.8131 -0.2756, 0.0478 -0.8131 0.0394, 0.0906 -0.8308 0.0394, 0.1272 -0.859 0.0394, 0.1554 -0.8957 0.0394, 0.1731 -0.9384 0.0394, 0.1791 -0.9842 0.0394, 0.1731 -1.0301 0.0394, 0.1554 -1.0728 0.0394, 0.1272 -1.1095 0.0394, 0.0906 -1.1377 0.0394, 0.0478 -1.1554 0.0394, 2.0163 1.1554 0.0394, 2.0591 1.1377 0.0394, 2.0957 1.1095 0.0394, 2.1239 1.0728 0.0394, 2.1416 1.0301 0.0394, 2.1476 0.9843 0.0394, 2.1416 0.9384 0.0394, 2.1239 0.8957 0.0394, 2.0957 0.859 0.0394, 2.0591 0.8308 0.0394, 2.0163 0.8131 0.0394, -1.9207 1.1554 0.0394, -1.878 1.1377 0.0394, -1.8413 1.1095 0.0394, -1.8131 1.0728 0.0394, -1.7954 1.0301 0.0394, -1.7894 0.9843 0.0394, -1.7954 0.9384 0.0394, -1.8131 0.8957 0.0394, -1.8413 0.859 0.0394, -1.878 0.8308 0.0394, -1.9207 0.8131 0.0394, -1.9207 2.1396 0.0394, -1.878 2.1219 0.0394, -1.8413 2.0938 0.0394, -1.8131 2.0571 0.0394, -1.7954 2.0144 0.0394, -1.7894 1.9685 0.0394, -1.7954 1.9227 0.0394, -1.8131 1.8799 0.0394, -1.8413 1.8432 0.0394, -1.878 1.8151 0.0394, -1.9207 1.7974 0.0394, 2.0163 2.1396 0.0394, 2.0591 2.1219 0.0394, 2.0957 2.0938 0.0394, 2.1239 2.0571 0.0394, 2.1416 2.0144 0.0394, 2.1476 1.9685 0.0394, 2.1416 1.9227 0.0394, 2.1239 1.8799 0.0394, 2.0957 1.8432 0.0394, 2.0591 1.8151 0.0394, 2.0163 1.7974 0.0394
            ]
        }
        coordIndex [
            0,1,2,-1,0,2,3,-1,3,2,4,-1,3,4,5,-1,5,4,6,-1,5,6,7,-1,7,6,8,-1,7,8,9,-1,9,8,10,-1,9,10,11,-1,11,10,12,-1,11,12,13,-1,13,12,14,-1,13,14,15,-1,15,14,16,-1,15,16,17,-1,17,16,18,-1,17,18,19,-1,19,18,20,-1,19,20,21,-1,21,20,22,-1,21,22,23,-1,23,22,24,-1,23,24,25,-1,26,27,28,-1,26,28,29,-1,29,28,30,-1,29,30,31,-1,31,30,32,-1,31,32,33,-1,33,32,34,-1,33,34,35,-1,35,34,36,-1,35,36,37,-1,37,36,38,-1,37,38,39,-1,39,38,40,-1,39,40,41,-1,41,40,42,-1,41,42,43,-1,43,42,44,-1,43,44,45,-1,45,44,46,-1,45,46,47,-1,47,46,48,-1,47,48,49,-1,49,48,50,-1,49,50,51,-1,52,53,54,-1,52,54,55,-1,55,54,56,-1,55,56,57,-1,57,56,58,-1,57,58,59,-1,59,58,60,-1,59,60,61,-1,61,60,62,-1,61,62,63,-1,63,62,64,-1,63,64,65,-1,65,64,66,-1,65,66,67,-1,67,66,68,-1,67,68,69,-1,69,68,70,-1,69,70,71,-1,71,70,72,-1,71,72,73,-1,73,72,74,-1,73,74,75,-1,75,74,76,-1,75,76,77,-1,78,79,80,-1,78,80,81,-1,81,80,82,-1,81,82,83,-1,83,82,84,-1,83,84,85,-1,85,84,86,-1,85,86,87,-1,87,86,88,-1,87,88,89,-1,89,88,90,-1,89,90,91,-1,91,90,92,-1,91,92,93,-1,93,92,94,-1,93,94,95,-1,95,94,96,-1,95,96,97,-1,97,96,98,-1,97,98,99,-1,99,98,100,-1,99,100,101,-1,101,100,102,-1,101,102,103,-1,104,105,106,-1,104,106,107,-1,107,106,108,-1,107,108,109,-1,109,108,110,-1,109,110,111,-1,111,110,112,-1,111,112,113,-1,113,112,114,-1,113,114,115,-1,115,114,116,-1,115,116,117,-1,117,116,118,-1,117,118,119,-1,119,118,120,-1,119,120,121,-1,121,120,122,-1,121,122,123,-1,123,122,124,-1,123,124,125,-1,125,124,126,-1,125,126,127,-1,127,126,128,-1,127,128,129,-1,130,131,132,-1,133,134,130,-1,130,132,133,-1,133,132,135,-1,133,135,136,-1,136,135,137,-1,136,137,138,-1,138,137,139,-1,138,139,140,-1,140,139,141,-1,140,141,142,-1,142,141,143,-1,142,143,144,-1,144,143,145,-1,144,145,146,-1,146,145,147,-1,146,147,148,-1,148,147,149,-1,148,149,150,-1,150,149,151,-1,150,151,152,-1,152,151,153,-1,152,153,154,-1,153,155,156,-1,157,158,159,-1,159,158,160,-1,153,156,154,-1,154,156,161,-1,154,161,162,-1,162,163,154,-1,154,163,164,-1,154,164,152,-1,152,164,165,-1,152,165,150,-1,150,165,166,-1,150,166,148,-1,148,166,167,-1,148,167,146,-1,146,167,168,-1,146,168,144,-1,144,168,169,-1,144,169,142,-1,142,169,170,-1,142,170,140,-1,140,170,171,-1,140,171,138,-1,138,171,172,-1,138,172,136,-1,136,172,159,-1,136,159,133,-1,133,159,160,-1,133,160,134,-1,173,174,157,-1,157,159,173,-1,173,159,172,-1,173,172,175,-1,175,172,171,-1,175,171,176,-1,176,171,170,-1,176,170,177,-1,177,170,169,-1,177,169,178,-1,178,169,168,-1,178,168,179,-1,179,168,167,-1,179,167,180,-1,180,167,166,-1,180,166,181,-1,181,166,165,-1,181,165,182,-1,182,165,164,-1,182,164,183,-1,183,164,163,-1,183,163,184,-1,185,186,187,-1,187,186,188,-1,162,189,163,-1,163,189,190,-1,163,190,184,-1,184,190,191,-1,184,191,192,-1,192,193,184,-1,184,193,194,-1,184,194,183,-1,183,194,195,-1,183,195,182,-1,182,195,196,-1,182,196,181,-1,181,196,197,-1,181,197,180,-1,180,197,198,-1,180,198,179,-1,179,198,199,-1,179,199,178,-1,178,199,200,-1,178,200,177,-1,177,200,201,-1,177,201,176,-1,176,201,202,-1,176,202,175,-1,175,202,187,-1,175,187,173,-1,173,187,188,-1,173,188,174,-1,203,204,205,-1,205,204,185,-1,185,187,205,-1,205,187,202,-1,205,202,206,-1,206,202,201,-1,206,201,207,-1,207,201,200,-1,207,200,208,-1,208,200,199,-1,208,199,209,-1,209,199,198,-1,209,198,210,-1,210,198,197,-1,210,197,211,-1,211,197,196,-1,211,196,212,-1,212,196,195,-1,212,195,213,-1,213,195,194,-1,213,194,214,-1,214,194,193,-1,214,193,215,-1,127,129,203,-1,192,216,193,-1,193,216,217,-1,193,217,215,-1,215,217,218,-1,215,218,219,-1,203,205,127,-1,127,205,206,-1,127,206,125,-1,125,206,207,-1,125,207,123,-1,123,207,208,-1,123,208,121,-1,121,208,209,-1,121,209,119,-1,119,209,210,-1,119,210,117,-1,117,210,211,-1,117,211,115,-1,115,211,212,-1,115,212,113,-1,113,212,213,-1,113,213,111,-1,111,213,214,-1,111,214,109,-1,109,214,215,-1,109,215,107,-1,107,215,219,-1,107,219,104,-1,77,220,221,-1,220,222,223,-1,222,224,225,-1,224,226,227,-1,226,228,229,-1,228,230,231,-1,228,231,229,-1,229,231,232,-1,229,232,233,-1,233,232,234,-1,233,234,235,-1,235,234,236,-1,235,236,237,-1,237,236,238,-1,237,238,239,-1,239,238,240,-1,239,240,241,-1,241,240,242,-1,241,242,243,-1,243,242,244,-1,243,244,245,-1,245,244,246,-1,245,246,247,-1,247,246,248,-1,247,248,249,-1,249,248,250,-1,249,250,251,-1,251,250,252,-1,251,252,253,-1,226,229,227,-1,227,229,233,-1,227,233,254,-1,254,233,235,-1,254,235,255,-1,255,235,237,-1,255,237,256,-1,256,237,239,-1,256,239,257,-1,257,239,241,-1,257,241,258,-1,258,241,243,-1,258,243,259,-1,259,243,245,-1,259,245,260,-1,260,245,247,-1,260,247,261,-1,261,247,249,-1,261,249,262,-1,262,249,251,-1,262,251,263,-1,263,251,253,-1,263,253,264,-1,224,227,225,-1,225,227,254,-1,225,254,265,-1,265,254,255,-1,265,255,266,-1,266,255,256,-1,266,256,267,-1,267,256,257,-1,267,257,268,-1,268,257,258,-1,268,258,269,-1,269,258,259,-1,269,259,270,-1,270,259,260,-1,270,260,271,-1,271,260,261,-1,271,261,272,-1,272,261,262,-1,272,262,273,-1,273,262,263,-1,273,263,274,-1,274,263,264,-1,274,264,275,-1,222,225,223,-1,223,225,265,-1,223,265,276,-1,276,265,266,-1,276,266,277,-1,277,266,267,-1,277,267,278,-1,278,267,268,-1,278,268,279,-1,279,268,269,-1,279,269,280,-1,280,269,270,-1,280,270,281,-1,281,270,271,-1,281,271,282,-1,282,271,272,-1,282,272,283,-1,283,272,273,-1,283,273,284,-1,284,273,274,-1,284,274,285,-1,285,274,275,-1,285,275,286,-1,220,223,221,-1,221,223,276,-1,221,276,287,-1,287,276,277,-1,287,277,288,-1,288,277,278,-1,288,278,289,-1,289,278,279,-1,289,279,290,-1,290,279,280,-1,290,280,291,-1,291,280,281,-1,291,281,292,-1,292,281,282,-1,292,282,293,-1,293,282,283,-1,293,283,294,-1,294,283,284,-1,294,284,295,-1,295,284,285,-1,295,285,296,-1,296,285,286,-1,296,286,297,-1,77,221,75,-1,75,221,287,-1,75,287,73,-1,73,287,288,-1,73,288,71,-1,71,288,289,-1,71,289,69,-1,69,289,290,-1,69,290,67,-1,67,290,291,-1,67,291,65,-1,65,291,292,-1,65,292,63,-1,63,292,293,-1,63,293,61,-1,61,293,294,-1,61,294,59,-1,59,294,295,-1,59,295,57,-1,57,295,296,-1,57,296,55,-1,55,296,297,-1,55,297,52,-1,51,298,299,-1,298,300,301,-1,300,302,303,-1,302,304,305,-1,304,306,307,-1,306,308,309,-1,306,309,307,-1,307,309,310,-1,307,310,311,-1,311,310,312,-1,311,312,313,-1,313,312,314,-1,313,314,315,-1,315,314,316,-1,315,316,317,-1,317,316,318,-1,317,318,319,-1,319,318,320,-1,319,320,321,-1,321,320,322,-1,321,322,323,-1,323,322,324,-1,323,324,325,-1,325,324,326,-1,325,326,327,-1,327,326,328,-1,327,328,329,-1,329,328,330,-1,329,330,331,-1,304,307,305,-1,305,307,311,-1,305,311,332,-1,332,311,313,-1,332,313,333,-1,333,313,315,-1,333,315,334,-1,334,315,317,-1,334,317,335,-1,335,317,319,-1,335,319,336,-1,336,319,321,-1,336,321,337,-1,337,321,323,-1,337,323,338,-1,338,323,325,-1,338,325,339,-1,339,325,327,-1,339,327,340,-1,340,327,329,-1,340,329,341,-1,341,329,331,-1,341,331,342,-1,302,305,303,-1,303,305,332,-1,303,332,343,-1,343,332,333,-1,343,333,344,-1,344,333,334,-1,344,334,345,-1,345,334,335,-1,345,335,346,-1,346,335,336,-1,346,336,347,-1,347,336,337,-1,347,337,348,-1,348,337,338,-1,348,338,349,-1,349,338,339,-1,349,339,350,-1,350,339,340,-1,350,340,351,-1,351,340,341,-1,351,341,352,-1,352,341,342,-1,352,342,353,-1,300,303,301,-1,301,303,343,-1,301,343,354,-1,354,343,344,-1,354,344,355,-1,355,344,345,-1,355,345,356,-1,356,345,346,-1,356,346,357,-1,357,346,347,-1,357,347,358,-1,358,347,348,-1,358,348,359,-1,359,348,349,-1,359,349,360,-1,360,349,350,-1,360,350,361,-1,361,350,351,-1,361,351,362,-1,362,351,352,-1,362,352,363,-1,363,352,353,-1,363,353,364,-1,298,301,299,-1,299,301,354,-1,299,354,365,-1,365,354,355,-1,365,355,366,-1,366,355,356,-1,366,356,367,-1,367,356,357,-1,367,357,368,-1,368,357,358,-1,368,358,369,-1,369,358,359,-1,369,359,370,-1,370,359,360,-1,370,360,371,-1,371,360,361,-1,371,361,372,-1,372,361,362,-1,372,362,373,-1,373,362,363,-1,373,363,374,-1,374,363,364,-1,374,364,375,-1,51,299,49,-1,49,299,365,-1,49,365,47,-1,47,365,366,-1,47,366,45,-1,45,366,367,-1,45,367,43,-1,43,367,368,-1,43,368,41,-1,41,368,369,-1,41,369,39,-1,39,369,370,-1,39,370,37,-1,37,370,371,-1,37,371,35,-1,35,371,372,-1,35,372,33,-1,33,372,373,-1,33,373,31,-1,31,373,374,-1,31,374,29,-1,29,374,375,-1,29,375,26,-1,103,376,377,-1,376,378,379,-1,378,380,381,-1,380,382,383,-1,382,384,385,-1,384,386,387,-1,384,387,385,-1,385,387,388,-1,385,388,389,-1,389,388,390,-1,389,390,391,-1,391,390,392,-1,391,392,393,-1,393,392,394,-1,393,394,395,-1,395,394,396,-1,395,396,397,-1,397,396,398,-1,397,398,399,-1,399,398,400,-1,399,400,401,-1,401,400,402,-1,401,402,403,-1,403,402,404,-1,403,404,405,-1,405,404,406,-1,405,406,407,-1,407,406,408,-1,407,408,409,-1,382,385,383,-1,383,385,389,-1,383,389,410,-1,410,389,391,-1,410,391,411,-1,411,391,393,-1,411,393,412,-1,412,393,395,-1,412,395,413,-1,413,395,397,-1,413,397,414,-1,414,397,399,-1,414,399,415,-1,415,399,401,-1,415,401,416,-1,416,401,403,-1,416,403,417,-1,417,403,405,-1,417,405,418,-1,418,405,407,-1,418,407,419,-1,419,407,409,-1,419,409,420,-1,380,383,381,-1,381,383,410,-1,381,410,421,-1,421,410,411,-1,421,411,422,-1,422,411,412,-1,422,412,423,-1,423,412,413,-1,423,413,424,-1,424,413,414,-1,424,414,425,-1,425,414,415,-1,425,415,426,-1,426,415,416,-1,426,416,427,-1,427,416,417,-1,427,417,428,-1,428,417,418,-1,428,418,429,-1,429,418,419,-1,429,419,430,-1,430,419,420,-1,430,420,431,-1,378,381,379,-1,379,381,421,-1,379,421,432,-1,432,421,422,-1,432,422,433,-1,433,422,423,-1,433,423,434,-1,434,423,424,-1,434,424,435,-1,435,424,425,-1,435,425,436,-1,436,425,426,-1,436,426,437,-1,437,426,427,-1,437,427,438,-1,438,427,428,-1,438,428,439,-1,439,428,429,-1,439,429,440,-1,440,429,430,-1,440,430,441,-1,441,430,431,-1,441,431,442,-1,376,379,377,-1,377,379,432,-1,377,432,443,-1,443,432,433,-1,443,433,444,-1,444,433,434,-1,444,434,445,-1,445,434,435,-1,445,435,446,-1,446,435,436,-1,446,436,447,-1,447,436,437,-1,447,437,448,-1,448,437,438,-1,448,438,449,-1,449,438,439,-1,449,439,450,-1,450,439,440,-1,450,440,451,-1,451,440,441,-1,451,441,452,-1,452,441,442,-1,452,442,453,-1,103,377,101,-1,101,377,443,-1,101,443,99,-1,99,443,444,-1,99,444,97,-1,97,444,445,-1,97,445,95,-1,95,445,446,-1,95,446,93,-1,93,446,447,-1,93,447,91,-1,91,447,448,-1,91,448,89,-1,89,448,449,-1,89,449,87,-1,87,449,450,-1,87,450,85,-1,85,450,451,-1,85,451,83,-1,83,451,452,-1,83,452,81,-1,81,452,453,-1,81,453,78,-1,25,454,455,-1,454,456,457,-1,456,458,459,-1,458,460,461,-1,460,462,463,-1,462,464,465,-1,462,465,463,-1,463,465,466,-1,463,466,467,-1,467,466,468,-1,467,468,469,-1,469,468,470,-1,469,470,471,-1,471,470,472,-1,471,472,473,-1,473,472,474,-1,473,474,475,-1,475,474,476,-1,475,476,477,-1,477,476,478,-1,477,478,479,-1,479,478,480,-1,479,480,481,-1,481,480,482,-1,481,482,483,-1,483,482,484,-1,483,484,485,-1,485,484,486,-1,485,486,487,-1,460,463,461,-1,461,463,467,-1,461,467,488,-1,488,467,469,-1,488,469,489,-1,489,469,471,-1,489,471,490,-1,490,471,473,-1,490,473,491,-1,491,473,475,-1,491,475,492,-1,492,475,477,-1,492,477,493,-1,493,477,479,-1,493,479,494,-1,494,479,481,-1,494,481,495,-1,495,481,483,-1,495,483,496,-1,496,483,485,-1,496,485,497,-1,497,485,487,-1,497,487,498,-1,458,461,459,-1,459,461,488,-1,459,488,499,-1,499,488,489,-1,499,489,500,-1,500,489,490,-1,500,490,501,-1,501,490,491,-1,501,491,502,-1,502,491,492,-1,502,492,503,-1,503,492,493,-1,503,493,504,-1,504,493,494,-1,504,494,505,-1,505,494,495,-1,505,495,506,-1,506,495,496,-1,506,496,507,-1,507,496,497,-1,507,497,508,-1,508,497,498,-1,508,498,509,-1,456,459,457,-1,457,459,499,-1,457,499,510,-1,510,499,500,-1,510,500,511,-1,511,500,501,-1,511,501,512,-1,512,501,502,-1,512,502,513,-1,513,502,503,-1,513,503,514,-1,514,503,504,-1,514,504,515,-1,515,504,505,-1,515,505,516,-1,516,505,506,-1,516,506,517,-1,517,506,507,-1,517,507,518,-1,518,507,508,-1,518,508,519,-1,519,508,509,-1,519,509,520,-1,454,457,455,-1,455,457,510,-1,455,510,521,-1,521,510,511,-1,521,511,522,-1,522,511,512,-1,522,512,523,-1,523,512,513,-1,523,513,524,-1,524,513,514,-1,524,514,525,-1,525,514,515,-1,525,515,526,-1,526,515,516,-1,526,516,527,-1,527,516,517,-1,527,517,528,-1,528,517,518,-1,528,518,529,-1,529,518,519,-1,529,519,530,-1,530,519,520,-1,530,520,531,-1,25,455,23,-1,23,455,521,-1,23,521,21,-1,21,521,522,-1,21,522,19,-1,19,522,523,-1,19,523,17,-1,17,523,524,-1,17,524,15,-1,15,524,525,-1,15,525,13,-1,13,525,526,-1,13,526,11,-1,11,526,527,-1,11,527,9,-1,9,527,528,-1,9,528,7,-1,7,528,529,-1,7,529,5,-1,5,529,530,-1,5,530,3,-1,3,530,531,-1,3,531,0,-1,0,531,532,-1,531,520,533,-1,520,509,534,-1,509,498,535,-1,498,487,536,-1,487,486,537,-1,487,537,536,-1,536,537,538,-1,536,538,539,-1,539,538,540,-1,539,540,541,-1,541,540,542,-1,541,542,543,-1,543,542,544,-1,543,544,545,-1,545,544,546,-1,545,546,547,-1,547,546,548,-1,547,548,549,-1,549,548,550,-1,549,550,551,-1,551,550,552,-1,551,552,553,-1,553,552,554,-1,553,554,555,-1,555,554,556,-1,555,556,557,-1,557,556,464,-1,557,464,462,-1,498,536,535,-1,535,536,539,-1,535,539,558,-1,558,539,541,-1,558,541,559,-1,559,541,543,-1,559,543,560,-1,560,543,545,-1,560,545,561,-1,561,545,547,-1,561,547,562,-1,562,547,549,-1,562,549,563,-1,563,549,551,-1,563,551,564,-1,564,551,553,-1,564,553,565,-1,565,553,555,-1,565,555,566,-1,566,555,557,-1,566,557,567,-1,567,557,462,-1,567,462,460,-1,509,535,534,-1,534,535,558,-1,534,558,568,-1,568,558,559,-1,568,559,569,-1,569,559,560,-1,569,560,570,-1,570,560,561,-1,570,561,571,-1,571,561,562,-1,571,562,572,-1,572,562,563,-1,572,563,573,-1,573,563,564,-1,573,564,574,-1,574,564,565,-1,574,565,575,-1,575,565,566,-1,575,566,576,-1,576,566,567,-1,576,567,577,-1,577,567,460,-1,577,460,458,-1,520,534,533,-1,533,534,568,-1,533,568,578,-1,578,568,569,-1,578,569,579,-1,579,569,570,-1,579,570,580,-1,580,570,571,-1,580,571,581,-1,581,571,572,-1,581,572,582,-1,582,572,573,-1,582,573,583,-1,583,573,574,-1,583,574,584,-1,584,574,575,-1,584,575,585,-1,585,575,576,-1,585,576,586,-1,586,576,577,-1,586,577,587,-1,587,577,458,-1,587,458,456,-1,531,533,532,-1,532,533,578,-1,532,578,588,-1,588,578,579,-1,588,579,589,-1,589,579,580,-1,589,580,590,-1,590,580,581,-1,590,581,591,-1,591,581,582,-1,591,582,592,-1,592,582,583,-1,592,583,593,-1,593,583,584,-1,593,584,594,-1,594,584,585,-1,594,585,595,-1,595,585,586,-1,595,586,596,-1,596,586,587,-1,596,587,597,-1,597,587,456,-1,597,456,454,-1,0,532,598,-1,598,532,588,-1,598,588,599,-1,599,588,589,-1,599,589,600,-1,600,589,590,-1,600,590,601,-1,601,590,591,-1,601,591,602,-1,602,591,592,-1,602,592,603,-1,603,592,593,-1,603,593,604,-1,604,593,594,-1,604,594,605,-1,605,594,595,-1,605,595,606,-1,606,595,596,-1,606,596,607,-1,607,596,597,-1,607,597,608,-1,608,597,454,-1,608,454,25,-1,78,453,609,-1,453,442,610,-1,442,431,611,-1,431,420,612,-1,420,409,613,-1,409,408,614,-1,409,614,613,-1,613,614,615,-1,613,615,616,-1,616,615,617,-1,616,617,618,-1,618,617,619,-1,618,619,620,-1,620,619,621,-1,620,621,622,-1,622,621,623,-1,622,623,624,-1,624,623,625,-1,624,625,626,-1,626,625,627,-1,626,627,628,-1,628,627,629,-1,628,629,630,-1,630,629,631,-1,630,631,632,-1,632,631,633,-1,632,633,634,-1,634,633,386,-1,634,386,384,-1,420,613,612,-1,612,613,616,-1,612,616,635,-1,635,616,618,-1,635,618,636,-1,636,618,620,-1,636,620,637,-1,637,620,622,-1,637,622,638,-1,638,622,624,-1,638,624,639,-1,639,624,626,-1,639,626,640,-1,640,626,628,-1,640,628,641,-1,641,628,630,-1,641,630,642,-1,642,630,632,-1,642,632,643,-1,643,632,634,-1,643,634,644,-1,644,634,384,-1,644,384,382,-1,431,612,611,-1,611,612,635,-1,611,635,645,-1,645,635,636,-1,645,636,646,-1,646,636,637,-1,646,637,647,-1,647,637,638,-1,647,638,648,-1,648,638,639,-1,648,639,649,-1,649,639,640,-1,649,640,650,-1,650,640,641,-1,650,641,651,-1,651,641,642,-1,651,642,652,-1,652,642,643,-1,652,643,653,-1,653,643,644,-1,653,644,654,-1,654,644,382,-1,654,382,380,-1,442,611,610,-1,610,611,645,-1,610,645,655,-1,655,645,646,-1,655,646,656,-1,656,646,647,-1,656,647,657,-1,657,647,648,-1,657,648,658,-1,658,648,649,-1,658,649,659,-1,659,649,650,-1,659,650,660,-1,660,650,651,-1,660,651,661,-1,661,651,652,-1,661,652,662,-1,662,652,653,-1,662,653,663,-1,663,653,654,-1,663,654,664,-1,664,654,380,-1,664,380,378,-1,453,610,609,-1,609,610,655,-1,609,655,665,-1,665,655,656,-1,665,656,666,-1,666,656,657,-1,666,657,667,-1,667,657,658,-1,667,658,668,-1,668,658,659,-1,668,659,669,-1,669,659,660,-1,669,660,670,-1,670,660,661,-1,670,661,671,-1,671,661,662,-1,671,662,672,-1,672,662,663,-1,672,663,673,-1,673,663,664,-1,673,664,674,-1,674,664,378,-1,674,378,376,-1,78,609,675,-1,675,609,665,-1,675,665,676,-1,676,665,666,-1,676,666,677,-1,677,666,667,-1,677,667,678,-1,678,667,668,-1,678,668,679,-1,679,668,669,-1,679,669,680,-1,680,669,670,-1,680,670,681,-1,681,670,671,-1,681,671,682,-1,682,671,672,-1,682,672,683,-1,683,672,673,-1,683,673,684,-1,684,673,674,-1,684,674,685,-1,685,674,376,-1,685,376,103,-1,26,375,686,-1,375,364,687,-1,364,353,688,-1,353,342,689,-1,342,331,690,-1,331,330,691,-1,331,691,690,-1,690,691,692,-1,690,692,693,-1,693,692,694,-1,693,694,695,-1,695,694,696,-1,695,696,697,-1,697,696,698,-1,697,698,699,-1,699,698,700,-1,699,700,701,-1,701,700,702,-1,701,702,703,-1,703,702,704,-1,703,704,705,-1,705,704,706,-1,705,706,707,-1,707,706,708,-1,707,708,709,-1,709,708,710,-1,709,710,711,-1,711,710,308,-1,711,308,306,-1,342,690,689,-1,689,690,693,-1,689,693,712,-1,712,693,695,-1,712,695,713,-1,713,695,697,-1,713,697,714,-1,714,697,699,-1,714,699,715,-1,715,699,701,-1,715,701,716,-1,716,701,703,-1,716,703,717,-1,717,703,705,-1,717,705,718,-1,718,705,707,-1,718,707,719,-1,719,707,709,-1,719,709,720,-1,720,709,711,-1,720,711,721,-1,721,711,306,-1,721,306,304,-1,353,689,688,-1,688,689,712,-1,688,712,722,-1,722,712,713,-1,722,713,723,-1,723,713,714,-1,723,714,724,-1,724,714,715,-1,724,715,725,-1,725,715,716,-1,725,716,726,-1,726,716,717,-1,726,717,727,-1,727,717,718,-1,727,718,728,-1,728,718,719,-1,728,719,729,-1,729,719,720,-1,729,720,730,-1,730,720,721,-1,730,721,731,-1,731,721,304,-1,731,304,302,-1,364,688,687,-1,687,688,722,-1,687,722,732,-1,732,722,723,-1,732,723,733,-1,733,723,724,-1,733,724,734,-1,734,724,725,-1,734,725,735,-1,735,725,726,-1,735,726,736,-1,736,726,727,-1,736,727,737,-1,737,727,728,-1,737,728,738,-1,738,728,729,-1,738,729,739,-1,739,729,730,-1,739,730,740,-1,740,730,731,-1,740,731,741,-1,741,731,302,-1,741,302,300,-1,375,687,686,-1,686,687,732,-1,686,732,742,-1,742,732,733,-1,742,733,743,-1,743,733,734,-1,743,734,744,-1,744,734,735,-1,744,735,745,-1,745,735,736,-1,745,736,746,-1,746,736,737,-1,746,737,747,-1,747,737,738,-1,747,738,748,-1,748,738,739,-1,748,739,749,-1,749,739,740,-1,749,740,750,-1,750,740,741,-1,750,741,751,-1,751,741,300,-1,751,300,298,-1,26,686,752,-1,752,686,742,-1,752,742,753,-1,753,742,743,-1,753,743,754,-1,754,743,744,-1,754,744,755,-1,755,744,745,-1,755,745,756,-1,756,745,746,-1,756,746,757,-1,757,746,747,-1,757,747,758,-1,758,747,748,-1,758,748,759,-1,759,748,749,-1,759,749,760,-1,760,749,750,-1,760,750,761,-1,761,750,751,-1,761,751,762,-1,762,751,298,-1,762,298,51,-1,52,297,763,-1,297,286,764,-1,286,275,765,-1,275,264,766,-1,264,253,767,-1,253,252,768,-1,253,768,767,-1,767,768,769,-1,767,769,770,-1,770,769,771,-1,770,771,772,-1,772,771,773,-1,772,773,774,-1,774,773,775,-1,774,775,776,-1,776,775,777,-1,776,777,778,-1,778,777,779,-1,778,779,780,-1,780,779,781,-1,780,781,782,-1,782,781,783,-1,782,783,784,-1,784,783,785,-1,784,785,786,-1,786,785,787,-1,786,787,788,-1,788,787,230,-1,788,230,228,-1,264,767,766,-1,766,767,770,-1,766,770,789,-1,789,770,772,-1,789,772,790,-1,790,772,774,-1,790,774,791,-1,791,774,776,-1,791,776,792,-1,792,776,778,-1,792,778,793,-1,793,778,780,-1,793,780,794,-1,794,780,782,-1,794,782,795,-1,795,782,784,-1,795,784,796,-1,796,784,786,-1,796,786,797,-1,797,786,788,-1,797,788,798,-1,798,788,228,-1,798,228,226,-1,275,766,765,-1,765,766,789,-1,765,789,799,-1,799,789,790,-1,799,790,800,-1,800,790,791,-1,800,791,801,-1,801,791,792,-1,801,792,802,-1,802,792,793,-1,802,793,803,-1,803,793,794,-1,803,794,804,-1,804,794,795,-1,804,795,805,-1,805,795,796,-1,805,796,806,-1,806,796,797,-1,806,797,807,-1,807,797,798,-1,807,798,808,-1,808,798,226,-1,808,226,224,-1,286,765,764,-1,764,765,799,-1,764,799,809,-1,809,799,800,-1,809,800,810,-1,810,800,801,-1,810,801,811,-1,811,801,802,-1,811,802,812,-1,812,802,803,-1,812,803,813,-1,813,803,804,-1,813,804,814,-1,814,804,805,-1,814,805,815,-1,815,805,806,-1,815,806,816,-1,816,806,807,-1,816,807,817,-1,817,807,808,-1,817,808,818,-1,818,808,224,-1,818,224,222,-1,297,764,763,-1,763,764,809,-1,763,809,819,-1,819,809,810,-1,819,810,820,-1,820,810,811,-1,820,811,821,-1,821,811,812,-1,821,812,822,-1,822,812,813,-1,822,813,823,-1,823,813,814,-1,823,814,824,-1,824,814,815,-1,824,815,825,-1,825,815,816,-1,825,816,826,-1,826,816,817,-1,826,817,827,-1,827,817,818,-1,827,818,828,-1,828,818,222,-1,828,222,220,-1,52,763,829,-1,829,763,819,-1,829,819,830,-1,830,819,820,-1,830,820,831,-1,831,820,821,-1,831,821,832,-1,832,821,822,-1,832,822,833,-1,833,822,823,-1,833,823,834,-1,834,823,824,-1,834,824,835,-1,835,824,825,-1,835,825,836,-1,836,825,826,-1,836,826,837,-1,837,826,827,-1,837,827,838,-1,838,827,828,-1,838,828,839,-1,839,828,220,-1,839,220,77,-1,156,155,840,-1,156,840,841,-1,841,840,842,-1,841,842,843,-1,843,842,844,-1,843,844,845,-1,845,844,846,-1,845,846,847,-1,847,846,848,-1,847,848,849,-1,849,848,850,-1,849,850,851,-1,851,850,852,-1,851,852,853,-1,853,852,854,-1,853,854,855,-1,855,854,856,-1,855,856,857,-1,857,856,858,-1,857,858,859,-1,859,858,860,-1,859,860,861,-1,189,162,862,-1,862,162,161,-1,860,131,861,-1,861,131,130,-1,861,130,134,-1,134,863,861,-1,861,863,864,-1,861,864,859,-1,859,864,865,-1,859,865,857,-1,857,865,866,-1,857,866,855,-1,855,866,867,-1,855,867,853,-1,853,867,868,-1,853,868,851,-1,851,868,869,-1,851,869,849,-1,849,869,870,-1,849,870,847,-1,847,870,871,-1,847,871,845,-1,845,871,872,-1,845,872,843,-1,843,872,862,-1,843,862,841,-1,841,862,161,-1,841,161,156,-1,873,190,189,-1,189,862,873,-1,873,862,872,-1,873,872,874,-1,874,872,871,-1,874,871,875,-1,875,871,870,-1,875,870,876,-1,876,870,869,-1,876,869,877,-1,877,869,868,-1,877,868,878,-1,878,868,867,-1,878,867,879,-1,879,867,866,-1,879,866,880,-1,880,866,865,-1,880,865,881,-1,881,865,864,-1,881,864,882,-1,882,864,863,-1,882,863,883,-1,216,192,884,-1,884,192,191,-1,134,160,863,-1,863,160,158,-1,863,158,883,-1,883,158,157,-1,883,157,174,-1,174,885,883,-1,883,885,886,-1,883,886,882,-1,882,886,887,-1,882,887,881,-1,881,887,888,-1,881,888,880,-1,880,888,889,-1,880,889,879,-1,879,889,890,-1,879,890,878,-1,878,890,891,-1,878,891,877,-1,877,891,892,-1,877,892,876,-1,876,892,893,-1,876,893,875,-1,875,893,894,-1,875,894,874,-1,874,894,884,-1,874,884,873,-1,873,884,191,-1,873,191,190,-1,218,217,895,-1,895,217,216,-1,216,884,895,-1,895,884,894,-1,895,894,896,-1,896,894,893,-1,896,893,897,-1,897,893,892,-1,897,892,898,-1,898,892,891,-1,898,891,899,-1,899,891,890,-1,899,890,900,-1,900,890,889,-1,900,889,901,-1,901,889,888,-1,901,888,902,-1,902,888,887,-1,902,887,903,-1,903,887,886,-1,903,886,904,-1,904,886,885,-1,904,885,905,-1,104,219,906,-1,906,219,218,-1,174,188,885,-1,885,188,186,-1,885,186,905,-1,905,186,185,-1,905,185,204,-1,218,895,906,-1,906,895,896,-1,906,896,907,-1,907,896,897,-1,907,897,908,-1,908,897,898,-1,908,898,909,-1,909,898,899,-1,909,899,910,-1,910,899,900,-1,910,900,911,-1,911,900,901,-1,911,901,912,-1,912,901,902,-1,912,902,913,-1,913,902,903,-1,913,903,914,-1,914,903,904,-1,914,904,915,-1,915,904,905,-1,915,905,916,-1,916,905,204,-1,916,204,203,-1,104,906,917,-1,917,906,907,-1,917,907,918,-1,918,907,908,-1,918,908,919,-1,919,908,909,-1,919,909,920,-1,920,909,910,-1,920,910,921,-1,921,910,911,-1,921,911,922,-1,922,911,912,-1,922,912,923,-1,923,912,913,-1,923,913,924,-1,924,913,914,-1,924,914,925,-1,925,914,915,-1,925,915,926,-1,926,915,916,-1,926,916,927,-1,927,916,203,-1,927,203,129,-1,129,128,928,-1,129,928,927,-1,927,928,929,-1,927,929,926,-1,926,929,930,-1,926,930,925,-1,925,930,931,-1,925,931,924,-1,924,931,932,-1,924,932,923,-1,923,932,933,-1,923,933,922,-1,922,933,934,-1,922,934,921,-1,921,934,935,-1,921,935,920,-1,920,935,936,-1,920,936,919,-1,919,936,937,-1,919,937,918,-1,918,937,938,-1,918,938,917,-1,917,938,105,-1,917,105,104,-1,103,102,939,-1,103,939,685,-1,685,939,940,-1,685,940,684,-1,684,940,941,-1,684,941,683,-1,683,941,942,-1,683,942,682,-1,682,942,943,-1,682,943,681,-1,681,943,944,-1,681,944,680,-1,680,944,945,-1,680,945,679,-1,679,945,946,-1,679,946,678,-1,678,946,947,-1,678,947,677,-1,677,947,948,-1,677,948,676,-1,676,948,949,-1,676,949,675,-1,675,949,79,-1,675,79,78,-1,77,76,950,-1,77,950,839,-1,839,950,951,-1,839,951,838,-1,838,951,952,-1,838,952,837,-1,837,952,953,-1,837,953,836,-1,836,953,954,-1,836,954,835,-1,835,954,955,-1,835,955,834,-1,834,955,956,-1,834,956,833,-1,833,956,957,-1,833,957,832,-1,832,957,958,-1,832,958,831,-1,831,958,959,-1,831,959,830,-1,830,959,960,-1,830,960,829,-1,829,960,53,-1,829,53,52,-1,51,50,961,-1,51,961,762,-1,762,961,962,-1,762,962,761,-1,761,962,963,-1,761,963,760,-1,760,963,964,-1,760,964,759,-1,759,964,965,-1,759,965,758,-1,758,965,966,-1,758,966,757,-1,757,966,967,-1,757,967,756,-1,756,967,968,-1,756,968,755,-1,755,968,969,-1,755,969,754,-1,754,969,970,-1,754,970,753,-1,753,970,971,-1,753,971,752,-1,752,971,27,-1,752,27,26,-1,25,24,972,-1,25,972,608,-1,608,972,973,-1,608,973,607,-1,607,973,974,-1,607,974,606,-1,606,974,975,-1,606,975,605,-1,605,975,976,-1,605,976,604,-1,604,976,977,-1,604,977,603,-1,603,977,978,-1,603,978,602,-1,602,978,979,-1,602,979,601,-1,601,979,980,-1,601,980,600,-1,600,980,981,-1,600,981,599,-1,599,981,982,-1,599,982,598,-1,598,982,1,-1,598,1,0,-1,
        ]
    }
}
Shape{
    appearance Appearance {
        material  Material 	{
            diffuseColor 0.7529411764705882 0.7529411764705882 0.7529411764705882
            specularColor 0.3764705882352941 0.3764705882352941 0.3764705882352941
            ambientIntensity 0.7529
            transparency 0.0
            shininess 0.5
        }
    }
    geometry IndexedFaceSet {
        ccw TRUE
        solid FALSE
        coord DEF co Coordinate {
            point [
                -0.1986 1.0335 -0.935, -0.1988 1.0335 -0.9449, -0.1986 0.935 -0.935, -0.1988 0.935 -0.9449
            ]
        }
        coordIndex [
            0,1,2,-1,2,1,3,-1,
        ]
    }
}
Shape{
    appearance Appearance {
        material  Material 	{
            diffuseColor 0.25098039215686274 0.25098039215686274 0.25098039215686274
            specularColor 0.12549019607843137 0.12549019607843137 0.12549019607843137
            ambientIntensity 0.251
            transparency 0.0
            shininess 0.5
        }
    }
    geometry IndexedFaceSet {
        ccw TRUE
        solid FALSE
        coord DEF co Coordinate {
            point [
                0.7106 -1.9685 1.0236, 0.7106 3.4646 1.0236, 0.7067 3.4646 0.9495, 0.6929 -1.9685 0.8659, 0.6891 3.4646 0.8667, 0.6759 3.4646 0.8046, 0.6405 -1.9685 0.7161, 0.6372 3.4646 0.7176, 0.6157 3.4646 0.6693, 0.556 -1.9685 0.5818, 0.5535 3.4646 0.5836, 0.5286 3.4646 0.5494, 0.4438 -1.9685 0.4696, 0.4421 3.4646 0.4715, 0.4185 3.4646 0.4503, 0.3094 -1.9685 0.3851, 0.3085 3.4646 0.3868, 0.1597 -1.9685 0.3327, 0.2902 3.4646 0.3762, 0.1593 3.4646 0.3337, 0.002 -1.9685 0.315, 0.1493 3.4646 0.3304, 0.002 3.4646 0.315, -0.1454 3.4646 0.3304, -0.1557 -1.9685 0.3327, -0.1554 3.4646 0.3337, -0.2863 3.4646 0.3762, -0.3055 -1.9685 0.3851, -0.3046 3.4646 0.3868, -0.4146 3.4646 0.4503, -0.4399 -1.9685 0.4696, -0.4381 3.4646 0.4715, -0.5247 3.4646 0.5494, -0.5521 -1.9685 0.5818, -0.5495 3.4646 0.5836, -0.6118 3.4646 0.6693, -0.6365 -1.9685 0.7161, -0.6333 3.4646 0.7176, -0.672 3.4646 0.8046, -0.6889 -1.9685 0.8659, -0.7067 3.4646 1.0236, -0.7067 -1.9685 1.0236, -0.7028 3.4646 0.9495, -0.6852 3.4646 0.8667, 2.0276 -0.7677 0.1194, 2.0276 -0.7677 0.0394, 2.0276 -1.9685 0.1194, 2.0276 -1.9685 0.0394, -2.0335 -1.9685 0.0394, -2.0335 -0.7677 0.0394, -2.0335 -1.9685 0.1194, -2.0335 -0.7677 0.1194, -1.3051 2.3622 0.0394, -1.3051 2.3622 0.1194, -1.3051 1.4764 0.0394, -1.3051 0.878 0.1194, -1.3051 0.878 0.0394, 1.3091 0.878 0.0394, 1.3091 0.878 0.1194, 1.3091 1.4764 0.0394, 1.3091 2.3622 0.1194, 1.3091 2.3622 0.0394, 0.6548 2.3622 0.0394, 1.0453 2.3622 0.0394, -1.0413 2.3622 0.0394, -0.6509 2.3622 0.0394, -0.5886 2.3622 0.0008, 0.5925 2.3622 0.0008, 0.4059 2.3622 -0.0862, -0.2031 2.3622 -0.1395, 0.002 2.3622 -0.1575, 0.2071 2.3622 -0.1395, -0.402 2.3622 -0.0862, 1.0453 -1.0268 1.7992, 1.0453 -1.0395 1.8171, 1.0453 -1.1811 1.7992, 1.0453 -1.052 1.831, 1.0453 -1.0676 1.8416, 1.0453 -1.0851 1.8482, 1.0453 -1.1037 1.8504, 1.0453 -1.1811 1.8504, 0.9272 -1.1811 1.8504, 0.9272 -1.1037 1.8504, 0.9272 -1.1811 1.7992, 0.9272 -1.0851 1.8482, 0.9272 -1.0676 1.8416, 0.9272 -1.052 1.831, 0.9272 -1.0395 1.8171, 0.9272 -1.0268 1.7992, 1.0531 -1.1811 1.7992, 0.9193 -1.1811 1.7992, 0.9193 -1.1811 2.0079, 1.0531 -1.1811 2.0079, 0.9193 -1.9685 0.0394, 0.9193 -0.7677 0.0394, 0.9193 -1.9685 0.1194, 0.9193 -0.7677 0.1194, 0.9193 -0.7874 2.0079, 0.9193 -0.7874 1.7992, 1.9134 -0.2244 2.0079, 1.9134 -0.7087 2.0079, 1.9134 -0.2244 1.7992, 1.9134 -0.7087 1.7992, 2.0276 -0.7087 1.7992, 2.0276 -0.7087 2.0079, 2.0276 -0.2244 1.7992, 2.0276 -0.2244 2.0079, 1.9134 -1.9685 0.0394, 1.9134 -0.7677 0.0394, 1.9134 -1.9685 0.1194, 1.9134 -0.7677 0.1194, -2.0335 -1.9685 1.5945, 0.9134 -1.9685 2.0079, -2.3602 -1.9685 2.0079, 1.0531 -1.9685 0.1194, 2.1083 -1.9685 0.5118, 2.0276 -1.9685 0.5118, -2.0335 -1.9685 0.5118, -1.0591 -1.9685 0.0394, -1.0591 -1.9685 0.1194, 1.0531 -1.9685 0.0394, -0.5521 -1.9685 1.4655, -0.4399 -1.9685 1.5777, -2.3602 -1.9685 0.887, -2.1043 -1.9685 0.5118, -2.1043 -1.9685 1.5945, -1.8996 -1.9685 0.1194, -1.8996 -1.9685 0.0394, 0.1597 -1.9685 1.7145, 0.3094 -1.9685 1.6621, 0.4438 -1.9685 1.5777, 0.2382 -1.9685 0.0394, -0.2343 -1.9685 0.0394, -0.9055 -1.9685 0.0394, -2.3602 -1.9685 0.792, -2.3602 -1.9685 0.7646, -2.3602 -1.9685 0.6438, -0.9055 -1.9685 0.1194, -0.3055 -1.9685 1.6621, -0.1557 -1.9685 1.7145, 0.002 -1.9685 1.7323, 0.556 -1.9685 1.4655, 2.0276 -1.9685 1.5945, 2.3642 -1.9685 2.0079, 2.1083 -1.9685 1.5945, 2.3642 -1.9685 0.0394, 2.2559 -1.9685 0.0394, -2.3602 -1.9685 0.0394, -2.3602 -1.9685 0.6068, -0.6889 -1.9685 1.1813, -0.6365 -1.9685 1.3311, 0.6405 -1.9685 1.3311, 0.6929 -1.9685 1.1813, -1.0413 0.878 0.0394, -1.0413 0.6457 0.0394, 0.2382 0.6457 0.0394, 0.2108 0.3978 0.0394, 0.1496 0.4447 0.0394, 0.0784 0.4742 0.0394, 0.002 0.4843 0.0394, -0.2343 0.6457 0.0394, -0.0745 0.4742 0.0394, -0.1457 0.4447 0.0394, 0.2972 0.189 0.0394, 1.0453 0.6457 0.0394, 0.2872 0.1126 0.0394, 1.0453 -0.4567 0.0394, 0.2872 0.2654 0.0394, 0.2577 0.3366 0.0394, 0.2382 0.362 0.0394, 0.1496 -0.0667 0.0394, 0.2108 -0.0198 0.0394, 0.2382 -0.4567 0.0394, 0.2382 0.0159 0.0394, 0.2577 0.0413 0.0394, -0.2343 -0.4567 0.0394, -0.2068 -0.0198 0.0394, -0.1457 -0.0667 0.0394, -0.0745 -0.0962 0.0394, 0.002 -0.1063 0.0394, 0.0784 -0.0962 0.0394, -0.2068 0.3978 0.0394, -0.2343 0.362 0.0394, -0.2537 0.3366 0.0394, -1.0413 -0.4567 0.0394, -0.2537 0.0413 0.0394, -0.2343 0.0159 0.0394, -0.2832 0.2654 0.0394, -0.2933 0.189 0.0394, -0.2832 0.1126 0.0394, -1.0591 -0.7677 0.0394, -1.8996 -0.7677 0.0394, -2.3602 -0.4567 0.0394, -2.3602 -0.7045 0.0394, -0.9055 -0.7677 0.0394, -1.0413 -0.7677 0.0394, 1.0453 -0.7677 0.0394, 2.2559 -0.4567 0.0394, 1.0531 -0.7677 0.0394, 2.2559 2.3622 0.0394, 2.3642 2.3622 0.0394, 2.3642 1.4764 0.0394, 2.1239 2.0571 0.0394, 2.0957 2.0938 0.0394, 1.817 1.8799 0.0394, 1.8452 1.8432 0.0394, 1.8819 1.8151 0.0394, 1.9246 1.7974 0.0394, 2.1239 1.8799 0.0394, 2.1416 1.9227 0.0394, 2.2559 1.4764 0.0394, 2.1476 1.9685 0.0394, 2.1416 2.0144 0.0394, 1.9705 2.1457 0.0394, 1.7736 2.3622 0.0394, 2.0163 2.1396 0.0394, 2.0591 2.1219 0.0394, 1.9246 2.1396 0.0394, 1.8819 2.1219 0.0394, 1.8452 2.0938 0.0394, 1.817 2.0571 0.0394, 1.9705 1.7913 0.0394, 2.0163 1.7974 0.0394, 1.7993 2.0144 0.0394, 1.7933 1.9685 0.0394, 1.7993 1.9227 0.0394, 2.0591 1.8151 0.0394, 2.0957 1.8432 0.0394, 0.6548 2.4508 0.0394, 0.6548 2.7559 0.0394, 1.0453 2.4508 0.0394, 1.0453 2.7559 0.0394, 1.7736 2.4508 0.0394, 1.7736 2.7559 0.0394, 1.9705 1.1614 0.0394, 1.9246 0.8131 0.0394, 1.9705 0.8071 0.0394, 2.2559 0.6457 0.0394, 2.0163 0.8131 0.0394, 1.9246 1.1554 0.0394, 1.8819 1.1377 0.0394, 1.8452 1.1095 0.0394, 2.1239 1.0728 0.0394, 2.0957 1.1095 0.0394, 2.0591 1.1377 0.0394, 2.0163 1.1554 0.0394, 1.7993 0.9384 0.0394, 1.817 0.8957 0.0394, 1.8452 0.859 0.0394, 1.8819 0.8308 0.0394, 2.0591 0.8308 0.0394, 2.0957 0.859 0.0394, 2.1239 0.8957 0.0394, 1.817 1.0728 0.0394, 1.7993 1.0301 0.0394, 1.7933 0.9843 0.0394, 2.1416 0.9384 0.0394, 2.1476 0.9843 0.0394, 2.1416 1.0301 0.0394, -0.2343 0.878 0.0394, 0.2382 0.878 0.0394, 1.0453 0.878 0.0394, -2.3602 0.6457 0.0394, -2.0551 0.8308 0.0394, -2.0124 0.8131 0.0394, -1.9665 0.8071 0.0394, -1.9207 0.8131 0.0394, -1.8131 1.0728 0.0394, -1.8413 1.1095 0.0394, -2.0124 1.1554 0.0394, -2.0551 1.1377 0.0394, -2.3602 1.4764 0.0394, -2.0918 1.1095 0.0394, -2.3602 1.0896 0.0394, -1.878 1.1377 0.0394, -1.9207 1.1554 0.0394, -1.9665 1.1614 0.0394, -1.878 0.8308 0.0394, -1.8413 0.859 0.0394, -1.8131 0.8957 0.0394, -2.0918 0.859 0.0394, -2.3602 0.7336 0.0394, -2.12 0.8957 0.0394, -2.3602 0.8723 0.0394, -2.1377 0.9384 0.0394, -2.3602 0.8505 0.0394, -2.3602 0.7631 0.0394, -2.12 1.0728 0.0394, -2.1377 1.0301 0.0394, -2.3602 0.9997 0.0394, -2.1437 0.9843 0.0394, -2.3602 0.915 0.0394, -2.3602 0.9323 0.0394, -2.3602 0.9941 0.0394, -1.7954 0.9384 0.0394, -1.7894 0.9843 0.0394, -1.7954 1.0301 0.0394, -1.8413 1.8432 0.0394, -1.878 1.8151 0.0394, -1.8131 1.8799 0.0394, -1.7954 1.9227 0.0394, -1.7894 1.9685 0.0394, -1.7697 2.3622 0.0394, -1.9665 2.1457 0.0394, -2.3602 2.3622 0.0394, -2.0124 2.1396 0.0394, -2.0551 2.1219 0.0394, -2.0918 2.0938 0.0394, -2.12 2.0571 0.0394, -2.0551 1.8151 0.0394, -2.0918 1.8432 0.0394, -2.12 1.8799 0.0394, -2.0124 1.7974 0.0394, -1.9665 1.7913 0.0394, -1.9207 1.7974 0.0394, -2.1377 2.0144 0.0394, -2.1437 1.9685 0.0394, -2.1377 1.9227 0.0394, -1.7954 2.0144 0.0394, -1.8131 2.0571 0.0394, -1.8413 2.0938 0.0394, -1.0413 2.4508 0.0394, -1.7697 2.4508 0.0394, -1.878 2.1219 0.0394, -1.9207 2.1396 0.0394, -0.6509 2.4508 0.0394, -1.7697 2.7559 0.0394, -1.0413 2.7559 0.0394, -0.6509 2.7559 0.0394, -0.1515 -1.0728 0.0394, -0.1233 -1.1095 0.0394, -0.0439 -0.8131 0.0394, -0.0866 -0.8308 0.0394, -0.1233 -0.859 0.0394, -0.1515 -0.8957 0.0394, 0.0478 -1.1554 0.0394, 0.0906 -1.1377 0.0394, 0.1272 -1.1095 0.0394, 0.1554 -1.0728 0.0394, 0.1554 -0.8957 0.0394, 0.1272 -0.859 0.0394, -0.1692 -0.9384 0.0394, -0.1752 -0.9842 0.0394, -0.1692 -1.0301 0.0394, -0.0866 -1.1377 0.0394, -0.0439 -1.1554 0.0394, 0.002 -1.1614 0.0394, 0.1731 -1.0301 0.0394, 0.1791 -0.9842 0.0394, 0.1731 -0.9384 0.0394, 0.0906 -0.8308 0.0394, 0.0478 -0.8131 0.0394, 0.002 -0.8071 0.0394, 2.3642 0.6457 0.0394, 2.3642 -0.4567 0.0394, 0.002 0.4843 0.0787, -0.0745 0.4742 0.0787, -0.1457 0.4447 0.0787, -0.2068 0.3978 0.0787, -0.2537 0.3366 0.0787, -0.2537 0.0413 0.0787, -0.2832 0.1126 0.0787, -0.2933 0.189 0.0787, -0.2832 0.2654 0.0787, 0.002 -0.1063 0.0787, -0.0745 -0.0962 0.0787, -0.1457 -0.0667 0.0787, -0.2068 -0.0198 0.0787, 0.2108 0.3978 0.0787, 0.2577 0.3366 0.0787, 0.1791 0.0077 0.0787, -0.0075 0.4014 0.0787, 0.0431 0.4014 0.0787, 0.0784 0.4742 0.0787, 0.1496 0.4447 0.0787, -0.099 0.0077 0.0787, -0.1524 0.0077 0.0787, 0.0784 -0.0962 0.0787, 0.1294 0.0077 0.0787, 0.0904 0.1269 0.0787, -0.0577 0.1269 0.0787, 0.2872 0.1126 0.0787, 0.2577 0.0413 0.0787, 0.2108 -0.0198 0.0787, 0.1496 -0.0667 0.0787, 0.2872 0.2654 0.0787, 0.2972 0.189 0.0787, 0.0904 0.1269 0.0394, 0.1294 0.0077 0.0394, 0.0769 0.1693 0.0394, 0.038 0.2849 0.0394, 0.0431 0.4014 0.0394, 0.0189 0.36 0.0394, -0.0075 0.4014 0.0394, 0.0086 0.3239 0.0394, -0.0062 0.2784 0.0394, -0.0432 0.1693 0.0394, -0.1524 0.0077 0.0394, 0.1791 0.0077 0.0394, -0.099 0.0077 0.0394, -0.0577 0.1269 0.0394, 0.0189 0.36 0.0787, 0.0086 0.3239 0.0787, -0.0062 0.2784 0.0787, -0.0432 0.1693 0.0787, 0.0769 0.1693 0.0787, 0.038 0.2849 0.0787, -2.0335 -1.5945 2.0079, -2.3602 -1.5945 2.0079, -2.3602 -0.748 2.0079, -2.3602 -1.1417 2.0079, -1.0591 -0.748 2.0079, -2.0335 -1.1417 2.0079, -1.0591 -1.1811 2.0079, 0.9075 0.0118 2.0079, -0.9055 -0.7087 2.0079, -0.9055 -0.748 2.0079, -2.3602 0.6461 2.0079, -2.0335 -0.2244 2.0079, -1.8996 -0.2244 2.0079, 0.9134 1.4291 2.0079, -1.061 1.4291 2.0079, -0.9035 1.1929 2.0079, -1.0591 -0.7087 2.0079, -0.9035 0.0118 2.0079, -1.8996 -0.7087 2.0079, -0.6509 2.3622 2.0079, -0.6509 2.7559 2.0079, -1.3051 2.3622 2.0079, -1.7697 2.7559 2.0079, -1.3051 2.248 2.0079, -1.7697 2.3622 2.0079, 0.9075 1.1929 2.0079, 0.9134 -0.748 2.0079, -0.9055 -1.1811 2.0079, -2.0335 -0.7087 2.0079, -2.3602 -0.7045 2.0079, -2.3602 2.3622 2.0079, -2.3602 1.0896 2.0079, -2.3602 0.9941 2.0079, -2.3602 0.9323 2.0079, -2.3602 0.7336 2.0079, -2.3602 0.7631 2.0079, -2.3602 0.8505 2.0079, -2.3602 0.9997 2.0079, -1.061 2.248 2.0079, -2.3602 0.915 2.0079, -2.3602 0.8723 2.0079, 0.9134 2.3622 2.0079, 1.3091 2.3622 2.0079, 1.7736 2.7559 2.0079, 1.7736 2.3622 2.0079, 1.3091 2.248 2.0079, 1.065 2.248 2.0079, 2.3642 2.3622 2.0079, 2.3642 -0.748 2.0079, 0.9134 2.7559 2.0079, 0.6548 2.7559 2.0079, 0.6548 2.3622 2.0079, 1.065 1.4291 2.0079, 1.0531 -0.7874 2.0079, 2.3642 -1.5945 2.0079, 2.0276 -1.5945 2.0079, 2.3642 -1.1417 2.0079, 2.0276 -1.1417 2.0079, 0.9075 0.0118 1.9685, 0.8287 0.0118 1.9685, 0.75 0.0118 1.9685, 0.6713 0.0118 1.9685, 0.75 0.0118 1.9882, 0.6713 0.0118 1.9882, 0.2776 0.0118 1.9882, 0.2776 0.0118 1.9685, 0.1988 0.0118 1.9685, 0.1988 0.0118 1.9882, 0.1201 0.0118 1.9882, 0.8287 0.0118 1.9882, 0.5925 0.0118 1.9882, 0.5925 0.0118 1.9685, 0.5138 0.0118 1.9685, 0.5138 0.0118 1.9882, 0.435 0.0118 1.9882, -0.1949 0.0118 1.9882, -0.1949 0.0118 1.9685, -0.2736 0.0118 1.9685, -0.2736 0.0118 1.9882, -0.3524 0.0118 1.9882, 0.435 0.0118 1.9685, 0.3563 0.0118 1.9685, 0.3563 0.0118 1.9882, 0.1201 0.0118 1.9685, 0.0413 0.0118 1.9685, 0.0413 0.0118 1.9882, -0.0374 0.0118 1.9882, -0.1161 0.0118 1.9882, -0.1161 0.0118 1.9685, -0.0374 0.0118 1.9685, -0.5098 0.0118 1.9882, -0.5098 0.0118 1.9685, -0.5886 0.0118 1.9685, -0.5886 0.0118 1.9882, -0.6673 0.0118 1.9882, -0.4311 0.0118 1.9882, -0.4311 0.0118 1.9685, -0.3524 0.0118 1.9685, -0.8248 0.0118 1.9685, -0.9035 0.0118 1.9685, -0.8248 0.0118 1.9882, -0.7461 0.0118 1.9882, -0.7461 0.0118 1.9685, -0.6673 0.0118 1.9685, -0.8248 1.1929 1.9685, -0.8248 1.1929 1.9882, -0.7461 1.1929 1.9882, -0.9035 1.1929 1.9685, -0.5886 1.1929 1.9685, -0.5098 1.1929 1.9685, -0.5886 1.1929 1.9882, -0.5098 1.1929 1.9882, -0.2736 1.1929 1.9882, -0.2736 1.1929 1.9685, -0.1949 1.1929 1.9685, -0.7461 1.1929 1.9685, -0.6673 1.1929 1.9685, -0.6673 1.1929 1.9882, -0.4311 1.1929 1.9882, -0.1949 1.1929 1.9882, -0.1161 1.1929 1.9882, -0.3524 1.1929 1.9882, -0.3524 1.1929 1.9685, -0.4311 1.1929 1.9685, 0.1988 1.1929 1.9882, 0.1988 1.1929 1.9685, 0.2776 1.1929 1.9685, 0.2776 1.1929 1.9882, 0.3563 1.1929 1.9882, -0.1161 1.1929 1.9685, -0.0374 1.1929 1.9685, -0.0374 1.1929 1.9882, 0.0413 1.1929 1.9882, 0.1201 1.1929 1.9882, 0.1201 1.1929 1.9685, 0.0413 1.1929 1.9685, 0.5138 1.1929 1.9882, 0.5138 1.1929 1.9685, 0.5925 1.1929 1.9685, 0.5925 1.1929 1.9882, 0.6713 1.1929 1.9882, 0.435 1.1929 1.9882, 0.435 1.1929 1.9685, 0.3563 1.1929 1.9685, 0.8287 1.1929 1.9685, 0.9075 1.1929 1.9685, 0.8287 1.1929 1.9882, 0.75 1.1929 1.9882, 0.75 1.1929 1.9685, 0.6713 1.1929 1.9685, -2.0335 -0.2244 1.7992, -2.0335 -0.7087 1.7992, -1.8996 -0.7677 0.1194, -1.0591 -0.7677 0.1194, -0.9055 -0.7677 0.1194, -0.9055 -0.7087 1.7992, -0.9055 -1.1811 1.7992, -1.0591 -1.1811 1.7992, -1.0591 -0.7087 1.7992, -1.8996 -0.7087 1.7992, -1.8996 -0.2244 1.7992, -1.061 1.311 1.8504, -1.061 1.311 1.7992, -1.061 1.4291 1.8504, -1.061 2.248 1.7992, -1.3051 2.248 1.7992, -1.3051 2.3622 1.7992, 1.3091 2.248 1.7992, 1.3091 2.3622 1.7992, -0.2213 2.3622 1.7992, 0.2252 2.3622 1.7992, -0.0733 2.3622 1.8272, -0.402 2.3622 2.1335, -0.5886 2.3622 2.0465, 0.0773 2.3622 1.8272, 0.002 2.3622 2.2047, -0.2031 2.3622 2.1868, 0.5925 2.3622 2.0465, 0.4059 2.3622 2.1335, 0.2071 2.3622 2.1868, -0.7572 3.1496 0.1188, -0.9028 2.7559 0.2644, -0.9028 3.1496 0.2644, -1.0209 2.7559 0.4331, -1.0209 3.1496 0.4331, -1.1079 2.7559 0.6197, -1.1079 3.1496 0.6197, -1.1612 2.7559 0.8185, -1.1612 3.1496 0.8185, -1.1791 2.7559 1.0236, -1.1791 3.1496 1.0236, 0.7612 2.7559 0.1188, 0.5925 3.1496 0.0008, 0.7612 3.1496 0.1188, 0.9067 3.1496 0.2644, 0.9067 2.7559 0.2644, 1.0248 3.1496 0.4331, 1.0248 2.7559 0.4331, 1.1118 3.1496 0.6197, 1.1118 2.7559 0.6197, 1.1651 3.1496 0.8185, 1.1651 2.7559 0.8185, 1.1831 3.1496 1.0236, 1.1831 2.7559 1.0236, 0.4059 3.1496 -0.0862, 0.2071 3.1496 -0.1395, 0.002 3.1496 -0.1575, -0.2031 3.1496 -0.1395, -0.402 3.1496 -0.0862, -0.5886 3.1496 0.0008, -0.7572 2.7559 0.1188, 0.002 3.1496 2.2047, 0.002 3.1496 2.2087, -0.2031 3.1496 2.1868, -0.2038 3.1496 2.1907, -0.402 3.1496 2.1335, -0.4033 3.1496 2.1372, -0.5886 3.1496 2.0465, -0.5906 3.1496 2.0499, -0.7572 3.1496 1.9284, -0.7598 3.1496 1.9314, -0.9028 3.1496 1.7828, -0.9058 3.1496 1.7854, -1.0209 3.1496 1.6142, -1.0243 3.1496 1.6161, -1.1079 3.1496 1.4276, -1.1116 3.1496 1.4289, -1.1612 3.1496 1.2287, -1.1651 3.1496 1.2294, -1.1831 3.1496 1.0236, -1.1651 3.1496 0.8178, -1.1116 3.1496 0.6183, -1.0243 3.1496 0.4311, -0.9058 3.1496 0.2619, -0.7598 3.1496 0.1158, -0.5906 3.1496 -0.0026, -0.4033 3.1496 -0.0899, -0.2038 3.1496 -0.1434, 0.002 3.1496 -0.1614, 0.2077 3.1496 -0.1434, 0.4073 3.1496 -0.0899, 0.5945 3.1496 -0.0026, 0.7637 3.1496 0.1158, 0.9098 3.1496 0.2619, 1.0282 3.1496 0.4311, 1.1155 3.1496 0.6183, 1.169 3.1496 0.8178, 1.187 3.1496 1.0236, 1.1651 3.1496 1.2287, 1.169 3.1496 1.2294, 1.1118 3.1496 1.4276, 1.1155 3.1496 1.4289, 1.0248 3.1496 1.6142, 1.0282 3.1496 1.6161, 0.9067 3.1496 1.7828, 0.9098 3.1496 1.7854, 0.7612 3.1496 1.9284, 0.7637 3.1496 1.9314, 0.5925 3.1496 2.0465, 0.5945 3.1496 2.0499, 0.4059 3.1496 2.1335, 0.4073 3.1496 2.1372, 0.2071 3.1496 2.1868, 0.2077 3.1496 2.1907
            ]
        }
        coordIndex [
            0,1,2,-1,0,2,3,-1,2,4,3,-1,3,4,5,-1,3,5,6,-1,5,7,6,-1,6,7,8,-1,6,8,9,-1,8,10,9,-1,9,10,11,-1,9,11,12,-1,11,13,12,-1,12,13,14,-1,12,14,15,-1,15,14,16,-1,15,16,17,-1,16,18,17,-1,17,18,19,-1,17,19,20,-1,20,19,21,-1,21,22,20,-1,20,22,23,-1,20,23,24,-1,23,25,24,-1,24,25,26,-1,24,26,27,-1,26,28,27,-1,27,28,29,-1,27,29,30,-1,29,31,30,-1,30,31,32,-1,30,32,33,-1,32,34,33,-1,33,34,35,-1,33,35,36,-1,35,37,36,-1,36,37,38,-1,36,38,39,-1,40,41,42,-1,42,41,39,-1,42,39,43,-1,43,39,38,-1,44,45,46,-1,46,45,47,-1,48,49,50,-1,50,49,51,-1,52,53,54,-1,54,53,55,-1,54,55,56,-1,57,58,59,-1,59,58,60,-1,59,60,61,-1,53,62,60,-1,60,62,63,-1,60,63,61,-1,52,64,53,-1,53,64,65,-1,53,65,62,-1,62,65,66,-1,62,66,67,-1,67,66,68,-1,69,70,71,-1,68,66,71,-1,71,66,72,-1,71,72,69,-1,73,74,75,-1,75,74,76,-1,75,76,77,-1,77,78,75,-1,75,78,79,-1,75,79,80,-1,81,82,83,-1,83,82,84,-1,83,84,85,-1,85,86,83,-1,83,86,87,-1,83,87,88,-1,89,75,80,-1,83,90,81,-1,81,90,91,-1,81,91,80,-1,80,91,92,-1,80,92,89,-1,93,94,95,-1,95,94,96,-1,97,91,98,-1,98,91,90,-1,99,100,101,-1,101,100,102,-1,103,104,105,-1,105,104,106,-1,107,108,109,-1,109,108,110,-1,111,112,113,-1,114,115,116,-1,114,116,95,-1,117,118,111,-1,111,118,119,-1,46,115,109,-1,109,115,114,-1,109,114,107,-1,107,114,120,-1,121,122,111,-1,123,124,113,-1,113,124,125,-1,113,125,111,-1,124,50,117,-1,117,50,126,-1,117,126,118,-1,118,126,127,-1,128,129,112,-1,112,129,130,-1,95,6,9,-1,131,20,132,-1,132,20,24,-1,132,24,133,-1,123,134,124,-1,124,134,135,-1,124,135,136,-1,24,27,133,-1,133,27,30,-1,133,30,137,-1,137,30,33,-1,137,33,119,-1,119,33,36,-1,119,36,111,-1,111,36,39,-1,111,39,41,-1,122,138,111,-1,111,138,139,-1,111,139,112,-1,112,139,140,-1,112,140,128,-1,130,141,112,-1,112,141,142,-1,112,142,143,-1,143,142,144,-1,143,144,145,-1,145,144,115,-1,145,115,146,-1,146,115,46,-1,146,46,47,-1,95,9,93,-1,9,12,93,-1,93,12,15,-1,93,15,131,-1,131,15,17,-1,131,17,20,-1,48,50,147,-1,147,50,124,-1,147,124,148,-1,148,124,136,-1,41,149,111,-1,111,149,150,-1,111,150,121,-1,141,151,142,-1,142,151,152,-1,142,152,116,-1,116,152,0,-1,116,0,95,-1,95,0,3,-1,95,3,6,-1,56,153,154,-1,155,156,157,-1,157,158,155,-1,155,158,159,-1,155,159,160,-1,160,159,161,-1,160,161,162,-1,163,164,165,-1,165,164,166,-1,163,167,164,-1,164,167,168,-1,164,168,155,-1,155,168,169,-1,155,169,156,-1,170,171,172,-1,172,171,173,-1,172,173,166,-1,166,173,174,-1,166,174,165,-1,175,176,177,-1,177,178,175,-1,175,178,179,-1,175,179,172,-1,172,179,180,-1,172,180,170,-1,162,181,160,-1,160,181,182,-1,160,182,154,-1,154,182,183,-1,184,185,175,-1,175,185,186,-1,175,186,176,-1,183,187,154,-1,154,187,188,-1,154,188,184,-1,184,188,189,-1,184,189,185,-1,118,127,190,-1,190,127,191,-1,190,191,184,-1,192,49,193,-1,193,49,48,-1,193,48,147,-1,132,133,175,-1,175,133,194,-1,175,194,184,-1,184,194,195,-1,184,195,190,-1,93,131,94,-1,94,131,172,-1,94,172,196,-1,196,172,166,-1,108,107,120,-1,197,146,47,-1,47,45,197,-1,197,45,108,-1,197,108,198,-1,198,108,120,-1,199,200,201,-1,199,202,203,-1,204,205,59,-1,59,205,206,-1,59,206,207,-1,208,209,210,-1,210,209,211,-1,210,211,199,-1,199,211,212,-1,199,212,202,-1,213,214,215,-1,215,214,199,-1,215,199,216,-1,216,199,203,-1,213,217,214,-1,214,217,218,-1,214,218,61,-1,61,218,219,-1,61,219,220,-1,221,222,210,-1,220,223,61,-1,61,223,224,-1,61,224,59,-1,59,224,225,-1,59,225,204,-1,222,226,210,-1,210,226,227,-1,210,227,208,-1,228,229,230,-1,230,229,231,-1,230,231,232,-1,232,231,233,-1,62,228,63,-1,63,228,230,-1,63,230,61,-1,61,230,232,-1,61,232,214,-1,234,59,210,-1,210,59,207,-1,210,207,221,-1,235,236,237,-1,237,236,238,-1,234,239,59,-1,59,239,240,-1,59,240,241,-1,242,243,210,-1,243,244,210,-1,210,244,245,-1,210,245,234,-1,246,247,57,-1,57,247,248,-1,57,248,249,-1,238,250,237,-1,237,250,251,-1,237,251,252,-1,241,253,59,-1,59,253,254,-1,59,254,57,-1,57,254,255,-1,57,255,246,-1,252,256,237,-1,237,256,257,-1,237,257,210,-1,210,257,258,-1,210,258,242,-1,154,153,160,-1,160,153,259,-1,160,259,155,-1,155,259,260,-1,155,260,164,-1,164,260,261,-1,164,261,57,-1,262,263,264,-1,264,265,262,-1,262,265,266,-1,262,266,56,-1,267,268,54,-1,269,270,271,-1,271,270,272,-1,271,272,273,-1,268,274,54,-1,54,274,275,-1,54,275,271,-1,271,275,276,-1,271,276,269,-1,266,277,56,-1,56,277,278,-1,56,278,279,-1,263,262,280,-1,280,262,281,-1,280,281,282,-1,283,284,285,-1,285,284,282,-1,285,282,286,-1,286,282,281,-1,272,287,273,-1,273,287,288,-1,273,288,289,-1,289,288,290,-1,283,291,284,-1,284,291,292,-1,284,292,290,-1,290,292,293,-1,290,293,289,-1,279,294,56,-1,56,294,295,-1,56,295,54,-1,54,295,296,-1,54,296,267,-1,52,54,297,-1,297,54,298,-1,297,299,52,-1,52,299,300,-1,52,300,301,-1,302,303,304,-1,304,303,305,-1,305,306,304,-1,304,306,307,-1,304,307,308,-1,309,271,310,-1,310,271,311,-1,309,312,271,-1,271,312,313,-1,271,313,54,-1,54,313,314,-1,54,314,298,-1,308,315,304,-1,304,315,316,-1,304,316,271,-1,271,316,317,-1,271,317,311,-1,301,318,52,-1,52,318,319,-1,52,319,320,-1,52,303,321,-1,321,303,302,-1,321,302,322,-1,320,323,52,-1,52,323,324,-1,52,324,303,-1,325,65,321,-1,321,65,64,-1,321,64,52,-1,322,326,321,-1,321,326,327,-1,321,327,325,-1,325,327,328,-1,56,154,262,-1,262,154,184,-1,262,184,192,-1,192,184,191,-1,192,191,49,-1,329,330,132,-1,331,332,175,-1,175,332,333,-1,175,333,334,-1,335,336,131,-1,131,336,337,-1,131,337,338,-1,339,340,172,-1,334,341,175,-1,175,341,342,-1,175,342,132,-1,132,342,343,-1,132,343,329,-1,330,344,132,-1,132,344,345,-1,132,345,131,-1,131,345,346,-1,131,346,335,-1,338,347,131,-1,131,347,348,-1,131,348,172,-1,172,348,349,-1,172,349,339,-1,340,350,172,-1,172,350,351,-1,172,351,175,-1,175,351,352,-1,175,352,331,-1,249,235,57,-1,57,235,237,-1,57,237,164,-1,164,237,197,-1,164,197,166,-1,166,197,198,-1,166,198,196,-1,199,201,210,-1,210,201,353,-1,210,353,237,-1,237,353,354,-1,237,354,197,-1,197,354,145,-1,197,145,146,-1,159,355,161,-1,161,355,356,-1,161,356,162,-1,162,356,357,-1,162,357,181,-1,181,357,358,-1,181,358,182,-1,182,358,359,-1,360,185,361,-1,361,185,189,-1,361,189,362,-1,362,189,188,-1,362,188,363,-1,363,188,187,-1,363,187,359,-1,359,187,183,-1,359,183,182,-1,364,179,365,-1,365,179,178,-1,365,178,366,-1,366,178,177,-1,366,177,367,-1,367,177,176,-1,367,176,360,-1,360,176,186,-1,360,186,185,-1,368,369,370,-1,357,356,371,-1,371,356,355,-1,371,355,372,-1,372,355,373,-1,372,373,370,-1,370,373,374,-1,370,374,368,-1,361,362,371,-1,371,362,363,-1,364,365,375,-1,375,365,366,-1,375,366,376,-1,376,366,367,-1,376,367,371,-1,371,367,360,-1,371,360,361,-1,377,364,378,-1,378,364,375,-1,378,375,379,-1,379,375,380,-1,381,382,370,-1,370,382,383,-1,370,383,378,-1,378,383,384,-1,378,384,377,-1,363,359,371,-1,371,359,358,-1,371,358,357,-1,369,385,370,-1,370,385,386,-1,370,386,381,-1,379,387,378,-1,378,387,388,-1,389,390,391,-1,391,390,392,-1,391,392,393,-1,393,392,394,-1,394,395,393,-1,393,395,396,-1,393,396,397,-1,398,388,387,-1,399,397,400,-1,400,397,396,-1,400,396,387,-1,387,396,389,-1,387,389,398,-1,398,389,391,-1,378,388,370,-1,370,388,398,-1,370,398,372,-1,372,398,391,-1,372,391,371,-1,371,391,393,-1,371,393,376,-1,376,393,397,-1,376,397,375,-1,375,397,399,-1,375,399,380,-1,380,399,400,-1,380,400,379,-1,379,400,387,-1,394,392,401,-1,401,402,394,-1,394,402,403,-1,394,403,395,-1,396,395,404,-1,404,395,403,-1,405,389,404,-1,404,389,396,-1,406,390,405,-1,405,390,389,-1,401,392,406,-1,406,392,390,-1,402,401,406,-1,405,404,406,-1,406,404,403,-1,406,403,402,-1,407,408,113,-1,409,410,411,-1,411,410,412,-1,411,412,413,-1,414,415,416,-1,417,418,419,-1,420,421,422,-1,415,414,423,-1,423,414,424,-1,423,424,425,-1,426,427,428,-1,428,427,429,-1,428,429,430,-1,430,429,431,-1,422,432,420,-1,420,432,414,-1,420,414,433,-1,433,414,416,-1,433,416,112,-1,112,416,434,-1,112,434,113,-1,113,434,413,-1,113,413,407,-1,407,413,412,-1,418,417,435,-1,417,436,435,-1,435,436,409,-1,435,409,425,-1,425,409,411,-1,425,411,423,-1,431,437,438,-1,439,440,430,-1,441,430,442,-1,442,430,443,-1,431,438,430,-1,430,438,444,-1,430,444,439,-1,441,417,430,-1,430,417,419,-1,430,419,445,-1,445,419,425,-1,445,425,421,-1,421,425,424,-1,421,424,422,-1,440,446,430,-1,430,446,447,-1,430,447,443,-1,448,449,450,-1,450,449,451,-1,99,452,453,-1,449,452,451,-1,451,452,99,-1,451,99,454,-1,454,99,106,-1,454,106,455,-1,455,106,104,-1,455,104,100,-1,450,456,448,-1,448,456,457,-1,448,457,458,-1,453,459,99,-1,99,459,420,-1,99,420,100,-1,100,420,433,-1,100,433,455,-1,455,433,460,-1,143,461,112,-1,112,461,462,-1,463,455,464,-1,464,455,460,-1,464,460,462,-1,462,460,92,-1,462,92,112,-1,112,92,91,-1,112,91,433,-1,433,91,97,-1,433,97,460,-1,414,465,466,-1,467,468,469,-1,469,468,470,-1,471,472,473,-1,474,475,424,-1,466,476,414,-1,414,476,469,-1,414,469,424,-1,424,469,470,-1,424,470,477,-1,478,479,477,-1,477,479,480,-1,477,480,424,-1,424,480,481,-1,482,483,484,-1,485,486,424,-1,487,488,481,-1,481,488,489,-1,481,489,424,-1,424,489,471,-1,424,471,474,-1,474,471,473,-1,490,491,475,-1,475,491,492,-1,475,492,424,-1,424,492,493,-1,484,485,482,-1,482,485,424,-1,482,424,494,-1,494,424,493,-1,494,493,495,-1,495,493,496,-1,497,498,499,-1,500,501,424,-1,499,500,497,-1,497,500,424,-1,497,424,502,-1,502,424,486,-1,502,486,503,-1,503,486,504,-1,505,506,507,-1,507,506,424,-1,507,424,508,-1,508,424,501,-1,508,501,509,-1,509,501,510,-1,505,507,511,-1,511,507,512,-1,508,513,507,-1,507,513,512,-1,514,511,422,-1,422,511,512,-1,422,512,513,-1,515,516,517,-1,517,516,518,-1,519,520,521,-1,522,523,513,-1,513,523,524,-1,513,524,422,-1,422,524,517,-1,422,517,432,-1,432,517,518,-1,432,518,525,-1,526,527,432,-1,521,526,519,-1,519,526,432,-1,519,432,528,-1,528,432,525,-1,528,525,529,-1,529,525,530,-1,531,532,533,-1,534,535,432,-1,536,537,527,-1,527,537,538,-1,527,538,432,-1,432,538,539,-1,533,534,531,-1,531,534,432,-1,531,432,540,-1,540,432,539,-1,540,539,541,-1,541,539,542,-1,543,544,545,-1,546,547,432,-1,545,546,543,-1,543,546,432,-1,543,432,548,-1,548,432,535,-1,548,535,549,-1,549,535,550,-1,551,552,553,-1,553,552,432,-1,553,432,554,-1,554,432,547,-1,554,547,555,-1,555,547,556,-1,522,513,509,-1,509,513,508,-1,510,523,509,-1,509,523,522,-1,510,501,523,-1,523,501,524,-1,500,517,501,-1,501,517,524,-1,515,517,499,-1,499,517,500,-1,498,516,499,-1,499,516,515,-1,498,497,516,-1,516,497,518,-1,502,525,497,-1,497,525,518,-1,530,525,503,-1,503,525,502,-1,504,529,503,-1,503,529,530,-1,504,486,529,-1,529,486,528,-1,485,519,486,-1,486,519,528,-1,520,519,484,-1,484,519,485,-1,483,521,484,-1,484,521,520,-1,483,482,521,-1,521,482,526,-1,494,527,482,-1,482,527,526,-1,536,527,495,-1,495,527,494,-1,496,537,495,-1,495,537,536,-1,496,493,537,-1,537,493,538,-1,492,539,493,-1,493,539,538,-1,542,539,491,-1,491,539,492,-1,490,541,491,-1,491,541,542,-1,490,475,541,-1,541,475,540,-1,474,531,475,-1,475,531,540,-1,532,531,473,-1,473,531,474,-1,472,533,473,-1,473,533,532,-1,472,471,533,-1,533,471,534,-1,489,535,471,-1,471,535,534,-1,550,535,488,-1,488,535,489,-1,487,549,488,-1,488,549,550,-1,487,481,549,-1,549,481,548,-1,480,543,481,-1,481,543,548,-1,544,543,479,-1,479,543,480,-1,478,545,479,-1,479,545,544,-1,478,477,545,-1,545,477,546,-1,470,547,477,-1,477,547,546,-1,556,547,468,-1,468,547,470,-1,467,555,468,-1,468,555,556,-1,467,469,555,-1,555,469,554,-1,476,553,469,-1,469,553,554,-1,551,553,466,-1,466,553,476,-1,465,552,466,-1,466,552,551,-1,432,552,414,-1,414,552,465,-1,514,506,511,-1,511,506,505,-1,422,424,514,-1,514,424,506,-1,418,435,557,-1,557,435,558,-1,559,191,126,-1,126,191,127,-1,118,190,119,-1,119,190,560,-1,561,194,137,-1,137,194,133,-1,415,562,416,-1,416,562,563,-1,416,563,434,-1,413,564,411,-1,411,564,565,-1,411,565,423,-1,566,425,567,-1,567,425,419,-1,435,425,558,-1,558,425,566,-1,567,419,557,-1,557,419,418,-1,568,569,570,-1,570,569,571,-1,570,571,421,-1,421,571,445,-1,430,445,572,-1,572,445,571,-1,428,430,573,-1,573,430,572,-1,574,452,575,-1,575,452,449,-1,428,573,426,-1,426,573,576,-1,458,577,448,-1,448,577,575,-1,448,575,449,-1,578,579,576,-1,576,579,580,-1,576,580,426,-1,581,582,578,-1,578,582,583,-1,578,583,579,-1,458,584,577,-1,577,584,585,-1,577,585,581,-1,581,585,586,-1,581,586,582,-1,228,62,67,-1,587,588,589,-1,589,588,590,-1,589,590,591,-1,591,590,592,-1,591,592,593,-1,593,592,594,-1,593,594,595,-1,595,594,596,-1,595,596,597,-1,65,325,66,-1,66,325,328,-1,598,229,599,-1,228,67,229,-1,599,600,598,-1,598,600,601,-1,598,601,602,-1,602,601,603,-1,602,603,604,-1,604,603,605,-1,604,605,606,-1,606,605,607,-1,606,607,608,-1,608,607,609,-1,608,609,610,-1,229,67,599,-1,599,67,68,-1,599,68,611,-1,611,68,71,-1,611,71,612,-1,612,71,70,-1,612,70,613,-1,613,70,69,-1,613,69,614,-1,614,69,72,-1,614,72,615,-1,615,72,66,-1,615,66,616,-1,616,66,328,-1,616,328,587,-1,587,328,617,-1,587,617,588,-1,618,619,620,-1,620,619,621,-1,620,621,622,-1,622,621,623,-1,622,623,624,-1,624,623,625,-1,624,625,626,-1,626,625,627,-1,626,627,628,-1,628,627,629,-1,628,629,630,-1,630,629,631,-1,630,631,632,-1,632,631,633,-1,632,633,634,-1,634,633,635,-1,634,635,597,-1,597,635,636,-1,597,636,595,-1,595,636,637,-1,595,637,593,-1,593,637,638,-1,593,638,591,-1,591,638,639,-1,591,639,589,-1,589,639,640,-1,589,640,587,-1,587,640,641,-1,587,641,616,-1,616,641,642,-1,616,642,615,-1,615,642,643,-1,615,643,614,-1,614,643,644,-1,614,644,613,-1,613,644,645,-1,613,645,612,-1,612,645,646,-1,612,646,611,-1,611,646,647,-1,611,647,599,-1,599,647,648,-1,599,648,600,-1,600,648,649,-1,600,649,601,-1,601,649,650,-1,601,650,603,-1,603,650,651,-1,603,651,605,-1,605,651,652,-1,605,652,607,-1,607,652,653,-1,607,653,609,-1,609,653,654,-1,609,654,655,-1,655,654,656,-1,655,656,657,-1,657,656,658,-1,657,658,659,-1,659,658,660,-1,659,660,661,-1,661,660,662,-1,661,662,663,-1,663,662,664,-1,663,664,665,-1,665,664,666,-1,665,666,667,-1,667,666,668,-1,667,668,669,-1,669,668,670,-1,669,670,618,-1,618,670,619,-1,
        ]
    }
}
Shape{
    appearance Appearance {
        material  Material 	{
            diffuseColor 0.7529411764705882 0.7529411764705882 0.7529411764705882
            specularColor 0.3764705882352941 0.3764705882352941 0.3764705882352941
            ambientIntensity 0.7529
            transparency 0.0
            shininess 0.5
        }
    }
    geometry IndexedFaceSet {
        ccw TRUE
        solid FALSE
        coord DEF co Coordinate {
            point [
                -1.1831 3.1496 1.0236, -1.1831 3.6614 1.0236, -1.1651 3.6614 0.8178, -1.1651 3.1496 0.8178, -1.1116 3.6614 0.6183, -1.1116 3.1496 0.6183, -1.0243 3.6614 0.4311, -1.0243 3.1496 0.4311, -0.9058 3.6614 0.2619, -0.9058 3.1496 0.2619, -0.7598 3.6614 0.1158, -0.7598 3.1496 0.1158, -0.5906 3.6614 -0.0026, -0.5906 3.1496 -0.0026, -0.4033 3.6614 -0.0899, -0.4033 3.1496 -0.0899, -0.2038 3.6614 -0.1434, -0.2038 3.1496 -0.1434, 0.002 3.6614 -0.1614, 0.002 3.1496 -0.1614, 0.2077 3.6614 -0.1434, 0.2077 3.1496 -0.1434, 0.4073 3.6614 -0.0899, 0.4073 3.1496 -0.0899, 0.5945 3.6614 -0.0026, 0.5945 3.1496 -0.0026, 0.7637 3.6614 0.1158, 0.7637 3.1496 0.1158, 0.9098 3.6614 0.2619, 0.9098 3.1496 0.2619, 1.0282 3.6614 0.4311, 1.0282 3.1496 0.4311, 1.1155 3.6614 0.6183, 1.1155 3.1496 0.6183, 1.169 3.6614 0.8178, 1.169 3.1496 0.8178, 1.187 3.6614 1.0236, 1.187 3.1496 1.0236, -0.3663 3.6614 0.1964, -0.5303 3.6614 0.2911, -0.671 3.6614 0.4177, -0.7822 3.6614 0.5709, -0.8592 3.6614 0.7438, -0.8986 3.6614 0.929, 0.5342 3.6614 0.2911, 0.3703 3.6614 0.1964, 0.1902 3.6614 0.1379, 0.002 3.6614 0.1181, -0.1863 3.6614 0.1379, 0.3703 3.6614 1.8509, 0.5945 3.6614 2.0499, 0.5342 3.6614 1.7562, 0.7637 3.6614 1.9314, 0.6749 3.6614 1.6295, 0.9098 3.6614 1.7854, 0.7862 3.6614 1.4764, 1.0282 3.6614 1.6161, 0.8632 3.6614 1.3034, 1.1155 3.6614 1.4289, 0.9025 3.6614 1.1183, 1.169 3.6614 1.2294, 0.9025 3.6614 0.929, 0.8632 3.6614 0.7438, 0.7862 3.6614 0.5709, 0.6749 3.6614 0.4177, -0.5303 3.6614 1.7562, -0.5906 3.6614 2.0499, -0.3663 3.6614 1.8509, -0.4033 3.6614 2.1372, -0.1863 3.6614 1.9093, -0.2038 3.6614 2.1907, 0.002 3.6614 1.9291, 0.002 3.6614 2.2087, 0.1902 3.6614 1.9093, 0.2077 3.6614 2.1907, 0.4073 3.6614 2.1372, -0.8986 3.6614 1.1183, -1.1651 3.6614 1.2294, -0.8592 3.6614 1.3034, -1.1116 3.6614 1.4289, -0.7822 3.6614 1.4764, -1.0243 3.6614 1.6161, -0.671 3.6614 1.6295, -0.9058 3.6614 1.7854, -0.7598 3.6614 1.9314, 0.002 3.4646 0.315, 0.1493 3.4646 0.3304, 0.1593 3.4646 0.3337, 0.2902 3.4646 0.3762, 0.3085 3.4646 0.3868, 0.4185 3.4646 0.4503, 0.4421 3.4646 0.4715, 0.5286 3.4646 0.5494, 0.5535 3.4646 0.5836, 0.6157 3.4646 0.6693, 0.6372 3.4646 0.7176, 0.6759 3.4646 0.8046, 0.6891 3.4646 0.8667, 0.7067 3.4646 0.9495, 0.7106 3.4646 1.0236, 0.7067 3.4646 1.0977, 0.6891 3.4646 1.1805, 0.6759 3.4646 1.2426, 0.6372 3.4646 1.3297, 0.6157 3.4646 1.378, 0.5535 3.4646 1.4636, 0.5286 3.4646 1.4978, 0.4421 3.4646 1.5757, 0.4185 3.4646 1.5969, 0.3085 3.4646 1.6605, 0.002 3.4646 1.7323, 0.1493 3.4646 1.7168, 0.1593 3.4646 1.7135, 0.2902 3.4646 1.671
            ]
        }
        coordIndex [
            0,1,2,-1,0,2,3,-1,3,2,4,-1,3,4,5,-1,5,4,6,-1,5,6,7,-1,7,6,8,-1,7,8,9,-1,9,8,10,-1,9,10,11,-1,11,10,12,-1,11,12,13,-1,13,12,14,-1,13,14,15,-1,15,14,16,-1,15,16,17,-1,17,16,18,-1,17,18,19,-1,19,18,20,-1,19,20,21,-1,21,20,22,-1,21,22,23,-1,23,22,24,-1,23,24,25,-1,25,24,26,-1,25,26,27,-1,27,26,28,-1,27,28,29,-1,29,28,30,-1,29,30,31,-1,31,30,32,-1,31,32,33,-1,33,32,34,-1,33,34,35,-1,35,34,36,-1,35,36,37,-1,38,12,39,-1,39,12,10,-1,39,10,40,-1,40,10,8,-1,40,8,41,-1,41,8,6,-1,41,6,42,-1,42,6,4,-1,42,4,43,-1,44,24,45,-1,45,24,22,-1,45,22,46,-1,46,22,20,-1,46,20,47,-1,47,20,18,-1,47,18,48,-1,48,18,16,-1,48,16,38,-1,38,16,14,-1,38,14,12,-1,49,50,51,-1,51,50,52,-1,51,52,53,-1,53,52,54,-1,53,54,55,-1,55,54,56,-1,55,56,57,-1,57,56,58,-1,57,58,59,-1,58,60,59,-1,59,60,36,-1,59,36,61,-1,61,36,34,-1,61,34,62,-1,62,34,32,-1,62,32,63,-1,63,32,30,-1,63,30,64,-1,64,30,28,-1,64,28,44,-1,44,28,26,-1,44,26,24,-1,65,66,67,-1,67,66,68,-1,67,68,69,-1,69,68,70,-1,69,70,71,-1,71,70,72,-1,71,72,73,-1,73,72,74,-1,73,74,49,-1,49,74,75,-1,49,75,50,-1,4,2,43,-1,43,2,1,-1,43,1,76,-1,76,1,77,-1,76,77,78,-1,78,77,79,-1,78,79,80,-1,80,79,81,-1,80,81,82,-1,82,81,83,-1,82,83,65,-1,65,83,84,-1,65,84,66,-1,46,47,85,-1,85,86,46,-1,46,86,87,-1,46,87,45,-1,87,88,45,-1,45,88,89,-1,45,89,44,-1,89,90,44,-1,44,90,91,-1,44,91,64,-1,91,92,64,-1,64,92,93,-1,64,93,63,-1,93,94,63,-1,63,94,95,-1,63,95,62,-1,95,96,62,-1,62,96,97,-1,62,97,61,-1,97,98,61,-1,61,98,99,-1,61,99,59,-1,99,100,59,-1,59,100,101,-1,59,101,57,-1,101,102,57,-1,57,102,103,-1,57,103,55,-1,103,104,55,-1,55,104,105,-1,55,105,53,-1,105,106,53,-1,53,106,107,-1,53,107,51,-1,107,108,51,-1,51,108,109,-1,51,109,49,-1,110,71,111,-1,111,71,73,-1,111,73,112,-1,112,73,49,-1,112,49,113,-1,113,49,109,-1,
        ]
    }
}
Shape{
    appearance Appearance {
        material  Material 	{
            diffuseColor 0.25098039215686274 0.25098039215686274 0.25098039215686274
            specularColor 0.12549019607843137 0.12549019607843137 0.12549019607843137
            ambientIntensity 0.251
            transparency 0.0
            shininess 0.5
        }
    }
    geometry IndexedFaceSet {
        ccw TRUE
        solid FALSE
        coord DEF co Coordinate {
            point [
                -0.0733 2.0984 1.8272, -0.2213 2.0984 1.7992, 0.0773 2.0984 1.8272, 0.2252 2.0984 1.7992, 0.2252 2.3622 1.7992, 0.0773 2.3622 1.8272, -0.0733 2.3622 1.8272, -0.2213 2.3622 1.7992, -0.7572 2.7559 0.1188, -0.6509 2.7559 0.0394, -1.0413 2.7559 0.0394, -0.6509 2.7559 2.0079, -0.7572 2.7559 1.9284, -1.7697 2.7559 2.0079, -0.9028 2.7559 1.7828, -1.0209 2.7559 1.6142, -1.1079 2.7559 1.4276, -1.1612 2.7559 1.2287, -1.7697 2.7559 0.0394, -1.1791 2.7559 1.0236, -1.1612 2.7559 0.8185, -1.1079 2.7559 0.6197, -1.0209 2.7559 0.4331, -0.9028 2.7559 0.2644, -1.7697 2.3622 0.0394, -1.7697 2.3622 2.0079, -1.7697 2.4508 0.0394, -2.3602 2.3622 0.0394, -2.3602 2.3622 0.6068, -2.3602 2.3622 0.6438, -2.3602 2.3622 0.7646, -2.3602 2.3622 2.0079, -2.3602 2.3622 0.887, -2.3602 2.3622 0.792, 1.0248 2.7559 0.4331, 1.7736 2.7559 0.0394, 0.9067 2.7559 0.2644, 1.0453 2.7559 0.0394, 0.7612 2.7559 0.1188, 0.6548 2.7559 0.0394, 1.7736 2.7559 2.0079, 0.9067 2.7559 1.7828, 0.9134 2.7559 2.0079, 0.7612 2.7559 1.9284, 0.6548 2.7559 2.0079, 1.1118 2.7559 0.6197, 1.1651 2.7559 0.8185, 1.1831 2.7559 1.0236, 1.1651 2.7559 1.2287, 1.1118 2.7559 1.4276, 1.0248 2.7559 1.6142, 1.7736 2.4508 0.0394, 1.7736 2.3622 2.0079, 1.7736 2.3622 0.0394, 2.2559 2.3622 0.0394, 2.3642 2.3622 2.0079, 2.3642 2.3622 0.0394, 2.3642 -0.748 2.0079, 2.3642 -1.1417 2.0079, 2.3642 -1.1417 0.5118, 2.3642 -1.5945 2.0079, 2.3642 -1.9685 2.0079, 2.3642 -1.5945 0.5118, 2.3642 -1.9685 0.0394, 2.3642 -0.4567 0.0394, 2.3642 0.6457 0.0394, 2.3642 1.4764 0.0394, -1.061 1.311 1.8504, 1.065 1.311 1.8504, -1.061 1.311 1.7992, 1.065 1.311 1.7992, 1.065 1.4291 1.8504, 1.065 1.4291 2.0079, 1.065 2.248 2.0079, 1.065 2.248 1.7992, 1.3091 2.248 2.0079, 1.3091 2.248 1.7992, -1.061 1.4291 1.8504, -1.061 1.4291 2.0079, 0.9134 1.4291 2.0079, -0.9055 -1.1811 1.7992, -0.9232 -1.1811 1.7992, -0.9232 -1.1811 1.8504, -1.0413 -1.1811 1.7992, -1.0591 -1.1811 1.7992, -1.0413 -1.1811 1.8504, -1.0591 -1.1811 2.0079, -0.9055 -1.1811 2.0079, -2.0335 -1.9685 1.5945, -2.1043 -1.9685 1.5945, -2.0335 -1.5945 1.5945, -2.1043 -1.5945 1.5945, -2.1043 -1.9685 0.5118, -2.1043 -1.5945 0.5118, -2.0335 -1.9685 0.5118, -2.0335 -1.1417 0.5118, -2.3602 -1.5945 0.5118, -2.3602 -1.1417 0.5118, -2.0335 -1.1417 2.0079, -2.3602 -1.1417 2.0079, -2.3602 -1.1417 0.887, -2.3602 -1.1417 0.792, -2.3602 -1.1417 0.7646, -2.3602 -1.1417 0.6438, -2.3602 -1.1417 0.6068, -2.0335 -1.5945 2.0079, -2.3602 -1.5945 0.6068, -2.3602 -1.5945 0.6438, -2.3602 -1.5945 0.7646, -2.3602 -1.5945 2.0079, -2.3602 -1.5945 0.887, -2.3602 -1.5945 0.792, 2.0276 -1.9685 0.5118, 2.1083 -1.9685 0.5118, 2.1083 -1.5945 0.5118, 2.0276 -1.1417 0.5118, 2.0276 -1.5945 1.5945, 2.0276 -1.5945 2.0079, 2.1083 -1.5945 1.5945, 2.0276 -1.9685 1.5945, 2.0276 -1.1417 2.0079, 1.9134 -0.7087 2.0079, 2.0276 -0.7087 2.0079, 1.9134 -0.7087 1.7992, 2.0276 -0.7087 1.7992, 2.1083 -1.9685 1.5945, 1.0531 -1.1811 1.7992, 1.0531 -1.1811 2.0079, 1.0531 -0.7874 1.7992, 1.0531 -0.7874 2.0079, 0.9193 -0.7874 1.7992, 0.9193 -0.7874 2.0079, -1.0413 0.878 0.0394, -1.3051 0.878 0.0394, -1.3051 0.878 0.1194, 1.3091 0.878 0.0394, 1.0453 0.878 0.0394, 1.3091 0.878 0.1194, 0.2382 0.878 0.0394, -0.2343 0.878 0.0394, -0.9055 -0.7087 2.0079, -1.0591 -0.7087 2.0079, -0.9055 -0.7087 1.7992, -1.0591 -0.7087 1.7992, -0.9055 -0.7677 0.0394, -0.9055 -0.7677 0.1194, -1.0413 -0.7677 0.0394, -1.0591 -0.7677 0.1194, -1.0591 -0.7677 0.0394, -2.0335 -0.7677 0.1194, -2.0335 -0.7677 0.0394, -1.8996 -0.7677 0.1194, -1.8996 -0.7677 0.0394, 2.0276 -0.2244 1.7992, 2.0276 -0.2244 2.0079, 1.9134 -0.2244 1.7992, 1.9134 -0.2244 2.0079, 1.0531 -0.7677 0.0394, 1.0531 -0.7677 0.1194, 1.0453 -0.7677 0.0394, 0.9193 -0.7677 0.1194, 0.9193 -0.7677 0.0394, 1.0531 -1.9685 0.1194, 1.0531 -1.9685 0.0394, 1.9134 -0.7677 0.1194, 1.9134 -0.7677 0.0394, 2.0276 -0.7677 0.1194, 2.0276 -0.7677 0.0394
            ]
        }
        coordIndex [
            0,1,2,-1,2,1,3,-1,3,4,5,-1,3,5,2,-1,2,5,6,-1,2,6,0,-1,0,6,7,-1,0,7,1,-1,8,9,10,-1,11,12,13,-1,13,12,14,-1,13,14,15,-1,15,16,13,-1,13,16,17,-1,13,17,18,-1,18,17,19,-1,18,19,20,-1,20,21,18,-1,18,21,22,-1,18,22,10,-1,10,22,23,-1,10,23,8,-1,24,25,26,-1,26,25,13,-1,26,13,18,-1,27,28,24,-1,24,28,29,-1,24,29,30,-1,31,25,32,-1,32,25,24,-1,32,24,33,-1,33,24,30,-1,34,35,36,-1,36,35,37,-1,36,37,38,-1,38,37,39,-1,40,41,42,-1,42,41,43,-1,42,43,44,-1,34,45,35,-1,35,45,46,-1,35,46,40,-1,40,46,47,-1,40,47,48,-1,48,49,40,-1,40,49,50,-1,40,50,41,-1,35,40,51,-1,51,40,52,-1,51,52,53,-1,53,52,54,-1,54,52,55,-1,54,55,56,-1,57,58,59,-1,60,61,62,-1,62,61,63,-1,62,63,59,-1,59,63,64,-1,59,64,57,-1,57,64,65,-1,57,65,55,-1,55,65,66,-1,55,66,56,-1,67,68,69,-1,69,68,70,-1,70,68,71,-1,72,73,71,-1,71,73,74,-1,71,74,70,-1,73,75,74,-1,74,75,76,-1,77,78,71,-1,71,78,79,-1,71,79,72,-1,71,68,77,-1,77,68,67,-1,80,81,82,-1,83,84,85,-1,85,84,86,-1,85,86,82,-1,82,86,87,-1,82,87,80,-1,88,89,90,-1,90,89,91,-1,89,92,91,-1,91,92,93,-1,92,94,93,-1,93,94,95,-1,93,95,96,-1,96,95,97,-1,95,98,99,-1,99,100,95,-1,95,100,101,-1,95,101,102,-1,102,103,95,-1,95,103,104,-1,95,104,97,-1,105,98,90,-1,90,98,95,-1,90,95,88,-1,88,95,94,-1,96,106,93,-1,93,106,107,-1,93,107,108,-1,105,90,109,-1,109,90,91,-1,109,91,110,-1,110,91,93,-1,110,93,111,-1,111,93,108,-1,112,113,114,-1,62,59,114,-1,114,59,115,-1,114,115,112,-1,116,117,118,-1,118,117,60,-1,118,60,114,-1,114,60,62,-1,119,112,116,-1,116,112,115,-1,116,115,117,-1,117,115,120,-1,59,58,115,-1,115,58,120,-1,121,122,123,-1,123,122,124,-1,125,119,118,-1,118,119,116,-1,113,125,114,-1,114,125,118,-1,126,127,128,-1,128,127,129,-1,128,129,130,-1,130,129,131,-1,132,133,134,-1,135,136,137,-1,137,136,138,-1,137,138,134,-1,134,138,139,-1,134,139,132,-1,140,141,142,-1,142,141,143,-1,144,145,146,-1,146,145,147,-1,146,147,148,-1,149,150,151,-1,151,150,152,-1,153,154,155,-1,155,154,156,-1,157,158,159,-1,159,158,160,-1,159,160,161,-1,158,157,162,-1,162,157,163,-1,164,165,166,-1,166,165,167,-1,
        ]
    }
}
Shape{
    appearance Appearance {
        material  Material 	{
            diffuseColor 0.7529411764705882 0.7529411764705882 0.7529411764705882
            specularColor 0.3764705882352941 0.3764705882352941 0.3764705882352941
            ambientIntensity 0.7529
            transparency 0.0
            shininess 0.5
        }
    }
    geometry IndexedFaceSet {
        ccw TRUE
        solid FALSE
        coord DEF co Coordinate {
            point [
                0.9272 -1.0395 1.8171, 1.0453 -1.0395 1.8171, 0.9272 -1.0268 1.7992, 1.0453 -1.0268 1.7992, 0.9272 -1.1037 1.8504, 1.0453 -1.1037 1.8504, 1.0453 -1.0851 1.8482, 0.9272 -1.0851 1.8482, 1.0453 -1.0676 1.8416, 0.9272 -1.0676 1.8416, 1.0453 -1.052 1.831, 0.9272 -1.052 1.831, 0.9272 -1.1811 1.8504, 1.0453 -1.1811 1.8504, -1.0413 -1.0395 1.8171, -1.0413 -1.0268 1.7992, -1.0413 -1.1811 1.7992, -1.0413 -1.1811 1.8504, -1.0413 -1.1037 1.8504, -1.0413 -1.0851 1.8482, -1.0413 -1.0676 1.8416, -1.0413 -1.052 1.831, -0.9232 -1.1037 1.8504, -0.9232 -1.1811 1.8504, -0.9232 -1.1811 1.7992, -0.9232 -1.0268 1.7992, -0.9232 -1.0395 1.8171, -0.9232 -1.052 1.831, -0.9232 -1.0676 1.8416, -0.9232 -1.0851 1.8482
            ]
        }
        coordIndex [
            0,1,2,-1,2,1,3,-1,4,5,6,-1,4,6,7,-1,7,6,8,-1,7,8,9,-1,9,8,10,-1,9,10,11,-1,11,10,1,-1,11,1,0,-1,4,12,5,-1,5,12,13,-1,14,15,16,-1,17,18,16,-1,16,18,19,-1,19,20,16,-1,16,20,21,-1,16,21,14,-1,22,23,24,-1,25,26,24,-1,24,26,27,-1,27,28,24,-1,24,28,29,-1,24,29,22,-1,18,17,22,-1,22,17,23,-1,18,22,29,-1,18,29,19,-1,19,29,28,-1,19,28,20,-1,20,28,27,-1,20,27,21,-1,21,27,26,-1,21,26,14,-1,15,14,25,-1,25,14,26,-1,
        ]
    }
}
Shape{
    appearance Appearance {
        material  Material 	{
            diffuseColor 0.25098039215686274 0.25098039215686274 0.25098039215686274
            specularColor 0.12549019607843137 0.12549019607843137 0.12549019607843137
            ambientIntensity 0.251
            transparency 0.0
            shininess 0.5
        }
    }
    geometry IndexedFaceSet {
        ccw TRUE
        solid FALSE
        coord DEF co Coordinate {
            point [
                1.9134 -0.7677 0.1194, 1.9213 -0.7874 0.1194, 1.9213 -1.1811 0.1194, 2.0197 -0.7874 0.1194, 2.0276 -0.7677 0.1194, 2.0197 -1.1811 0.1194, 2.0276 -1.9685 0.1194, 1.9134 -1.9685 0.1194, 0.9193 -0.7677 0.1194, 1.0531 -0.7677 0.1194, 0.9193 -1.9685 0.1194, 1.0531 -1.9685 0.1194, -1.0591 -0.7677 0.1194, -0.9055 -0.7677 0.1194, -1.0591 -1.9685 0.1194, -0.9055 -1.9685 0.1194, -2.0335 -0.7677 0.1194, -2.0157 -0.7874 0.1194, -2.0157 -1.1811 0.1194, -1.9173 -0.7874 0.1194, -1.8996 -0.7677 0.1194, -1.9173 -1.1811 0.1194, -1.8996 -1.9685 0.1194, -2.0335 -1.9685 0.1194, -1.0591 -1.1811 1.7992, -1.0413 -1.1811 1.7992, -1.0413 -1.0268 1.7992, -0.9232 -1.1811 1.7992, -0.9055 -1.1811 1.7992, -0.9232 -1.0268 1.7992, -0.9055 -0.7087 1.7992, -1.0591 -0.7087 1.7992, 1.9134 -0.7087 1.7992, 1.9213 -0.6968 1.7992, 1.9213 -0.4593 1.7992, 2.0197 -0.6968 1.7992, 2.0276 -0.7087 1.7992, 2.0197 -0.4593 1.7992, 2.0276 -0.2244 1.7992, 1.9134 -0.2244 1.7992
            ]
        }
        coordIndex [
            0,1,2,-1,1,0,3,-1,3,0,4,-1,3,4,5,-1,5,4,6,-1,5,6,2,-1,2,6,7,-1,2,7,0,-1,8,9,10,-1,10,9,11,-1,12,13,14,-1,14,13,15,-1,16,17,18,-1,17,16,19,-1,19,16,20,-1,19,20,21,-1,21,20,22,-1,21,22,18,-1,18,22,23,-1,18,23,16,-1,24,25,26,-1,27,28,29,-1,29,28,30,-1,29,30,26,-1,26,30,31,-1,26,31,24,-1,32,33,34,-1,33,32,35,-1,35,32,36,-1,35,36,37,-1,37,36,38,-1,37,38,34,-1,34,38,39,-1,34,39,32,-1,
        ]
    }
}
Shape{
    appearance Appearance {
        material  Material 	{
            diffuseColor 0.7529411764705882 0.7529411764705882 0.7529411764705882
            specularColor 0.3764705882352941 0.3764705882352941 0.3764705882352941
            ambientIntensity 0.7529
            transparency 0.0
            shininess 0.5
        }
    }
    geometry IndexedFaceSet {
        ccw TRUE
        solid FALSE
        coord DEF co Coordinate {
            point [
                1.9213 -0.7874 -0.9449, 2.0197 -0.7874 -0.9449, 2.0197 -0.7941 -0.9958, 1.9213 -0.7941 -0.9958, 2.0197 -0.8138 -1.0433, 1.9213 -0.8138 -1.0433, 2.0197 -0.8451 -1.0841, 1.9213 -0.8451 -1.0841, 2.0197 -0.8858 -1.1154, 1.9213 -0.8858 -1.1154, 2.0197 -0.9333 -1.135, 1.9213 -0.9333 -1.135, 2.0197 -0.9842 -1.1417, 1.9213 -0.9842 -1.1417, 2.0197 -1.0352 -1.135, 1.9213 -1.0352 -1.135, 2.0197 -1.0827 -1.1154, 1.9213 -1.0827 -1.1154, 2.0197 -1.1234 -1.0841, 1.9213 -1.1234 -1.0841, 2.0197 -1.1547 -1.0433, 1.9213 -1.1547 -1.0433, 2.0197 -1.1744 -0.9958, 1.9213 -1.1744 -0.9958, 2.0197 -1.1811 -0.9449, 1.9213 -1.1811 -0.9449, 2.0197 -0.7874 0.1194, 1.9213 -0.7874 0.1194, 1.9213 -1.1811 0.1194, 2.0197 -1.1811 0.1194
            ]
        }
        coordIndex [
            0,1,2,-1,0,2,3,-1,3,2,4,-1,3,4,5,-1,5,4,6,-1,5,6,7,-1,7,6,8,-1,7,8,9,-1,9,8,10,-1,9,10,11,-1,11,10,12,-1,11,12,13,-1,13,12,14,-1,13,14,15,-1,15,14,16,-1,15,16,17,-1,17,16,18,-1,17,18,19,-1,19,18,20,-1,19,20,21,-1,21,20,22,-1,21,22,23,-1,23,22,24,-1,23,24,25,-1,1,0,26,-1,26,0,27,-1,28,25,29,-1,29,25,24,-1,25,28,27,-1,23,25,11,-1,27,0,25,-1,25,0,3,-1,25,3,5,-1,17,11,15,-1,15,11,13,-1,17,19,11,-1,11,19,21,-1,11,21,23,-1,5,7,25,-1,25,7,9,-1,25,9,11,-1,26,29,1,-1,1,29,24,-1,22,20,10,-1,10,20,18,-1,18,16,10,-1,10,16,14,-1,10,14,12,-1,6,4,24,-1,24,4,2,-1,24,2,1,-1,22,10,24,-1,24,10,8,-1,24,8,6,-1,
        ]
    }
}
Shape{
    appearance Appearance {
        material  Material 	{
            diffuseColor 0.25098039215686274 0.25098039215686274 0.25098039215686274
            specularColor 0.12549019607843137 0.12549019607843137 0.12549019607843137
            ambientIntensity 0.251
            transparency 0.0
            shininess 0.5
        }
    }
    geometry IndexedFaceSet {
        ccw TRUE
        solid FALSE
        coord DEF co Coordinate {
            point [
                0.9193 -1.1811 1.7992, 0.9272 -1.1811 1.7992, 0.9272 -1.0268 1.7992, 1.0453 -1.1811 1.7992, 1.0531 -1.1811 1.7992, 1.0453 -1.0268 1.7992, 1.0531 -0.7874 1.7992, 0.9193 -0.7874 1.7992
            ]
        }
        coordIndex [
            0,1,2,-1,3,4,5,-1,5,4,6,-1,5,6,2,-1,2,6,7,-1,2,7,0,-1,
        ]
    }
}
Shape{
    appearance Appearance {
        material  Material 	{
            diffuseColor 0.7529411764705882 0.7529411764705882 0.7529411764705882
            specularColor 0.3764705882352941 0.3764705882352941 0.3764705882352941
            ambientIntensity 0.7529
            transparency 0.0
            shininess 0.5
        }
    }
    geometry IndexedFaceSet {
        ccw TRUE
        solid FALSE
        coord DEF co Coordinate {
            point [
                -1.9173 -1.1811 -0.9449, -2.0157 -1.1811 -0.9449, -2.0157 -1.1744 -0.9958, -1.9173 -1.1744 -0.9958, -2.0157 -1.1547 -1.0433, -1.9173 -1.1547 -1.0433, -2.0157 -1.1234 -1.0841, -1.9173 -1.1234 -1.0841, -2.0157 -1.0827 -1.1154, -1.9173 -1.0827 -1.1154, -2.0157 -1.0352 -1.135, -1.9173 -1.0352 -1.135, -2.0157 -0.9842 -1.1417, -1.9173 -0.9842 -1.1417, -2.0157 -0.9333 -1.135, -1.9173 -0.9333 -1.135, -2.0157 -0.8858 -1.1154, -1.9173 -0.8858 -1.1154, -2.0157 -0.8451 -1.0841, -1.9173 -0.8451 -1.0841, -2.0157 -0.8138 -1.0433, -1.9173 -0.8138 -1.0433, -2.0157 -0.7941 -0.9958, -1.9173 -0.7941 -0.9958, -2.0157 -0.7874 -0.9449, -1.9173 -0.7874 -0.9449, -1.9173 -0.7874 0.1194, -2.0157 -0.7874 0.1194, -2.0157 -1.1811 0.1194, -1.9173 -1.1811 0.1194
            ]
        }
        coordIndex [
            0,1,2,-1,0,2,3,-1,3,2,4,-1,3,4,5,-1,5,4,6,-1,5,6,7,-1,7,6,8,-1,7,8,9,-1,9,8,10,-1,9,10,11,-1,11,10,12,-1,11,12,13,-1,13,12,14,-1,13,14,15,-1,15,14,16,-1,15,16,17,-1,17,16,18,-1,17,18,19,-1,19,18,20,-1,19,20,21,-1,21,20,22,-1,21,22,23,-1,23,22,24,-1,23,24,25,-1,25,24,26,-1,26,24,27,-1,28,1,29,-1,29,1,0,-1,25,26,29,-1,19,21,3,-1,5,7,15,-1,7,9,15,-1,15,9,11,-1,15,11,13,-1,29,0,25,-1,25,0,3,-1,25,3,23,-1,23,3,21,-1,5,15,3,-1,3,15,17,-1,3,17,19,-1,28,27,1,-1,1,27,24,-1,1,24,2,-1,12,10,14,-1,14,10,8,-1,14,8,6,-1,24,22,2,-1,2,22,20,-1,2,20,18,-1,18,16,2,-1,2,16,14,-1,2,14,4,-1,4,14,6,-1,
        ]
    }
}
Shape{
    appearance Appearance {
        material  Material 	{
            diffuseColor 0.25098039215686274 0.25098039215686274 0.25098039215686274
            specularColor 0.12549019607843137 0.12549019607843137 0.12549019607843137
            ambientIntensity 0.251
            transparency 0.0
            shininess 0.5
        }
    }
    geometry IndexedFaceSet {
        ccw TRUE
        solid FALSE
        coord DEF co Coordinate {
            point [
                0.3563 2.2974 0.1194, -1.3051 2.3622 0.1194, 1.3091 2.3622 0.1194, -0.3227 1.1319 0.1194, -0.2776 1.1319 0.1194, -0.1988 1.0156 0.1194, 0.3918 1.0824 0.1194, 0.4114 1.0335 0.1194, 0.1949 1.0156 0.1194, -0.3412 1.1297 0.1194, 1.0413 1.0335 0.1194, 1.0719 1.0375 0.1194, 1.3091 0.878 0.1194, -1.1594 1.121 0.1194, -1.1476 1.0925 0.1194, -1.3051 0.878 0.1194, -1.1288 1.0681 0.1194, -1.1043 1.0493 0.1194, 0.3563 2.0846 0.1194, -0.3524 2.0846 0.1194, -0.3524 2.2974 0.1194, -1.1634 2.2974 0.1194, -1.1634 1.1516 0.1194, -1.0758 1.0375 0.1194, -1.0453 1.0335 0.1194, -0.4154 1.0335 0.1194, -0.3958 1.0824 0.1194, -0.3868 1.0988 0.1194, 0.3829 1.0988 0.1194, 1.1004 1.0493 0.1194, 1.1249 1.0681 0.1194, 1.1436 1.0925 0.1194, -0.2292 1.1153 0.1194, -0.2155 1.1016 0.1194, -0.2458 1.1252 0.1194, -0.2644 1.1308 0.1194, -0.2055 1.0849 0.1194, -0.1999 1.0663 0.1194, -0.1988 1.0532 0.1194, -0.3742 1.1127 0.1194, -0.3588 1.1231 0.1194, 0.2016 1.0849 0.1194, 0.2115 1.1016 0.1194, 0.2252 1.1153 0.1194, 0.3373 1.1297 0.1194, 0.3548 1.1231 0.1194, 0.3703 1.1127 0.1194, 1.1554 1.121 0.1194, 1.1594 1.1516 0.1194, 1.1594 2.2974 0.1194, 0.2419 1.1252 0.1194, 0.2604 1.1308 0.1194, 0.196 1.0663 0.1194, 0.2736 1.1319 0.1194, 0.1949 1.0532 0.1194, 0.3187 1.1319 0.1194, 1.002 1.9516 1.7992, 1.065 1.311 1.7992, 1.065 2.248 1.7992, -1.3051 2.3622 1.7992, -1.3051 2.248 1.7992, -1.0059 2.3481 1.7992, -1.061 2.248 1.7992, -1.0059 2.2452 1.7992, -0.2213 2.3622 1.7992, -0.3262 2.3481 1.7992, -0.3249 2.2966 1.7992, 0.2252 2.3622 1.7992, 0.3205 2.2855 1.7992, 0.321 2.2966 1.7992, -1.061 1.311 1.7992, -1.0059 1.9516 1.7992, -1.0059 2.0653 1.7992, -0.3245 2.2855 1.7992, -0.3229 2.2479 1.7992, -0.2213 2.0984 1.7992, -0.3228 2.2452 1.7992, 1.002 2.0653 1.7992, 1.002 2.2452 1.7992, 0.3189 2.2452 1.7992, 1.002 2.3481 1.7992, 0.3222 2.3481 1.7992, 1.3091 2.3622 1.7992, 1.3091 2.248 1.7992, 0.2252 2.0984 1.7992, 0.3193 2.255 1.7992
            ]
        }
        coordIndex [
            0,1,2,-1,3,4,5,-1,6,7,8,-1,3,5,9,-1,10,11,12,-1,13,14,15,-1,15,14,16,-1,15,16,17,-1,18,19,0,-1,0,19,20,-1,0,20,1,-1,1,20,21,-1,1,21,15,-1,15,21,22,-1,15,22,13,-1,17,23,15,-1,15,23,24,-1,15,24,25,-1,25,26,5,-1,5,26,27,-1,6,8,28,-1,25,5,15,-1,15,5,8,-1,15,8,12,-1,12,8,7,-1,12,7,10,-1,11,29,12,-1,12,29,30,-1,12,30,31,-1,32,33,34,-1,34,33,35,-1,33,36,35,-1,35,36,37,-1,35,37,4,-1,4,37,38,-1,4,38,5,-1,27,39,5,-1,5,39,40,-1,5,40,9,-1,41,42,43,-1,44,45,8,-1,8,45,46,-1,8,46,28,-1,31,47,12,-1,12,47,48,-1,12,48,2,-1,2,48,49,-1,2,49,0,-1,43,50,41,-1,41,50,51,-1,41,51,52,-1,52,51,53,-1,52,53,54,-1,54,53,8,-1,8,53,55,-1,8,55,44,-1,56,57,58,-1,59,60,61,-1,61,60,62,-1,61,62,63,-1,59,61,64,-1,64,61,65,-1,64,65,66,-1,67,68,69,-1,57,56,70,-1,70,56,71,-1,70,71,72,-1,66,73,64,-1,64,73,74,-1,64,74,75,-1,75,74,76,-1,75,76,63,-1,77,78,79,-1,80,78,58,-1,58,78,77,-1,58,77,56,-1,69,81,67,-1,67,81,80,-1,67,80,82,-1,82,80,58,-1,82,58,83,-1,62,70,63,-1,63,70,72,-1,63,72,75,-1,75,72,77,-1,75,77,84,-1,84,77,79,-1,84,79,67,-1,67,79,85,-1,67,85,68,-1,
        ]
    }
}
Shape{
    appearance Appearance {
        material  Material 	{
            diffuseColor 0.7529411764705882 0.7529411764705882 0.7529411764705882
            specularColor 0.3764705882352941 0.3764705882352941 0.3764705882352941
            ambientIntensity 0.7529
            transparency 0.0
            shininess 0.5
        }
    }
    geometry IndexedFaceSet {
        ccw TRUE
        solid FALSE
        coord DEF co Coordinate {
            point [
                0.3009 2.2662 1.9215, 0.3014 2.2683 1.9197, 0.3016 2.2402 1.8796, 0.304 2.2799 1.9102, -0.3122 2.2269 1.8265, -0.313 2.2292 1.8239, -0.3132 2.2329 1.8244, -0.3038 2.2358 1.8826, -0.3065 2.2137 1.838, -0.3064 2.2729 1.9162, -0.3067 2.2143 1.8376, -0.3078 2.2778 1.9129, -0.3089 2.2192 1.8332, -0.3087 2.2829 1.908, -0.311 2.2241 1.8289, -0.3102 2.2906 1.9006, -0.2974 2.1994 1.8468, -0.2993 2.2024 1.8449, -0.2996 2.2258 1.8885, -0.301 2.2051 1.8433, -0.3035 2.209 1.8409, -0.2942 2.1957 1.8483, -0.2945 2.2156 1.8935, -0.289 2.1973 1.8741, -0.2827 2.1892 1.8767, -0.285 2.1848 1.8526, -0.2887 2.1892 1.8509, -0.2622 2.1652 1.8566, -0.2663 2.1688 1.8559, -0.2665 2.1717 1.8803, -0.2746 2.1759 1.8544, -0.2751 2.1804 1.8788, -0.2825 2.1827 1.8531, -0.2832 2.1833 1.8529, -0.2536 2.1604 1.8563, -0.2541 2.1605 1.8813, -0.2533 2.1602 1.8563, -0.2403 2.1499 1.8813, -0.2395 2.1524 1.8559, -0.2236 2.1434 1.8554, -0.2242 2.1357 1.905, -0.2118 2.1368 1.8551, -0.2059 2.1231 1.9027, -0.1509 2.095 1.8933, -0.1796 2.1264 1.8516, -0.1803 2.1084 1.8986, -0.2058 2.1344 1.8546, -0.2095 2.1355 1.855, -0.122 2.0848 1.8882, -0.1413 2.1146 1.8472, -0.1502 2.1174 1.8483, -0.0909 2.1049 1.8429, -0.1179 2.1075 1.8446, -0.1219 2.1087 1.845, -0.0909 2.0509 1.9252, -0.0912 2.0766 1.8834, -0.0816 2.0476 1.9233, -0.0609 2.0439 1.9207, -0.0607 2.102 1.841, -0.0336 2.039 1.9173, -0.0299 2.099 1.8391, -0.0301 2.0389 1.9172, -0.0034 2.0965 1.8374, 0.0129 2.0378 1.9164, 0.0233 2.0987 1.8389, 0.0849 2.0761 1.8831, 0.0545 2.043 1.9202, 0.0619 2.0439 1.9208, 0.0233 2.0391 1.9174, 0.0543 2.1013 1.8407, 0.1347 2.1148 1.847, 0.1185 2.11 1.8452, 0.1189 2.085 1.8884, 0.1031 2.1055 1.8434, 0.0847 2.1039 1.8424, 0.1506 2.0965 1.894, 0.1497 2.1192 1.8487, 0.1766 2.1086 1.8986, 0.1759 2.1269 1.8516, 0.2461 2.1572 1.8814, 0.2318 2.1499 1.856, 0.2325 2.1471 1.8811, 0.2166 2.1415 1.8555, 0.217 2.1334 1.9046, 0.2081 2.1368 1.8552, 0.1997 2.1217 1.9024, 0.2063 2.1358 1.8551, 0.1995 2.1338 1.8543, 0.2585 2.1679 1.8808, 0.2505 2.1602 1.8567, 0.2457 2.1576 1.8565, 0.2753 2.1851 1.8778, 0.2668 2.1728 1.855, 0.2674 2.1764 1.8796, 0.2582 2.1657 1.8562, 0.254 2.1622 1.8569, 0.2819 2.1861 1.852, 0.2796 2.1834 1.853, 0.2822 2.1935 1.8754, 0.2795 2.1833 1.8531, 0.275 2.1796 1.8538, 0.2971 2.2051 1.8433, 0.2942 2.2003 1.8463, 0.2934 2.2212 1.8909, 0.2878 2.1929 1.8493, 0.2882 2.2113 1.8953, 0.2979 2.2308 1.8856, 0.2975 2.2057 1.8429, 0.3069 2.224 1.8288, 0.3044 2.2178 1.8345, 0.3035 2.2156 1.8366, 0.3013 2.2119 1.8389, 0.3092 2.2315 1.8243, 0.3091 2.2292 1.8239, 0.3066 2.291 1.901, 0.3072 2.2937 1.8989, 0.3087 2.3036 1.8871, 0.3114 2.2662 1.8302, 0.3108 2.3175 1.8705, 0.3111 2.3208 1.8644, 0.3116 2.2747 1.8308, 0.3113 2.3224 1.8615, 0.3117 2.2855 1.8315, 0.3126 2.3369 1.835, 0.2973 2.2557 1.9272, 0.2963 2.2528 1.9288, 0.2585 2.1704 1.9055, 0.2669 2.1893 1.952, 0.2674 2.1807 1.9041, 0.2734 2.1995 1.9505, 0.2753 2.1911 1.9019, 0.2751 2.203 1.9494, 0.2822 2.2012 1.899, 0.2781 2.2094 1.9473, 0.288 2.23 1.9406, 0.2894 2.2329 1.9397, 0.2461 2.1576 1.9063, 0.2521 2.1663 1.9552, 0.258 2.1755 1.9539, 0.2243 2.1332 1.9542, 0.232 2.1424 1.9545, 0.2325 2.1454 1.906, 0.2457 2.1586 1.955, 0.2493 2.1629 1.9551, 0.2167 2.1264 1.9529, 0.205 2.1158 1.9509, 0.1994 2.1108 1.9499, 0.1913 2.1035 1.9485, 0.1763 2.0935 1.9451, 0.1549 2.0792 1.9401, 0.1504 2.0771 1.9391, 0.1374 2.071 1.936, 0.0846 2.0504 1.9249, 0.1069 2.0568 1.929, 0.1186 2.0622 1.9317, -0.1505 2.0757 1.9381, -0.1418 2.071 1.9361, -0.1293 2.0643 1.9331, -0.1218 2.0617 1.9316, -0.1736 2.0881 1.9436, -0.1801 2.0931 1.945, -0.2057 2.1126 1.9505, -0.2403 2.1487 1.9062, -0.2237 2.1297 1.9532, -0.211 2.1167 1.9516, -0.2098 2.1157 1.9514, -0.2541 2.1616 1.9062, -0.2424 2.1488 1.9554, -0.2402 2.1466 1.9551, -0.282 2.2095 1.9472, -0.2744 2.1956 1.9505, -0.2751 2.1855 1.9032, -0.267 2.1823 1.9537, -0.2665 2.175 1.905, -0.2535 2.1639 1.9546, -0.2527 2.1629 1.9547, -0.2821 2.2097 1.9472, -0.2827 2.196 1.9006, -0.2874 2.2194 1.9449, -0.289 2.2058 1.8975, -0.294 2.2355 1.9377, -0.3033 2.2622 1.9233, -0.3007 2.2531 1.9293, -0.2999 2.2502 1.9313, -0.3156 2.2753 1.8311, -0.3154 2.3234 1.8604, -0.315 2.3207 1.8643, -0.3145 2.2559 1.8281, -0.313 2.3049 1.8868, -0.3131 2.3051 1.8867, -0.3157 2.2763 1.8313, -0.3158 2.2855 1.8318, -0.3158 2.3272 1.8549, -0.3165 2.3369 1.835, 1.002 1.9516 1.7992, 1.002 2.0653 1.7992, 1.002 1.985 1.8571, 1.002 2.0703 1.8079, 1.002 1.9981 1.8769, 1.002 2.0775 1.8186, 1.002 2.0309 1.911, 1.002 2.0941 1.8355, 1.002 2.0709 1.9364, 1.002 2.1142 1.848, 1.002 2.1157 1.9514, 1.002 2.1368 1.8553, 1.002 2.1629 1.9554, 1.002 2.1604 1.857, 1.002 2.2096 1.9479, 1.002 2.1837 1.853, 1.002 2.2533 1.9295, 1.002 2.2054 1.8435, 1.002 2.2912 1.9013, 1.002 2.2243 1.8291, 1.002 2.3213 1.8647, 1.002 2.2391 1.8106, 1.002 2.3419 1.8221, 1.002 2.2452 1.7992, 1.002 2.3481 1.7992
            ]
        }
        coordIndex [
            0,1,2,-1,2,1,3,-1,4,5,6,-1,7,8,9,-1,9,8,10,-1,9,10,11,-1,11,10,12,-1,11,12,13,-1,13,12,14,-1,13,14,15,-1,16,17,18,-1,18,17,19,-1,18,19,7,-1,7,19,20,-1,7,20,8,-1,16,18,21,-1,21,18,22,-1,21,22,23,-1,24,25,23,-1,23,25,26,-1,23,26,21,-1,27,28,29,-1,29,28,30,-1,29,30,31,-1,31,30,32,-1,31,32,24,-1,24,32,33,-1,24,33,25,-1,27,29,34,-1,34,29,35,-1,34,35,36,-1,36,35,37,-1,36,37,38,-1,39,40,41,-1,41,40,42,-1,43,44,45,-1,45,44,46,-1,45,46,42,-1,42,46,47,-1,42,47,41,-1,48,49,43,-1,43,49,50,-1,43,50,44,-1,51,52,48,-1,48,52,53,-1,48,53,49,-1,48,54,55,-1,55,54,56,-1,55,56,57,-1,48,55,51,-1,51,55,57,-1,51,57,58,-1,58,57,59,-1,58,59,60,-1,60,59,61,-1,60,61,62,-1,62,61,63,-1,62,63,64,-1,65,66,67,-1,63,68,64,-1,64,68,66,-1,64,66,69,-1,69,66,65,-1,70,71,72,-1,72,71,73,-1,72,73,65,-1,65,73,74,-1,65,74,69,-1,70,75,76,-1,76,75,77,-1,76,77,78,-1,79,80,81,-1,81,80,82,-1,81,82,83,-1,83,82,84,-1,83,84,85,-1,85,84,86,-1,85,86,87,-1,88,89,79,-1,79,89,90,-1,79,90,80,-1,91,92,93,-1,93,92,94,-1,93,94,88,-1,88,94,95,-1,88,95,89,-1,96,97,98,-1,98,97,99,-1,98,99,91,-1,91,99,100,-1,91,100,92,-1,101,102,103,-1,103,102,104,-1,103,104,105,-1,106,107,101,-1,108,109,3,-1,3,109,110,-1,3,110,2,-1,2,110,111,-1,112,113,108,-1,3,114,108,-1,108,114,115,-1,108,115,112,-1,112,115,116,-1,112,116,117,-1,116,118,117,-1,117,118,119,-1,117,119,120,-1,120,119,121,-1,120,121,122,-1,122,121,123,-1,124,0,106,-1,106,0,2,-1,106,2,107,-1,107,2,111,-1,101,103,106,-1,106,103,125,-1,106,125,124,-1,126,127,128,-1,128,127,129,-1,128,129,130,-1,130,129,131,-1,130,131,132,-1,132,131,133,-1,132,133,105,-1,105,133,134,-1,105,134,103,-1,103,134,135,-1,103,135,125,-1,136,137,126,-1,126,137,138,-1,126,138,127,-1,139,140,141,-1,141,140,142,-1,141,142,136,-1,136,142,143,-1,136,143,137,-1,144,83,145,-1,145,83,85,-1,145,85,146,-1,146,85,147,-1,148,147,77,-1,77,147,85,-1,77,85,78,-1,78,85,87,-1,148,77,149,-1,149,77,75,-1,149,75,150,-1,70,72,75,-1,75,72,151,-1,75,151,150,-1,67,152,65,-1,65,152,153,-1,65,153,72,-1,72,153,154,-1,72,154,151,-1,155,156,43,-1,43,156,157,-1,43,157,48,-1,48,157,158,-1,48,158,54,-1,155,43,159,-1,159,43,45,-1,159,45,160,-1,160,45,42,-1,160,42,161,-1,162,163,40,-1,40,163,164,-1,40,164,42,-1,42,164,165,-1,42,165,161,-1,166,167,162,-1,162,167,168,-1,162,168,163,-1,169,170,171,-1,171,170,172,-1,171,172,173,-1,173,172,174,-1,173,174,166,-1,166,174,175,-1,166,175,167,-1,169,171,176,-1,176,171,177,-1,176,177,178,-1,178,177,179,-1,178,179,180,-1,9,181,7,-1,7,181,182,-1,7,182,18,-1,18,182,183,-1,18,183,22,-1,184,185,186,-1,184,186,187,-1,14,4,15,-1,15,4,6,-1,15,6,188,-1,188,6,187,-1,188,187,189,-1,189,187,186,-1,184,190,185,-1,185,190,191,-1,185,191,192,-1,192,191,193,-1,39,38,40,-1,40,38,37,-1,40,37,162,-1,162,37,35,-1,162,35,166,-1,166,35,29,-1,166,29,173,-1,173,29,31,-1,173,31,171,-1,171,31,24,-1,171,24,177,-1,177,24,23,-1,177,23,179,-1,179,23,22,-1,179,22,180,-1,180,22,183,-1,104,96,105,-1,105,96,98,-1,105,98,132,-1,132,98,91,-1,132,91,130,-1,130,91,93,-1,130,93,128,-1,128,93,88,-1,128,88,126,-1,126,88,79,-1,126,79,136,-1,136,79,81,-1,136,81,141,-1,141,81,83,-1,141,83,139,-1,139,83,144,-1,194,195,196,-1,196,195,197,-1,196,197,198,-1,198,197,199,-1,198,199,200,-1,200,199,201,-1,200,201,202,-1,202,201,203,-1,202,203,204,-1,204,203,205,-1,204,205,206,-1,206,205,207,-1,206,207,208,-1,208,207,209,-1,208,209,210,-1,210,209,211,-1,210,211,212,-1,212,211,213,-1,212,213,214,-1,214,213,215,-1,214,215,216,-1,216,215,217,-1,216,217,218,-1,
        ]
    }
}
Shape{
    appearance Appearance {
        material  Material 	{
            diffuseColor 0.25098039215686274 0.25098039215686274 0.25098039215686274
            specularColor 0.12549019607843137 0.12549019607843137 0.12549019607843137
            ambientIntensity 0.251
            transparency 0.0
            shininess 0.5
        }
    }
    geometry IndexedFaceSet {
        ccw TRUE
        solid FALSE
        coord DEF co Coordinate {
            point [
                -1.0059 2.0703 1.8079, 1.002 2.0703 1.8079, -1.0059 2.0653 1.7992, 1.002 2.0653 1.7992
            ]
        }
        coordIndex [
            0,1,2,-1,2,1,3,-1,
        ]
    }
}
Shape{
    appearance Appearance {
        material  Material 	{
            diffuseColor 0.7529411764705882 0.7529411764705882 0.7529411764705882
            specularColor 0.3764705882352941 0.3764705882352941 0.3764705882352941
            ambientIntensity 0.7529
            transparency 0.0
            shininess 0.5
        }
    }
    geometry IndexedFaceSet {
        ccw TRUE
        solid FALSE
        coord DEF co Coordinate {
            point [
                0.3132 2.2386 1.8114, 0.3115 2.2348 1.8164, 0.3129 2.2855 1.8229, 0.3116 2.2747 1.8308, 0.3117 2.2855 1.8315, 0.321 2.2966 1.7992, 0.3205 2.2855 1.7992, 0.3182 2.2856 1.8044, 0.3222 2.3481 1.7992, 0.3186 2.3459 1.8081, 0.315 2.2856 1.8136, 0.3154 2.3438 1.816, 0.3145 2.3417 1.822, 0.3139 2.3401 1.8263, 0.3126 2.3369 1.835, 0.3091 2.2292 1.8239, 0.3092 2.2315 1.8243, 0.3114 2.2662 1.8302, 0.3136 2.239 1.8106, 0.3147 2.2554 1.8106, 0.3146 2.2402 1.8084, 0.3183 2.2551 1.8016, 0.3184 2.2446 1.8002, 0.3193 2.255 1.7992, 0.3189 2.2452 1.7992, -0.3228 2.2452 1.7992, -0.3229 2.2479 1.7992, -0.3189 2.2412 1.8071, -0.3198 2.2553 1.8073, -0.3177 2.2388 1.8104, -0.3175 2.2555 1.8145, -0.3172 2.2378 1.8118, -0.3158 2.2557 1.8218, -0.3151 2.2334 1.8181, -0.3157 2.2763 1.8313, -0.3156 2.2753 1.8311, -0.3179 2.2856 1.8175, -0.313 2.2292 1.8239, -0.3132 2.2329 1.8244, -0.3145 2.2559 1.8281, -0.3186 2.342 1.821, -0.3185 2.3416 1.822, -0.3158 2.2855 1.8318, -0.3165 2.3369 1.835, -0.3194 2.3438 1.8159, -0.3228 2.2856 1.8031, -0.3231 2.3462 1.8067, -0.3262 2.3481 1.7992, -0.3249 2.2966 1.7992, -0.3245 2.2855 1.7992, -0.3229 2.255 1.8002
            ]
        }
        coordIndex [
            0,1,2,-1,3,4,2,-1,5,6,7,-1,5,7,8,-1,8,7,9,-1,9,7,10,-1,9,10,11,-1,11,10,12,-1,12,10,2,-1,12,2,13,-1,13,2,4,-1,13,4,14,-1,1,15,16,-1,1,16,2,-1,2,16,17,-1,2,17,3,-1,18,19,20,-1,20,19,21,-1,20,21,22,-1,22,21,23,-1,22,23,24,-1,6,23,7,-1,7,23,21,-1,7,21,10,-1,10,21,19,-1,10,19,2,-1,2,19,18,-1,2,18,0,-1,25,26,27,-1,27,26,28,-1,27,28,29,-1,29,28,30,-1,29,30,31,-1,31,30,32,-1,31,32,33,-1,34,35,36,-1,37,33,38,-1,38,33,32,-1,38,32,39,-1,39,32,35,-1,36,40,41,-1,34,36,42,-1,42,36,41,-1,42,41,43,-1,40,36,44,-1,44,36,45,-1,44,45,46,-1,47,46,48,-1,48,46,45,-1,48,45,49,-1,49,45,50,-1,35,32,36,-1,36,32,30,-1,36,30,45,-1,45,30,28,-1,45,28,50,-1,50,28,26,-1,50,26,49,-1,
        ]
    }
}
Shape{
    appearance Appearance {
        material  Material 	{
            diffuseColor 0.25098039215686274 0.25098039215686274 0.25098039215686274
            specularColor 0.12549019607843137 0.12549019607843137 0.12549019607843137
            ambientIntensity 0.251
            transparency 0.0
            shininess 0.5
        }
    }
    geometry IndexedFaceSet {
        ccw TRUE
        solid FALSE
        coord DEF co Coordinate {
            point [
                -0.2236 2.1434 1.8554, -0.2118 2.1368 1.8551, -1.0059 2.1368 1.8553, 0.3184 2.2446 1.8002, 0.3189 2.2452 1.7992, 1.002 2.2452 1.7992, 1.002 2.2243 1.8291, 0.3069 2.224 1.8288, 0.3091 2.2292 1.8239, 0.3115 2.2348 1.8164, 0.3132 2.2386 1.8114, 1.002 2.2391 1.8106, 0.3136 2.239 1.8106, 0.3146 2.2402 1.8084, 1.002 2.2054 1.8435, 0.2971 2.2051 1.8433, 0.2975 2.2057 1.8429, 0.3013 2.2119 1.8389, 0.3035 2.2156 1.8366, 0.3044 2.2178 1.8345, 0.2942 2.2003 1.8463, 1.002 2.1837 1.853, 0.2878 2.1929 1.8493, 0.2795 2.1833 1.8531, 0.2796 2.1834 1.853, 0.2819 2.1861 1.852, 0.2582 2.1657 1.8562, 0.2668 2.1728 1.855, 0.275 2.1796 1.8538, 0.2166 2.1415 1.8555, 0.2318 2.1499 1.856, 1.002 2.1368 1.8553, 0.2457 2.1576 1.8565, 1.002 2.1604 1.857, 0.2505 2.1602 1.8567, 0.254 2.1622 1.8569, 0.1759 2.1269 1.8516, 0.1995 2.1338 1.8543, 1.002 2.1142 1.848, 0.2063 2.1358 1.8551, 0.2081 2.1368 1.8552, -0.1179 2.1075 1.8446, -0.0909 2.1049 1.8429, -1.0059 2.0941 1.8355, -0.0607 2.102 1.841, -0.0299 2.099 1.8391, -0.0034 2.0965 1.8374, 0.0233 2.0987 1.8389, 1.002 2.0941 1.8355, 0.0543 2.1013 1.8407, 0.0847 2.1039 1.8424, 0.1031 2.1055 1.8434, 0.1185 2.11 1.8452, 0.1347 2.1148 1.847, 0.1497 2.1192 1.8487, -0.2058 2.1344 1.8546, -0.1796 2.1264 1.8516, -1.0059 2.1142 1.848, -0.2095 2.1355 1.855, -0.1502 2.1174 1.8483, -0.1413 2.1146 1.8472, -0.1219 2.1087 1.845, -0.2663 2.1688 1.8559, -0.2622 2.1652 1.8566, -1.0059 2.1604 1.857, -0.2746 2.1759 1.8544, -1.0059 2.1837 1.853, -0.2832 2.1833 1.8529, -0.2825 2.1827 1.8531, -0.2536 2.1604 1.8563, -0.2533 2.1602 1.8563, -0.2395 2.1524 1.8559, -1.0059 2.2054 1.8435, -0.2993 2.2024 1.8449, -0.2974 2.1994 1.8468, -0.2942 2.1957 1.8483, -0.2887 2.1892 1.8509, -0.285 2.1848 1.8526, -0.3067 2.2143 1.8376, -0.3065 2.2137 1.838, -0.3035 2.209 1.8409, -0.301 2.2051 1.8433, -0.313 2.2292 1.8239, -0.3122 2.2269 1.8265, -1.0059 2.2243 1.8291, -0.311 2.2241 1.8289, -0.3089 2.2192 1.8332, -1.0059 2.2391 1.8106, -0.3177 2.2388 1.8104, -0.3172 2.2378 1.8118, -0.3151 2.2334 1.8181, -0.3189 2.2412 1.8071, -1.0059 2.2452 1.7992, -0.3228 2.2452 1.7992, 1.002 2.0703 1.8079, -1.0059 2.0703 1.8079, 1.002 2.0775 1.8186, -1.0059 2.0775 1.8186
            ]
        }
        coordIndex [
            0,1,2,-1,3,4,5,-1,6,7,8,-1,8,9,6,-1,6,9,10,-1,6,10,11,-1,11,10,12,-1,11,12,5,-1,5,12,13,-1,5,13,3,-1,14,15,16,-1,16,17,14,-1,14,17,18,-1,14,18,6,-1,6,18,19,-1,6,19,7,-1,15,14,20,-1,20,14,21,-1,20,21,22,-1,23,24,21,-1,21,24,25,-1,21,25,22,-1,26,27,21,-1,21,27,28,-1,21,28,23,-1,29,30,31,-1,31,30,32,-1,31,32,33,-1,33,32,34,-1,33,34,21,-1,21,34,35,-1,21,35,26,-1,36,37,38,-1,38,37,39,-1,38,39,31,-1,31,39,40,-1,31,40,29,-1,41,42,43,-1,43,42,44,-1,43,44,45,-1,46,47,48,-1,47,49,48,-1,48,49,50,-1,48,50,51,-1,51,52,48,-1,48,52,53,-1,48,53,38,-1,38,53,54,-1,38,54,36,-1,55,56,57,-1,2,1,57,-1,57,1,58,-1,57,58,55,-1,56,59,57,-1,57,59,60,-1,57,60,43,-1,43,60,61,-1,43,61,41,-1,62,63,64,-1,62,64,65,-1,66,67,64,-1,64,67,68,-1,64,68,65,-1,63,69,64,-1,64,69,70,-1,64,70,2,-1,2,70,71,-1,2,71,0,-1,72,73,66,-1,66,73,74,-1,66,74,75,-1,75,76,66,-1,66,76,77,-1,66,77,67,-1,78,79,72,-1,79,80,72,-1,72,80,81,-1,72,81,73,-1,82,83,84,-1,84,83,85,-1,84,85,72,-1,72,85,86,-1,72,86,78,-1,87,88,89,-1,87,89,84,-1,84,89,90,-1,84,90,82,-1,88,87,91,-1,91,87,92,-1,91,92,93,-1,94,95,96,-1,96,95,97,-1,96,97,48,-1,48,97,43,-1,48,43,46,-1,46,43,45,-1,
        ]
    }
}
Shape{
    appearance Appearance {
        material  Material 	{
            diffuseColor 0.7529411764705882 0.7529411764705882 0.7529411764705882
            specularColor 0.3764705882352941 0.3764705882352941 0.3764705882352941
            ambientIntensity 0.7529
            transparency 0.0
            shininess 0.5
        }
    }
    geometry IndexedFaceSet {
        ccw TRUE
        solid FALSE
        coord DEF co Coordinate {
            point [
                -0.3186 2.342 1.821, -0.3194 2.3438 1.8159, -0.3231 2.3462 1.8067, -0.3262 2.3481 1.7992, -1.0059 2.3481 1.7992, -1.0059 2.3419 1.8221, -1.0059 2.3213 1.8647, -0.315 2.3207 1.8643, -0.3154 2.3234 1.8604, -0.3158 2.3272 1.8549, -0.3165 2.3369 1.835, -0.3185 2.3416 1.822, -0.3131 2.3051 1.8867, -1.0059 2.2912 1.9013, -0.313 2.3049 1.8868, -1.0059 2.2533 1.9295, -0.3033 2.2622 1.9233, -0.3064 2.2729 1.9162, -0.3078 2.2778 1.9129, -0.3087 2.2829 1.908, -0.3102 2.2906 1.9006, -0.2821 2.2097 1.9472, -0.2874 2.2194 1.9449, -1.0059 2.2096 1.9479, -0.294 2.2355 1.9377, -0.2999 2.2502 1.9313, -0.3007 2.2531 1.9293, -1.0059 2.1629 1.9554, -0.2527 2.1629 1.9547, -0.2535 2.1639 1.9546, -0.267 2.1823 1.9537, -0.2744 2.1956 1.9505, -0.282 2.2095 1.9472, -0.2237 2.1297 1.9532, -0.2402 2.1466 1.9551, -0.2424 2.1488 1.9554, -0.1505 2.0757 1.9381, -0.1736 2.0881 1.9436, -1.0059 2.0709 1.9364, -0.1801 2.0931 1.945, -0.2057 2.1126 1.9505, -1.0059 2.1157 1.9514, -0.2098 2.1157 1.9514, -0.211 2.1167 1.9516, 0.0619 2.0439 1.9208, 1.002 2.0309 1.911, 0.0846 2.0504 1.9249, 0.1069 2.0568 1.929, 0.0545 2.043 1.9202, 0.0233 2.0391 1.9174, 0.0129 2.0378 1.9164, -0.0301 2.0389 1.9172, -0.0336 2.039 1.9173, -1.0059 2.0309 1.911, -0.0609 2.0439 1.9207, -0.0816 2.0476 1.9233, -0.0909 2.0509 1.9252, -0.1218 2.0617 1.9316, -0.1293 2.0643 1.9331, -0.1418 2.071 1.9361, 0.1549 2.0792 1.9401, 1.002 2.0709 1.9364, 0.1763 2.0935 1.9451, 0.1913 2.1035 1.9485, 0.1504 2.0771 1.9391, 0.1374 2.071 1.936, 0.1186 2.0622 1.9317, 0.232 2.1424 1.9545, 0.2243 2.1332 1.9542, 1.002 2.1157 1.9514, 1.002 2.1629 1.9554, 0.2493 2.1629 1.9551, 0.2457 2.1586 1.955, 0.2167 2.1264 1.9529, 0.205 2.1158 1.9509, 0.1994 2.1108 1.9499, 0.288 2.23 1.9406, 0.2781 2.2094 1.9473, 1.002 2.2096 1.9479, 0.2751 2.203 1.9494, 0.2734 2.1995 1.9505, 0.2669 2.1893 1.952, 0.258 2.1755 1.9539, 0.2521 2.1663 1.9552, 1.002 2.2912 1.9013, 0.304 2.2799 1.9102, 1.002 2.2533 1.9295, 0.3014 2.2683 1.9197, 0.3009 2.2662 1.9215, 0.2973 2.2557 1.9272, 0.2963 2.2528 1.9288, 0.2894 2.2329 1.9397, 0.3087 2.3036 1.8871, 0.3072 2.2937 1.8989, 0.3066 2.291 1.901, 0.3126 2.3369 1.835, 0.3113 2.3224 1.8615, 1.002 2.3213 1.8647, 0.3111 2.3208 1.8644, 0.3108 2.3175 1.8705, 1.002 2.3481 1.7992, 0.3222 2.3481 1.7992, 1.002 2.3419 1.8221, 0.3186 2.3459 1.8081, 0.3154 2.3438 1.816, 0.3145 2.3417 1.822, 0.3139 2.3401 1.8263, -1.0059 1.985 1.8571, 1.002 1.985 1.8571, 1.002 1.9981 1.8769, -1.0059 1.9981 1.8769, 1.002 1.9516 1.7992, -1.0059 1.9516 1.7992, -1.0059 2.2452 1.7992, -1.0059 2.2391 1.8106, -1.0059 2.0653 1.7992, -1.0059 2.0703 1.8079, -1.0059 2.0775 1.8186, -1.0059 2.0941 1.8355, -1.0059 2.1142 1.848, -1.0059 2.1368 1.8553, -1.0059 2.1604 1.857, -1.0059 2.1837 1.853, -1.0059 2.2054 1.8435, -1.0059 2.2243 1.8291, 0.3829 1.0988 0.0591, 0.3703 1.1127 0.0591, 0.3563 2.0846 0.0591, -0.3524 2.0846 0.0591, -0.3412 1.1297 0.0591, -0.3588 1.1231 0.0591, -0.3742 1.1127 0.0591, -1.1634 1.1516 0.0591, -0.3524 2.1555 0.0591, -1.1634 2.1555 0.0591, 0.3918 1.0824 0.0591, 1.1594 1.1516 0.0591, 1.1594 2.1555 0.0591, 0.3563 2.1555 0.0591, -0.3868 1.0988 0.0591, -0.3958 1.0824 0.0591, -0.4154 1.0335 0.0591, 0.3548 1.1231 0.0591, 0.3373 1.1297 0.0591, 0.3187 1.1319 0.0591, -1.0453 1.0335 0.0591, -1.0758 1.0375 0.0591, -1.1043 1.0493 0.0591, 0.4114 1.0335 0.0591, 1.0413 1.0335 0.0591, 1.0719 1.0375 0.0591, 1.1554 1.121 0.0591, 1.1436 1.0925 0.0591, 1.1249 1.0681 0.0591, 1.1004 1.0493 0.0591, 0.2736 1.1319 0.0591, -0.2776 1.1319 0.0591, -0.3227 1.1319 0.0591, -1.1288 1.0681 0.0591, -1.1476 1.0925 0.0591, -1.1594 1.121 0.0591, -0.1988 1.0335 -0.9252, -0.1986 1.0335 -0.935, -0.1988 0.935 -0.9252, -0.1986 0.935 -0.935, -0.2292 1.1153 0.0577, -0.2294 1.1154 0.0577, 0.2162 1.1071 0.0559, -0.2 1.0663 0.0339, -0.2013 1.0716 0.038, 0.1962 1.0674 0.035, 0.1949 1.0335 -0.0394, -0.1988 1.0335 -0.0394, 0.1949 1.0349 -0.0229, -0.1988 1.0349 -0.0229, 0.1949 1.0418 0.0003, -0.1988 1.0418 0.0003, 0.1949 1.0532 0.0197, 0.195 1.0544 0.021, -0.1988 1.0532 0.0197, -0.1989 1.0544 0.021, 0.1961 1.0663 0.0339, -0.1998 1.0655 0.0333, -0.2032 1.079 0.0437, 0.2001 1.0814 0.0451, 0.1974 1.0716 0.038, 0.2056 1.0923 0.0505, 0.2018 1.0848 0.0468, -0.2092 1.0922 0.0507, -0.2058 1.0848 0.0467, 0.2255 1.1149 0.0575, -0.2157 1.1014 0.054, -0.218 1.1047 0.0552, 0.2069 1.095 0.0519, 0.2118 1.1013 0.054, -0.2093 1.0924 0.0508, -0.2292 1.1153 0.0577, 0.2451 1.1266 0.059, -0.2595 1.1298 0.059, 0.2605 1.1306 0.059, 0.2619 1.131 0.0591, -0.2427 1.1238 0.0589, 0.23 1.1187 0.0582, 0.2262 1.1155 0.0576, 0.242 1.1249 0.0588, -0.2459 1.1249 0.0589, -0.2644 1.1304 0.059, 0.1949 1.0335 -0.9252, 0.1946 1.0335 -0.935, -0.1988 1.0335 -0.9449, 0.1949 1.0335 -0.9449, 0.1685 1.0335 -1.0433, 0.1372 1.0335 -1.0841, 0.0965 1.0335 -1.1154, 0.049 1.0335 -1.135, -0.002 1.0335 -1.1417, -0.0529 1.0335 -1.135, 0.1882 1.0335 -0.9958, -0.1921 1.0335 -0.9958, -0.1724 1.0335 -1.0433, -0.1004 1.0335 -1.1154, -0.1412 1.0335 -1.0841, 0.1946 0.935 -0.935, 0.1949 0.935 -0.9252, 0.1949 0.935 -0.0394, -0.1988 0.935 -0.0394, -0.1988 0.935 -0.9449, 0.1685 0.935 -1.0433, 0.1882 0.935 -0.9958, 0.1949 0.935 -0.9449, -0.002 0.935 -1.1417, 0.049 0.935 -1.135, 0.0965 0.935 -1.1154, 0.1372 0.935 -1.0841, -0.1921 0.935 -0.9958, -0.1724 0.935 -1.0433, -0.1412 0.935 -1.0841, -0.1004 0.935 -1.1154, -0.0529 0.935 -1.135, 0.3563 2.2974 0.1194, 1.1594 2.2974 0.1194, 1.1594 2.2672 0.0938, 0.3563 2.2672 0.0938, 1.1594 2.2326 0.0748, 0.3563 2.2326 0.0748, 1.1594 2.1949 0.063, 0.3563 2.1949 0.063, 0.1949 1.0532 0.1194, 0.1949 1.0156 0.1194, 0.1949 0.9818 0.088, 0.1949 0.9563 0.0497, 0.1949 0.9404 0.0064, 0.3918 1.0824 0.1194, 0.4114 1.0335 0.1194, 1.1594 1.1516 0.1194, 1.1554 1.121 0.1194, 1.1436 1.0925 0.1194, 1.1249 1.0681 0.1194, 1.1004 1.0493 0.1194, 1.0719 1.0375 0.1194, 1.0413 1.0335 0.1194, 0.3187 1.1319 0.1194, 0.3373 1.1297 0.1194, 0.3548 1.1231 0.1194, 0.3703 1.1127 0.1194, 0.3829 1.0988 0.1194, 0.2736 1.1319 0.1194, 0.2604 1.1308 0.1194, 0.2419 1.1252 0.1194, 0.2252 1.1153 0.1194, 0.2115 1.1016 0.1194, 0.2016 1.0849 0.1194, 0.196 1.0663 0.1194, -1.1634 2.2974 0.1194, -0.3524 2.2974 0.1194, -0.3524 2.2672 0.0938, -1.1634 2.2672 0.0938, -0.3524 2.2326 0.0748, -1.1634 2.2326 0.0748, -0.3524 2.1949 0.063, -1.1634 2.1949 0.063, -0.1988 0.9404 0.0064, -0.1988 0.9563 0.0497, -0.1988 0.9818 0.088, -0.1988 1.0532 0.1194, -0.1988 1.0156 0.1194, -0.1999 1.0663 0.1194, -0.2055 1.0849 0.1194, -0.2155 1.1016 0.1194, -0.2292 1.1153 0.1194, -0.2458 1.1252 0.1194, -0.2644 1.1308 0.1194, -0.2776 1.1319 0.1194, -0.3227 1.1319 0.1194, -0.3958 1.0824 0.1194, -0.3868 1.0988 0.1194, -0.3742 1.1127 0.1194, -0.3588 1.1231 0.1194, -0.3412 1.1297 0.1194, -0.4154 1.0335 0.1194, -1.0453 1.0335 0.1194, -1.1634 1.1516 0.1194, -1.1594 1.121 0.1194, -1.1476 1.0925 0.1194, -1.1288 1.0681 0.1194, -1.1043 1.0493 0.1194, -1.0758 1.0375 0.1194, -0.3524 2.0846 0.1194, 0.3563 2.0846 0.1194
            ]
        }
        coordIndex [
            0,1,2,-1,3,4,2,-1,2,4,5,-1,2,5,0,-1,6,7,8,-1,8,9,6,-1,6,9,10,-1,6,10,5,-1,5,10,11,-1,5,11,0,-1,7,6,12,-1,12,6,13,-1,12,13,14,-1,15,16,17,-1,17,18,15,-1,15,18,19,-1,15,19,13,-1,13,19,20,-1,13,20,14,-1,21,22,23,-1,22,24,23,-1,23,24,25,-1,23,25,15,-1,15,25,26,-1,15,26,16,-1,27,28,29,-1,29,30,27,-1,27,30,31,-1,27,31,23,-1,23,31,32,-1,23,32,21,-1,33,34,27,-1,27,34,35,-1,27,35,28,-1,36,37,38,-1,37,39,38,-1,38,39,40,-1,38,40,41,-1,41,40,42,-1,41,42,27,-1,27,42,43,-1,27,43,33,-1,44,45,46,-1,46,45,47,-1,44,48,45,-1,45,48,49,-1,45,49,50,-1,51,52,53,-1,52,54,53,-1,53,54,55,-1,53,55,56,-1,56,57,53,-1,53,57,58,-1,53,58,38,-1,38,58,59,-1,38,59,36,-1,60,61,62,-1,62,61,63,-1,60,64,61,-1,61,64,65,-1,61,65,45,-1,45,65,66,-1,45,66,47,-1,67,68,69,-1,70,71,69,-1,69,71,72,-1,69,72,67,-1,68,73,69,-1,69,73,74,-1,69,74,61,-1,61,74,75,-1,61,75,63,-1,76,77,78,-1,78,77,79,-1,78,79,70,-1,70,79,80,-1,70,80,81,-1,81,82,70,-1,70,82,83,-1,70,83,71,-1,84,85,86,-1,86,85,87,-1,86,87,88,-1,88,89,86,-1,86,89,90,-1,86,90,78,-1,78,90,91,-1,78,91,76,-1,92,93,84,-1,84,93,94,-1,84,94,85,-1,95,96,97,-1,97,96,98,-1,97,98,84,-1,84,98,99,-1,84,99,92,-1,100,101,102,-1,102,101,103,-1,103,104,102,-1,102,104,105,-1,102,105,97,-1,97,105,106,-1,97,106,95,-1,107,108,109,-1,107,109,110,-1,110,109,45,-1,110,45,53,-1,53,45,50,-1,53,50,51,-1,111,108,112,-1,112,108,107,-1,4,113,5,-1,5,113,114,-1,115,112,116,-1,116,112,107,-1,116,107,117,-1,117,107,110,-1,117,110,118,-1,118,110,53,-1,118,53,119,-1,119,53,38,-1,119,38,120,-1,120,38,41,-1,120,41,121,-1,121,41,27,-1,121,27,122,-1,122,27,23,-1,122,23,123,-1,123,23,15,-1,123,15,124,-1,124,15,13,-1,124,13,114,-1,114,13,6,-1,114,6,5,-1,125,126,127,-1,128,129,130,-1,130,131,128,-1,128,131,132,-1,128,132,133,-1,133,132,134,-1,135,125,136,-1,136,125,127,-1,136,127,137,-1,137,127,138,-1,131,139,132,-1,132,139,140,-1,132,140,141,-1,126,142,127,-1,127,142,143,-1,127,143,144,-1,141,145,132,-1,132,145,146,-1,132,146,147,-1,148,135,149,-1,149,135,136,-1,149,136,150,-1,150,136,151,-1,151,152,150,-1,150,152,153,-1,150,153,154,-1,144,155,127,-1,127,155,156,-1,127,156,128,-1,128,156,157,-1,128,157,129,-1,158,159,147,-1,147,159,160,-1,147,160,132,-1,161,162,163,-1,163,162,164,-1,165,166,167,-1,168,169,170,-1,171,172,173,-1,173,172,174,-1,173,174,175,-1,175,174,176,-1,175,176,177,-1,177,176,178,-1,176,179,178,-1,178,179,180,-1,178,180,181,-1,181,180,170,-1,170,180,182,-1,170,182,168,-1,183,184,169,-1,169,184,185,-1,169,185,170,-1,186,187,188,-1,188,187,184,-1,188,184,189,-1,189,184,183,-1,167,166,190,-1,191,192,193,-1,193,192,194,-1,186,188,193,-1,193,188,195,-1,193,195,191,-1,194,192,167,-1,167,192,196,-1,167,196,165,-1,197,198,199,-1,199,198,200,-1,201,202,166,-1,166,202,203,-1,166,203,190,-1,197,204,198,-1,198,204,202,-1,198,202,205,-1,205,202,201,-1,200,198,155,-1,155,198,206,-1,155,206,156,-1,172,171,161,-1,161,171,207,-1,161,207,162,-1,162,207,208,-1,162,208,209,-1,209,208,210,-1,211,212,213,-1,213,214,211,-1,211,214,215,-1,211,215,216,-1,210,217,209,-1,209,217,211,-1,209,211,218,-1,218,211,219,-1,216,220,211,-1,211,220,221,-1,211,221,219,-1,208,207,222,-1,222,207,223,-1,224,225,223,-1,223,225,163,-1,223,163,222,-1,222,163,164,-1,222,164,226,-1,227,228,226,-1,226,228,229,-1,226,229,222,-1,230,231,227,-1,227,231,232,-1,227,232,233,-1,226,234,227,-1,227,234,235,-1,227,235,236,-1,236,237,227,-1,227,237,238,-1,227,238,230,-1,239,240,241,-1,239,241,242,-1,242,241,243,-1,242,243,244,-1,244,243,245,-1,244,245,246,-1,246,245,137,-1,246,137,138,-1,247,248,177,-1,177,248,249,-1,177,249,175,-1,175,249,250,-1,175,250,173,-1,173,250,251,-1,173,251,171,-1,171,251,224,-1,171,224,207,-1,207,224,223,-1,252,135,253,-1,253,135,148,-1,136,254,255,-1,136,255,151,-1,151,255,256,-1,151,256,152,-1,152,256,257,-1,152,257,153,-1,153,257,258,-1,153,258,154,-1,154,258,259,-1,154,259,150,-1,150,259,260,-1,150,260,149,-1,253,148,260,-1,260,148,149,-1,261,144,262,-1,262,144,143,-1,262,143,263,-1,263,143,142,-1,263,142,264,-1,264,142,126,-1,264,126,265,-1,265,126,125,-1,265,125,252,-1,252,125,135,-1,266,155,261,-1,261,155,144,-1,155,266,200,-1,200,266,267,-1,268,197,267,-1,267,197,199,-1,267,199,200,-1,190,203,269,-1,269,203,202,-1,269,202,268,-1,268,202,204,-1,268,204,197,-1,190,269,167,-1,167,269,270,-1,167,270,194,-1,194,270,193,-1,193,270,271,-1,193,271,186,-1,272,181,170,-1,170,185,272,-1,272,185,184,-1,272,184,271,-1,271,184,187,-1,271,187,186,-1,181,272,178,-1,178,272,247,-1,178,247,177,-1,273,274,275,-1,273,275,276,-1,276,275,277,-1,276,277,278,-1,278,277,279,-1,278,279,280,-1,280,279,133,-1,280,133,134,-1,161,163,172,-1,172,163,225,-1,172,225,174,-1,174,225,281,-1,174,281,176,-1,176,281,282,-1,176,282,179,-1,179,282,283,-1,179,283,284,-1,284,283,285,-1,180,179,284,-1,183,286,189,-1,189,286,287,-1,189,287,188,-1,183,169,286,-1,286,169,168,-1,286,168,284,-1,284,168,182,-1,284,182,180,-1,288,289,196,-1,196,192,288,-1,288,192,191,-1,288,191,287,-1,287,191,195,-1,287,195,188,-1,205,201,290,-1,290,201,166,-1,290,166,289,-1,289,166,165,-1,289,165,196,-1,205,290,198,-1,198,290,291,-1,198,291,206,-1,206,291,292,-1,206,292,156,-1,293,157,292,-1,292,157,156,-1,294,140,295,-1,295,140,139,-1,295,139,296,-1,296,139,131,-1,296,131,297,-1,297,131,130,-1,297,130,298,-1,298,130,129,-1,298,129,293,-1,293,129,157,-1,141,140,299,-1,299,140,294,-1,300,145,299,-1,299,145,141,-1,301,132,160,-1,301,160,302,-1,302,160,159,-1,302,159,303,-1,303,159,158,-1,303,158,304,-1,304,158,147,-1,304,147,305,-1,305,147,146,-1,305,146,306,-1,306,146,145,-1,306,145,300,-1,273,276,278,-1,132,301,134,-1,134,301,273,-1,134,273,280,-1,280,273,278,-1,128,133,307,-1,307,133,279,-1,279,277,307,-1,307,277,275,-1,307,275,274,-1,127,128,308,-1,308,128,307,-1,248,285,283,-1,248,283,249,-1,249,283,282,-1,249,282,250,-1,250,282,281,-1,250,281,251,-1,251,281,225,-1,251,225,224,-1,254,136,240,-1,240,136,137,-1,137,245,240,-1,240,245,243,-1,240,243,241,-1,244,308,242,-1,242,308,239,-1,244,246,308,-1,308,246,138,-1,308,138,127,-1,
        ]
    }
}
Shape{
    appearance Appearance {
        material  Material 	{
            diffuseColor 0.25098039215686274 0.25098039215686274 0.25098039215686274
            specularColor 0.12549019607843137 0.12549019607843137 0.12549019607843137
            ambientIntensity 0.251
            transparency 0.0
            shininess 0.5
        }
    }
    geometry IndexedFaceSet {
        ccw TRUE
        solid FALSE
        coord DEF co Coordinate {
            point [
                -2.0335 -0.7087 1.7992, -2.0157 -0.6968 1.7992, -2.0157 -0.3583 1.7992, -1.9173 -0.6968 1.7992, -1.8996 -0.7087 1.7992, -1.9173 -0.3583 1.7992, -1.8996 -0.2244 1.7992, -2.0335 -0.2244 1.7992
            ]
        }
        coordIndex [
            0,1,2,-1,1,0,3,-1,3,0,4,-1,3,4,5,-1,5,4,6,-1,5,6,2,-1,2,6,7,-1,2,7,0,-1,
        ]
    }
}
Shape{
    appearance Appearance {
        material  Material 	{
            diffuseColor 0.7529411764705882 0.7529411764705882 0.7529411764705882
            specularColor 0.3764705882352941 0.3764705882352941 0.3764705882352941
            ambientIntensity 0.7529
            transparency 0.0
            shininess 0.5
        }
    }
    geometry IndexedFaceSet {
        ccw TRUE
        solid FALSE
        coord DEF co Coordinate {
            point [
                -1.9173 -0.6968 1.878, -1.9173 -0.606 1.878, -2.0157 -0.6968 1.878, -2.0157 -0.606 1.878, -1.9173 -0.5791 1.8756, -2.0157 -0.5791 1.8756, -1.9173 -0.553 1.8688, -2.0157 -0.553 1.8688, -1.9173 -0.6968 1.7992, -1.9173 -0.3583 1.7992, -2.0157 -0.3583 1.7992
            ]
        }
        coordIndex [
            0,1,2,-1,2,1,3,-1,3,1,4,-1,3,4,5,-1,5,4,6,-1,5,6,7,-1,8,9,6,-1,6,4,8,-1,8,4,1,-1,8,1,0,-1,10,7,9,-1,9,7,6,-1,
        ]
    }
}
Shape{
    appearance Appearance {
        material  Material 	{
            diffuseColor 0.25098039215686274 0.25098039215686274 0.25098039215686274
            specularColor 0.12549019607843137 0.12549019607843137 0.12549019607843137
            ambientIntensity 0.251
            transparency 0.0
            shininess 0.5
        }
    }
    geometry IndexedFaceSet {
        ccw TRUE
        solid FALSE
        coord DEF co Coordinate {
            point [
                -1.9173 -0.6968 1.7992, -1.9173 -0.6968 1.878, -2.0157 -0.6968 1.7992, -2.0157 -0.6968 1.878
            ]
        }
        coordIndex [
            0,1,2,-1,2,1,3,-1,
        ]
    }
}
Shape{
    appearance Appearance {
        material  Material 	{
            diffuseColor 0.7529411764705882 0.7529411764705882 0.7529411764705882
            specularColor 0.3764705882352941 0.3764705882352941 0.3764705882352941
            ambientIntensity 0.7529
            transparency 0.0
            shininess 0.5
        }
    }
    geometry IndexedFaceSet {
        ccw TRUE
        solid FALSE
        coord DEF co Coordinate {
            point [
                -2.0157 -0.6968 1.7992, -2.0157 -0.6968 1.878, -2.0157 -0.606 1.878, -2.0157 -0.5791 1.8756, -2.0157 -0.553 1.8688, -2.0157 -0.3583 1.7992, 1.9213 -0.5949 1.8504, 2.0197 -0.5949 1.8504, 2.0197 -0.5791 1.8488, 1.9213 -0.5791 1.8488, 2.0197 -0.5639 1.844, 1.9213 -0.5639 1.844, 2.0197 -0.6968 1.8504, 1.9213 -0.6968 1.8504
            ]
        }
        coordIndex [
            0,1,2,-1,2,3,0,-1,0,3,4,-1,0,4,5,-1,6,7,8,-1,6,8,9,-1,9,8,10,-1,9,10,11,-1,7,6,12,-1,12,6,13,-1,
        ]
    }
}
Shape{
    appearance Appearance {
        material  Material 	{
            diffuseColor 0.25098039215686274 0.25098039215686274 0.25098039215686274
            specularColor 0.12549019607843137 0.12549019607843137 0.12549019607843137
            ambientIntensity 0.251
            transparency 0.0
            shininess 0.5
        }
    }
    geometry IndexedFaceSet {
        ccw TRUE
        solid FALSE
        coord DEF co Coordinate {
            point [
                2.0197 -0.6968 1.7992, 2.0197 -0.6968 1.8504, 1.9213 -0.6968 1.7992, 1.9213 -0.6968 1.8504
            ]
        }
        coordIndex [
            0,1,2,-1,2,1,3,-1,
        ]
    }
}
Shape{
    appearance Appearance {
        material  Material 	{
            diffuseColor 0.7529411764705882 0.7529411764705882 0.7529411764705882
            specularColor 0.3764705882352941 0.3764705882352941 0.3764705882352941
            ambientIntensity 0.7529
            transparency 0.0
            shininess 0.5
        }
    }
    geometry IndexedFaceSet {
        ccw TRUE
        solid FALSE
        coord DEF co Coordinate {
            point [
                1.9213 -0.4593 1.7992, 1.9213 -0.5639 1.844, 2.0197 -0.4593 1.7992, 2.0197 -0.5639 1.844
            ]
        }
        coordIndex [
            0,1,2,-1,2,1,3,-1,
        ]
    }
}
Shape{
    appearance Appearance {
        material  Material 	{
            diffuseColor 0.25098039215686274 0.25098039215686274 0.25098039215686274
            specularColor 0.12549019607843137 0.12549019607843137 0.12549019607843137
            ambientIntensity 0.251
            transparency 0.0
            shininess 0.5
        }
    }
    geometry IndexedFaceSet {
        ccw TRUE
        solid FALSE
        coord DEF co Coordinate {
            point [
                1.9213 -0.6968 1.7992, 1.9213 -0.6968 1.8504, 1.9213 -0.5949 1.8504, 1.9213 -0.5791 1.8488, 1.9213 -0.5639 1.844, 1.9213 -0.4593 1.7992, 2.0197 -0.6968 1.7992, 2.0197 -0.4593 1.7992, 2.0197 -0.5639 1.844, 2.0197 -0.5791 1.8488, 2.0197 -0.5949 1.8504, 2.0197 -0.6968 1.8504, 1.8852 2.0177 -0.3543, 1.9009 2.0381 -0.3543, 1.9009 1.8989 -0.3543, 1.8852 1.9193 -0.3543, 1.8754 1.943 -0.3543, 1.872 1.9685 -0.3543, 2.0401 2.0381 -0.3543, 1.9213 1.8833 -0.3543, 2.0197 2.0537 -0.3543, 1.9959 2.0636 -0.3543, 1.9705 2.0669 -0.3543, 2.0557 2.0177 -0.3543, 2.0655 1.994 -0.3543, 2.0689 1.9685 -0.3543, 2.0655 1.943 -0.3543, 2.0557 1.9193 -0.3543, 2.0401 1.8989 -0.3543, 2.0197 1.8833 -0.3543, 1.9959 1.8734 -0.3543, 1.945 1.8734 -0.3543, 1.9705 1.8701 -0.3543, 1.8754 1.994 -0.3543, 1.9213 2.0537 -0.3543, 1.945 2.0636 -0.3543, -1.9411 2.0636 -0.3543, -1.9173 2.0537 -0.3543, -1.9411 1.8734 -0.3543, -1.9665 1.8701 -0.3543, -1.992 1.8734 -0.3543, -1.992 2.0636 -0.3543, -2.0157 1.8833 -0.3543, -1.9665 2.0669 -0.3543, -1.8813 2.0177 -0.3543, -1.8715 1.994 -0.3543, -1.8681 1.9685 -0.3543, -1.8813 1.9193 -0.3543, -1.8969 1.8989 -0.3543, -1.9173 1.8833 -0.3543, -1.8969 2.0381 -0.3543, -1.8715 1.943 -0.3543, -2.0361 1.8989 -0.3543, -2.0518 1.9193 -0.3543, -2.0157 2.0537 -0.3543, -2.0361 2.0381 -0.3543, -2.0616 1.943 -0.3543, -2.065 1.9685 -0.3543, -2.0518 2.0177 -0.3543, -2.0616 1.994 -0.3543, -2.0518 1.0335 -0.3543, -2.0361 1.0539 -0.3543, -2.0361 0.9147 -0.3543, -1.8969 0.9147 -0.3543, -1.9665 1.0827 -0.3543, -1.8813 0.935 -0.3543, -1.9411 1.0793 -0.3543, -1.9173 1.0695 -0.3543, -1.9173 0.899 -0.3543, -1.9411 0.8892 -0.3543, -1.9665 0.8858 -0.3543, -1.992 0.8892 -0.3543, -2.0157 0.899 -0.3543, -2.0518 0.935 -0.3543, -2.0616 0.9588 -0.3543, -2.065 0.9843 -0.3543, -1.8813 1.0335 -0.3543, -1.8715 1.0097 -0.3543, -1.8681 0.9843 -0.3543, -2.0157 1.0695 -0.3543, -1.992 1.0793 -0.3543, -1.8969 1.0539 -0.3543, -1.8715 0.9588 -0.3543, -2.0616 1.0097 -0.3543, 1.9959 1.0793 -0.3543, 2.0197 1.0695 -0.3543, 2.0557 0.935 -0.3543, 1.8852 0.935 -0.3543, 1.8754 0.9588 -0.3543, 1.872 0.9843 -0.3543, 1.8852 1.0335 -0.3543, 1.9009 1.0539 -0.3543, 1.9009 0.9147 -0.3543, 1.9213 1.0695 -0.3543, 1.9705 1.0827 -0.3543, 2.0401 0.9147 -0.3543, 2.0197 0.899 -0.3543, 1.9959 0.8892 -0.3543, 1.9705 0.8858 -0.3543, 1.945 0.8892 -0.3543, 1.9213 0.899 -0.3543, 1.945 1.0793 -0.3543, 2.0557 1.0335 -0.3543, 2.0655 1.0097 -0.3543, 2.0689 0.9843 -0.3543, 1.8754 1.0097 -0.3543, 2.0401 1.0539 -0.3543, 2.0655 0.9588 -0.3543, 0.0274 -1.0793 -0.3543, 0.002 -1.0827 -0.3543, 0.0274 -0.8892 -0.3543, -0.0235 -1.0793 -0.3543, -0.0235 -0.8892 -0.3543, 0.002 -0.8858 -0.3543, -0.0472 -1.0695 -0.3543, -0.0676 -1.0538 -0.3543, -0.0472 -0.899 -0.3543, -0.0676 -0.9147 -0.3543, 0.0512 -0.899 -0.3543, 0.0716 -1.0538 -0.3543, 0.0512 -1.0695 -0.3543, 0.1004 -0.9842 -0.3543, 0.097 -1.0097 -0.3543, 0.097 -0.9588 -0.3543, 0.0872 -0.935 -0.3543, 0.0716 -0.9147 -0.3543, 0.0872 -1.0335 -0.3543, -0.0931 -1.0097 -0.3543, -0.0965 -0.9842 -0.3543, -0.0931 -0.9588 -0.3543, -0.0833 -1.0335 -0.3543, -0.0833 -0.935 -0.3543
            ]
        }
        coordIndex [
            0,1,2,-1,2,3,0,-1,0,3,4,-1,0,4,5,-1,6,7,8,-1,8,9,6,-1,6,9,10,-1,6,10,11,-1,12,13,14,-1,15,16,17,-1,18,19,20,-1,20,19,14,-1,20,14,21,-1,21,14,22,-1,18,23,19,-1,19,23,24,-1,19,24,25,-1,25,26,19,-1,19,26,27,-1,19,27,28,-1,28,29,19,-1,19,29,30,-1,19,30,31,-1,31,30,32,-1,15,17,14,-1,14,17,33,-1,14,33,12,-1,13,34,14,-1,14,34,35,-1,14,35,22,-1,36,37,38,-1,39,40,41,-1,41,40,42,-1,39,41,38,-1,38,41,43,-1,38,43,36,-1,44,45,46,-1,47,48,37,-1,37,48,49,-1,37,49,38,-1,37,50,47,-1,47,50,44,-1,47,44,51,-1,51,44,46,-1,42,52,41,-1,41,52,53,-1,41,53,54,-1,54,53,55,-1,53,56,55,-1,55,56,57,-1,55,57,58,-1,58,57,59,-1,60,61,62,-1,63,64,65,-1,65,64,66,-1,65,66,67,-1,63,68,64,-1,64,68,69,-1,64,69,70,-1,70,71,64,-1,64,71,72,-1,64,72,62,-1,73,74,75,-1,76,77,78,-1,61,79,62,-1,62,79,80,-1,62,80,64,-1,67,81,65,-1,65,81,76,-1,65,76,82,-1,82,76,78,-1,73,75,62,-1,62,75,83,-1,62,83,60,-1,84,85,86,-1,87,88,89,-1,90,91,92,-1,92,91,93,-1,84,86,94,-1,94,86,95,-1,94,95,96,-1,96,97,94,-1,94,97,98,-1,94,98,99,-1,99,100,94,-1,94,100,92,-1,94,92,101,-1,101,92,93,-1,102,103,104,-1,87,89,92,-1,92,89,105,-1,92,105,90,-1,85,106,86,-1,86,106,102,-1,86,102,107,-1,107,102,104,-1,108,109,110,-1,111,112,109,-1,109,112,113,-1,109,113,110,-1,111,114,112,-1,112,114,115,-1,112,115,116,-1,116,115,117,-1,118,119,110,-1,110,119,120,-1,110,120,108,-1,121,122,123,-1,123,122,124,-1,118,125,119,-1,119,125,124,-1,119,124,126,-1,126,124,122,-1,127,128,129,-1,115,130,117,-1,117,130,127,-1,117,127,131,-1,131,127,129,-1,
        ]
    }
}
Shape{
    appearance Appearance {
        material  Material 	{
            diffuseColor 1.0 1.0 1.0
            specularColor 0.5019607843137255 0.5019607843137255 0.5019607843137255
            ambientIntensity 1.0
            transparency 0.0
            shininess 0.5
        }
    }
    geometry IndexedFaceSet {
        ccw TRUE
        solid FALSE
        coord DEF co Coordinate {
            point [
                -2.3642 1.0021 0.8035, -2.3642 1.0021 0.7928, -2.3602 1.0021 0.8035, -2.3602 1.0021 0.7928, -2.3642 1.0393 0.8035, -2.3602 1.0393 0.8035, -2.3642 1.0393 0.8862, -2.3602 1.0393 0.8862, -2.3642 1.0513 0.8862, -2.3602 1.0513 0.8862, -2.3642 1.0513 0.7928, -2.3602 1.0513 0.7928, -2.3642 0.9399 0.7926, -2.3642 0.9542 0.7912, -2.3602 0.9542 0.7912, -2.3602 0.9459 0.792, -2.3602 0.9399 0.7926, -2.3642 0.9299 0.7959, -2.3602 0.9323 0.7951, -2.3602 0.9299 0.7959, -2.3602 0.9283 0.7967, -2.3642 0.9283 0.7967, -2.3642 0.9283 0.8082, -2.3602 0.9283 0.8082, -2.3602 0.9323 0.8064, -2.3642 0.9372 0.8042, -2.3602 0.9372 0.8042, -2.3602 0.9477 0.8022, -2.3642 0.9477 0.8022, -2.3602 0.9524 0.802, -2.3642 0.9524 0.802, -2.3602 0.962 0.8032, -2.3642 0.962 0.8032, -2.3602 0.9686 0.8058, -2.3642 0.9686 0.8058, -2.3602 0.9747 0.8101, -2.3642 0.9747 0.8101, -2.3602 0.9764 0.8118, -2.3642 0.9764 0.8118, -2.3602 0.9812 0.8185, -2.3642 0.9812 0.8185, -2.3602 0.9841 0.8261, -2.3642 0.9841 0.8261, -2.3602 0.9856 0.8376, -2.3642 0.9856 0.8376, -2.3602 0.9856 0.8385, -2.3642 0.9856 0.8385, -2.3602 0.9844 0.8499, -2.3642 0.9844 0.8499, -2.3602 0.9815 0.8583, -2.3642 0.9815 0.8583, -2.3602 0.9772 0.865, -2.3642 0.9772 0.865, -2.3602 0.9758 0.8666, -2.3642 0.9758 0.8666, -2.3602 0.9698 0.8716, -2.3642 0.9698 0.8716, -2.3602 0.9625 0.8751, -2.3642 0.9625 0.8751, -2.3602 0.9545 0.8767, -2.3642 0.9545 0.8767, -2.3602 0.9503 0.8769, -2.3642 0.9503 0.8769, -2.3602 0.9396 0.8757, -2.3602 0.9323 0.8731, -2.3642 0.93 0.8723, -2.3642 0.9396 0.8757, -2.3602 0.93 0.8723, -2.3602 0.9283 0.8714, -2.3642 0.9283 0.8714, -2.3642 0.9283 0.884, -2.3602 0.9283 0.884, -2.3602 0.9504 0.8878, -2.3642 0.9504 0.8878, -2.3642 0.9496 0.8878, -2.3602 0.9323 0.8852, -2.3642 0.9375 0.8867, -2.3602 0.9375 0.8867, -2.3602 0.9409 0.887, -2.3602 0.9496 0.8878, -2.3642 0.9621 0.8866, -2.3602 0.9581 0.887, -2.3602 0.9621 0.8866, -2.3602 0.9721 0.8832, -2.3642 0.9721 0.8832, -2.3602 0.9815 0.8771, -2.3642 0.9815 0.8771, -2.3602 0.9848 0.8741, -2.3642 0.9848 0.8741, -2.3602 0.9911 0.8659, -2.3602 0.9941 0.8593, -2.3642 0.9957 0.8556, -2.3642 0.9911 0.8659, -2.3602 0.9957 0.8556, -2.3602 0.998 0.8436, -2.3642 0.998 0.8436, -2.3602 0.9983 0.8378, -2.3642 0.9983 0.8378, -2.3602 0.9965 0.8228, -2.3602 0.9941 0.8165, -2.3642 0.9927 0.813, -2.3642 0.9965 0.8228, -2.3602 0.9927 0.813, -2.3602 0.9872 0.805, -2.3642 0.9872 0.805, -2.3602 0.9863 0.804, -2.3642 0.9863 0.804, -2.3602 0.97 0.7936, -2.3642 0.9788 0.7978, -2.3602 0.9788 0.7978, -2.3602 0.9624 0.792, -2.3642 0.9599 0.7915, -2.3642 0.97 0.7936, -2.3602 0.9599 0.7915, -2.3642 0.8594 0.8035, -2.3642 0.8594 0.7928, -2.3602 0.8594 0.8035, -2.3602 0.8594 0.7928, -2.3602 0.8976 0.8035, -2.3642 0.8976 0.8035, -2.3602 0.8723 0.8035, -2.3642 0.8976 0.8349, -2.3602 0.8976 0.8349, -2.3642 0.8641 0.8349, -2.3602 0.8723 0.8349, -2.3602 0.8641 0.8349, -2.3642 0.8641 0.8456, -2.3602 0.8641 0.8456, -2.3602 0.8976 0.8456, -2.3642 0.8976 0.8456, -2.3602 0.8723 0.8456, -2.3642 0.8976 0.8755, -2.3602 0.8976 0.8755, -2.3642 0.8615 0.8755, -2.3602 0.8723 0.8755, -2.3602 0.8615 0.8755, -2.3642 0.8615 0.8862, -2.3602 0.8615 0.8862, -2.3602 0.9096 0.8862, -2.3642 0.9096 0.8862, -2.3602 0.8723 0.8862, -2.3642 0.9096 0.7928, -2.3602 0.9096 0.7928, -2.3602 0.8723 0.7928, -2.3642 0.7856 0.8637, -2.3642 0.7756 0.8697, -2.3642 0.7886 0.8667, -2.3642 0.7798 0.8739, -2.3642 0.7958 0.8714, -2.3642 0.7885 0.88, -2.3642 0.804 0.8743, -2.3642 0.7996 0.8844, -2.3642 0.8156 0.8755, -2.3642 0.8151 0.8862, -2.3642 0.8297 0.8755, -2.3642 0.8417 0.8862, -2.3642 0.8297 0.8035, -2.3642 0.8417 0.7928, -2.3642 0.8161 0.8035, -2.3642 0.816 0.7928, -2.3642 0.8046 0.8047, -2.3642 0.8004 0.7947, -2.3642 0.7965 0.8075, -2.3642 0.7897 0.7988, -2.3642 0.7903 0.8115, -2.3642 0.7807 0.8051, -2.3642 0.7883 0.8132, -2.3642 0.7798 0.8059, -2.3642 0.7835 0.8194, -2.3642 0.7731 0.8137, -2.3642 0.7803 0.8264, -2.3642 0.7684 0.8233, -2.3642 0.7786 0.8351, -2.3642 0.766 0.8341, -2.3642 0.7783 0.8404, -2.3642 0.7657 0.8407, -2.3642 0.7795 0.8513, -2.3642 0.7669 0.8521, -2.3642 0.7821 0.8583, -2.3642 0.7701 0.8613, -2.3602 0.816 0.7928, -2.3602 0.8417 0.7928, -2.3602 0.8004 0.7947, -2.3602 0.7897 0.7988, -2.3602 0.7807 0.8051, -2.3602 0.7798 0.8059, -2.3602 0.7731 0.8137, -2.3602 0.7684 0.8233, -2.3602 0.766 0.8341, -2.3602 0.7657 0.8407, -2.3602 0.7669 0.8521, -2.3602 0.7701 0.8613, -2.3602 0.7756 0.8697, -2.3602 0.7798 0.8739, -2.3602 0.7885 0.88, -2.3602 0.7996 0.8844, -2.3602 0.8151 0.8862, -2.3602 0.8417 0.8862, -2.3602 0.8156 0.8755, -2.3602 0.8297 0.8755, -2.3602 0.8297 0.8035, -2.3602 0.8161 0.8035, -2.3602 0.7883 0.8132, -2.3602 0.7903 0.8115, -2.3602 0.7965 0.8075, -2.3602 0.8046 0.8047, -2.3602 0.7783 0.8404, -2.3602 0.7786 0.8351, -2.3602 0.7803 0.8264, -2.3602 0.7835 0.8194, -2.3602 0.7886 0.8667, -2.3602 0.7856 0.8637, -2.3602 0.7821 0.8583, -2.3602 0.7795 0.8513, -2.3602 0.804 0.8743, -2.3602 0.7958 0.8714
            ]
        }
        coordIndex [
            0,1,2,-1,2,1,3,-1,4,0,5,-1,5,0,2,-1,6,4,7,-1,7,4,5,-1,8,6,9,-1,9,6,7,-1,10,8,11,-1,11,8,9,-1,1,10,3,-1,3,10,11,-1,6,8,4,-1,4,8,10,-1,4,10,0,-1,0,10,1,-1,12,13,14,-1,14,15,12,-1,12,15,16,-1,12,16,17,-1,17,16,18,-1,18,19,17,-1,17,19,20,-1,17,20,21,-1,22,21,23,-1,23,21,20,-1,22,23,24,-1,22,24,25,-1,24,26,25,-1,25,26,27,-1,25,27,28,-1,28,27,29,-1,28,29,30,-1,30,29,31,-1,30,31,32,-1,32,31,33,-1,32,33,34,-1,34,33,35,-1,34,35,36,-1,36,35,37,-1,36,37,38,-1,38,37,39,-1,38,39,40,-1,40,39,41,-1,40,41,42,-1,42,41,43,-1,42,43,44,-1,44,43,45,-1,44,45,46,-1,46,45,47,-1,46,47,48,-1,48,47,49,-1,48,49,50,-1,50,49,51,-1,50,51,52,-1,52,51,53,-1,52,53,54,-1,54,53,55,-1,54,55,56,-1,56,55,57,-1,56,57,58,-1,58,57,59,-1,58,59,60,-1,60,59,61,-1,60,61,62,-1,62,61,63,-1,64,65,63,-1,63,65,66,-1,63,66,62,-1,64,67,65,-1,65,67,68,-1,65,68,69,-1,70,69,71,-1,71,69,68,-1,72,73,74,-1,70,71,75,-1,70,75,76,-1,75,77,76,-1,76,77,78,-1,76,78,74,-1,74,78,79,-1,74,79,72,-1,73,72,80,-1,80,72,81,-1,81,82,80,-1,80,82,83,-1,80,83,84,-1,84,83,85,-1,84,85,86,-1,86,85,87,-1,86,87,88,-1,88,87,89,-1,90,91,89,-1,89,91,92,-1,89,92,88,-1,90,93,91,-1,91,93,94,-1,91,94,95,-1,95,94,96,-1,95,96,97,-1,97,96,98,-1,99,100,98,-1,98,100,101,-1,98,101,97,-1,99,102,100,-1,100,102,103,-1,100,103,104,-1,104,103,105,-1,104,105,106,-1,107,108,109,-1,109,108,106,-1,109,106,105,-1,110,111,107,-1,107,111,112,-1,107,112,108,-1,110,113,111,-1,111,113,14,-1,111,14,13,-1,65,69,70,-1,48,50,92,-1,21,22,17,-1,17,22,25,-1,17,25,12,-1,12,25,28,-1,12,28,13,-1,13,28,30,-1,13,30,111,-1,111,30,32,-1,111,32,112,-1,112,32,34,-1,112,34,108,-1,108,34,36,-1,108,36,106,-1,106,36,38,-1,106,38,104,-1,104,38,40,-1,104,40,100,-1,100,40,101,-1,101,40,42,-1,101,42,97,-1,92,50,88,-1,65,70,66,-1,66,70,76,-1,66,76,62,-1,62,76,74,-1,62,74,60,-1,60,74,73,-1,60,73,58,-1,58,73,80,-1,58,80,56,-1,80,84,56,-1,56,84,86,-1,56,86,54,-1,54,86,88,-1,54,88,52,-1,52,88,50,-1,42,44,97,-1,97,44,46,-1,97,46,95,-1,95,46,48,-1,95,48,91,-1,91,48,92,-1,114,115,116,-1,116,115,117,-1,118,119,120,-1,120,119,114,-1,120,114,116,-1,121,119,122,-1,122,119,118,-1,121,122,123,-1,123,122,124,-1,123,124,125,-1,126,123,127,-1,127,123,125,-1,128,129,130,-1,130,129,126,-1,130,126,127,-1,131,129,132,-1,132,129,128,-1,131,132,133,-1,133,132,134,-1,133,134,135,-1,136,133,137,-1,137,133,135,-1,138,139,140,-1,140,139,136,-1,140,136,137,-1,141,139,142,-1,142,139,138,-1,117,115,143,-1,143,115,141,-1,143,141,142,-1,123,126,121,-1,121,126,129,-1,115,114,141,-1,141,114,119,-1,133,136,131,-1,131,136,139,-1,131,139,129,-1,129,139,141,-1,129,141,121,-1,121,141,119,-1,144,145,146,-1,146,145,147,-1,146,147,148,-1,148,147,149,-1,148,149,150,-1,150,149,151,-1,150,151,152,-1,152,151,153,-1,152,153,154,-1,154,153,155,-1,154,155,156,-1,156,155,157,-1,156,157,158,-1,158,157,159,-1,158,159,160,-1,160,159,161,-1,160,161,162,-1,162,161,163,-1,162,163,164,-1,164,163,165,-1,164,165,166,-1,166,165,167,-1,166,167,168,-1,168,167,169,-1,168,169,170,-1,170,169,171,-1,170,171,172,-1,172,171,173,-1,172,173,174,-1,174,173,175,-1,174,175,176,-1,176,175,177,-1,176,177,178,-1,178,177,179,-1,178,179,144,-1,144,179,145,-1,159,157,180,-1,180,157,181,-1,159,180,182,-1,159,182,161,-1,161,182,183,-1,161,183,163,-1,163,183,184,-1,163,184,165,-1,165,184,185,-1,165,185,167,-1,167,185,186,-1,167,186,169,-1,169,186,187,-1,169,187,171,-1,171,187,188,-1,171,188,173,-1,173,188,189,-1,173,189,175,-1,175,189,190,-1,175,190,177,-1,177,190,191,-1,177,191,179,-1,179,191,192,-1,179,192,145,-1,145,192,193,-1,145,193,147,-1,147,193,194,-1,147,194,149,-1,149,194,195,-1,149,195,151,-1,151,195,196,-1,151,196,153,-1,155,153,197,-1,197,153,196,-1,157,155,181,-1,181,155,197,-1,152,154,198,-1,198,154,199,-1,154,156,199,-1,199,156,200,-1,156,158,200,-1,200,158,201,-1,166,202,203,-1,166,203,164,-1,164,203,204,-1,164,204,162,-1,162,204,205,-1,162,205,160,-1,160,205,201,-1,160,201,158,-1,174,206,207,-1,174,207,172,-1,172,207,208,-1,172,208,170,-1,170,208,209,-1,170,209,168,-1,168,209,202,-1,168,202,166,-1,146,210,211,-1,146,211,144,-1,144,211,212,-1,144,212,178,-1,178,212,213,-1,178,213,176,-1,176,213,206,-1,176,206,174,-1,152,198,214,-1,152,214,150,-1,150,214,215,-1,150,215,148,-1,148,215,210,-1,148,210,146,-1,
        ]
    }
}
Shape{
    appearance Appearance {
        material  Material 	{
            diffuseColor 0.25098039215686274 0.25098039215686274 0.25098039215686274
            specularColor 0.12549019607843137 0.12549019607843137 0.12549019607843137
            ambientIntensity 0.251
            transparency 0.0
            shininess 0.5
        }
    }
    geometry IndexedFaceSet {
        ccw TRUE
        solid FALSE
        coord DEF co Coordinate {
            point [
                -2.3602 0.8297 0.8755, -2.3602 0.8297 0.8035, -2.3602 0.8156 0.8755, -2.3602 0.8161 0.8035, -2.3602 0.8046 0.8047, -2.3602 0.7965 0.8075, -2.3602 0.7903 0.8115, -2.3602 0.7883 0.8132, -2.3602 0.7835 0.8194, -2.3602 0.7803 0.8264, -2.3602 0.7786 0.8351, -2.3602 0.7783 0.8404, -2.3602 0.7795 0.8513, -2.3602 0.7821 0.8583, -2.3602 0.7856 0.8637, -2.3602 0.7886 0.8667, -2.3602 0.804 0.8743, -2.3602 0.7958 0.8714
            ]
        }
        coordIndex [
            0,1,2,-1,2,1,3,-1,2,3,4,-1,4,5,2,-1,2,5,6,-1,2,6,7,-1,7,8,2,-1,2,8,9,-1,2,9,10,-1,10,11,2,-1,2,11,12,-1,2,12,13,-1,13,14,2,-1,2,14,15,-1,2,15,16,-1,16,15,17,-1,
        ]
    }
}
Shape{
    appearance Appearance {
        material  Material 	{
            diffuseColor 1.0 1.0 1.0
            specularColor 0.5019607843137255 0.5019607843137255 0.5019607843137255
            ambientIntensity 1.0
            transparency 0.0
            shininess 0.5
        }
    }
    geometry IndexedFaceSet {
        ccw TRUE
        solid FALSE
        coord DEF co Coordinate {
            point [
                -2.3642 0.7344 0.8289, -2.3642 0.7382 0.8184, -2.3642 0.703 0.8289, -2.3642 0.6993 0.8184, -2.3642 0.7204 0.8678, -2.3642 0.7249 0.8862, -2.3642 0.7605 0.7928, -2.3642 0.7472 0.7928, -2.3642 0.7196 0.8705, -2.3642 0.7189 0.8743, -2.3642 0.712 0.8862, -2.3642 0.7186 0.8743, -2.3642 0.7178 0.8703, -2.3642 0.7171 0.8678, -2.3642 0.6764 0.7928, -2.3642 0.6898 0.7928, -2.3602 0.712 0.8862, -2.3602 0.6764 0.7928, -2.3602 0.7249 0.8862, -2.3602 0.7605 0.7928, -2.3602 0.7336 0.8635, -2.3602 0.7472 0.7928, -2.3602 0.7382 0.8184, -2.3602 0.6993 0.8184, -2.3602 0.7336 0.8184, -2.3602 0.6898 0.7928, -2.3602 0.7344 0.8289, -2.3602 0.703 0.8289, -2.3602 0.7171 0.8678, -2.3602 0.7186 0.8743, -2.3602 0.7178 0.8703, -2.3602 0.7189 0.8743, -2.3602 0.7204 0.8678, -2.3602 0.7196 0.8705
            ]
        }
        coordIndex [
            0,1,2,-1,2,1,3,-1,4,5,0,-1,0,5,6,-1,0,6,1,-1,1,6,7,-1,4,8,5,-1,5,8,9,-1,5,9,10,-1,10,9,11,-1,10,11,12,-1,12,13,10,-1,10,13,2,-1,10,2,14,-1,14,2,3,-1,14,3,15,-1,10,14,16,-1,16,14,17,-1,5,10,18,-1,18,10,16,-1,19,6,20,-1,20,6,5,-1,20,5,18,-1,7,6,21,-1,21,6,19,-1,1,7,22,-1,22,7,21,-1,23,3,24,-1,24,3,1,-1,24,1,22,-1,15,3,25,-1,25,3,23,-1,14,15,17,-1,17,15,25,-1,0,2,26,-1,26,2,27,-1,2,13,27,-1,27,13,28,-1,11,29,30,-1,11,30,12,-1,12,30,28,-1,12,28,13,-1,11,9,29,-1,29,9,31,-1,4,32,33,-1,4,33,8,-1,8,33,31,-1,8,31,9,-1,4,0,32,-1,32,0,26,-1,
        ]
    }
}
Shape{
    appearance Appearance {
        material  Material 	{
            diffuseColor 0.25098039215686274 0.25098039215686274 0.25098039215686274
            specularColor 0.12549019607843137 0.12549019607843137 0.12549019607843137
            ambientIntensity 0.251
            transparency 0.0
            shininess 0.5
        }
    }
    geometry IndexedFaceSet {
        ccw TRUE
        solid FALSE
        coord DEF co Coordinate {
            point [
                -2.3602 0.7186 0.8743, -2.3602 0.7189 0.8743, -2.3602 0.7178 0.8703, -2.3602 0.7196 0.8705, -2.3602 0.7171 0.8678, -2.3602 0.7204 0.8678, -2.3602 0.703 0.8289, -2.3602 0.7344 0.8289
            ]
        }
        coordIndex [
            0,1,2,-1,2,1,3,-1,2,3,4,-1,4,3,5,-1,4,5,6,-1,6,5,7,-1,
        ]
    }
}
Shape{
    appearance Appearance {
        material  Material 	{
            diffuseColor 1.0 1.0 1.0
            specularColor 0.5019607843137255 0.5019607843137255 0.5019607843137255
            ambientIntensity 1.0
            transparency 0.0
            shininess 0.5
        }
    }
    geometry IndexedFaceSet {
        ccw TRUE
        solid FALSE
        coord DEF co Coordinate {
            point [
                -2.3642 1.0011 0.6553, -2.3642 1.0011 0.6446, -2.3602 1.0011 0.6553, -2.3602 1.0011 0.6446, -2.3642 1.0393 0.6553, -2.3602 1.0393 0.6553, -2.3642 1.0393 0.6867, -2.3602 1.0393 0.6867, -2.3642 1.0059 0.6867, -2.3602 1.0059 0.6867, -2.3642 1.0059 0.6974, -2.3602 1.0059 0.6974, -2.3642 1.0393 0.6974, -2.3602 1.0393 0.6974, -2.3642 1.0393 0.7273, -2.3602 1.0393 0.7273, -2.3642 1.0032 0.7273, -2.3602 1.0032 0.7273, -2.3642 1.0032 0.738, -2.3602 1.0032 0.738, -2.3642 1.0513 0.738, -2.3602 1.0513 0.738, -2.3642 1.0513 0.6446, -2.3602 1.0513 0.6446, -2.3642 0.948 0.6446, -2.3642 0.9363 0.6446, -2.3642 0.948 0.6549, -2.3642 0.9363 0.6876, -2.3642 0.948 0.687, -2.3642 0.9732 0.6732, -2.3642 0.9704 0.6745, -2.3642 0.9483 0.6549, -2.3642 0.9545 0.6567, -2.3642 0.9501 0.6522, -2.3642 0.9578 0.6544, -2.3642 0.9636 0.676, -2.3642 0.948 0.6781, -2.3642 0.948 0.6717, -2.3642 0.948 0.6709, -2.3642 0.9488 0.6657, -2.3642 0.9505 0.6615, -2.3642 0.953 0.6581, -2.3642 0.9484 0.6922, -2.3642 0.9372 0.6966, -2.3642 0.9496 0.6964, -2.3642 0.9391 0.7018, -2.3642 0.951 0.6988, -2.3642 0.9415 0.7056, -2.3642 0.9527 0.7007, -2.3642 0.9446 0.7086, -2.3642 0.9548 0.702, -2.3642 0.9485 0.7108, -2.3642 0.9575 0.703, -2.3642 0.9535 0.7123, -2.3642 0.9615 0.7034, -2.3642 0.9604 0.7129, -2.3642 0.9678 0.7028, -2.3642 0.9713 0.7117, -2.3642 0.9752 0.7004, -2.3642 0.9801 0.7085, -2.3642 0.9834 0.6953, -2.3642 0.9834 0.7067, -2.3642 0.9756 0.6567, -2.3642 0.9842 0.6483, -2.3642 0.9746 0.6557, -2.3642 0.9802 0.6456, -2.3642 0.9723 0.6541, -2.3642 0.9757 0.6439, -2.3642 0.9697 0.6531, -2.3642 0.9687 0.6431, -2.3642 0.9657 0.6526, -2.3642 0.9627 0.6437, -2.3642 0.9613 0.6531, -2.3642 0.958 0.6454, -2.3642 0.9538 0.6482, -2.3642 0.9779 0.6653, -2.3642 0.9899 0.6639, -2.3642 0.978 0.6634, -2.3642 0.9899 0.6625, -2.3642 0.9777 0.6608, -2.3642 0.9893 0.6572, -2.3642 0.977 0.6586, -2.3642 0.9879 0.6532, -2.3642 0.9855 0.6496, -2.3642 0.9678 0.6843, -2.3642 0.9766 0.6821, -2.3642 0.9749 0.6719, -2.3642 0.9816 0.6795, -2.3642 0.9763 0.6702, -2.3642 0.9852 0.6764, -2.3642 0.9773 0.668, -2.3642 0.9875 0.6731, -2.3642 0.9891 0.6689, -2.3602 0.9604 0.7129, -2.3602 0.9713 0.7117, -2.3602 0.9801 0.7085, -2.3602 0.9834 0.7067, -2.3602 0.9834 0.6953, -2.3602 0.9752 0.7004, -2.3602 0.9678 0.7028, -2.3602 0.9615 0.7034, -2.3602 0.9575 0.703, -2.3602 0.9548 0.702, -2.3602 0.9527 0.7007, -2.3602 0.951 0.6988, -2.3602 0.9496 0.6964, -2.3602 0.9484 0.6922, -2.3602 0.948 0.687, -2.3602 0.9678 0.6843, -2.3602 0.9766 0.6821, -2.3602 0.9816 0.6795, -2.3602 0.9852 0.6764, -2.3602 0.9875 0.6731, -2.3602 0.9891 0.6689, -2.3602 0.9899 0.6639, -2.3602 0.9899 0.6625, -2.3602 0.9893 0.6572, -2.3602 0.9879 0.6532, -2.3602 0.9855 0.6496, -2.3602 0.9842 0.6483, -2.3602 0.9687 0.6431, -2.3602 0.9755 0.6438, -2.3602 0.9757 0.6439, -2.3602 0.9802 0.6456, -2.3602 0.9627 0.6437, -2.3602 0.9624 0.6438, -2.3602 0.958 0.6454, -2.3602 0.9538 0.6482, -2.3602 0.9501 0.6522, -2.3602 0.9483 0.6549, -2.3602 0.948 0.6549, -2.3602 0.948 0.6446, -2.3602 0.9363 0.6446, -2.3602 0.9363 0.6876, -2.3602 0.9372 0.6966, -2.3602 0.9391 0.7018, -2.3602 0.9415 0.7056, -2.3602 0.9446 0.7086, -2.3602 0.9485 0.7108, -2.3602 0.9535 0.7123, -2.3602 0.9749 0.6719, -2.3602 0.9732 0.6732, -2.3602 0.9704 0.6745, -2.3602 0.9636 0.676, -2.3602 0.978 0.6634, -2.3602 0.9779 0.6653, -2.3602 0.9773 0.668, -2.3602 0.9763 0.6702, -2.3602 0.9746 0.6557, -2.3602 0.9756 0.6567, -2.3602 0.977 0.6586, -2.3602 0.9777 0.6608, -2.3602 0.9657 0.6526, -2.3602 0.9697 0.6531, -2.3602 0.9723 0.6541, -2.3602 0.953 0.6581, -2.3602 0.9545 0.6567, -2.3602 0.9578 0.6544, -2.3602 0.9613 0.6531, -2.3602 0.948 0.6717, -2.3602 0.948 0.6709, -2.3602 0.9488 0.6657, -2.3602 0.9505 0.6615, -2.3602 0.948 0.6781
            ]
        }
        coordIndex [
            0,1,2,-1,2,1,3,-1,4,0,5,-1,5,0,2,-1,6,4,7,-1,7,4,5,-1,8,6,9,-1,9,6,7,-1,10,8,11,-1,11,8,9,-1,12,10,13,-1,13,10,11,-1,14,12,15,-1,15,12,13,-1,16,14,17,-1,17,14,15,-1,18,16,19,-1,19,16,17,-1,20,18,21,-1,21,18,19,-1,22,20,23,-1,23,20,21,-1,1,22,3,-1,3,22,23,-1,22,1,0,-1,0,4,22,-1,22,4,6,-1,22,6,20,-1,16,18,14,-1,14,18,20,-1,14,20,12,-1,12,20,6,-1,12,6,10,-1,10,6,8,-1,24,25,26,-1,26,25,27,-1,28,29,30,-1,31,32,33,-1,33,32,34,-1,35,36,27,-1,27,36,37,-1,37,38,27,-1,27,38,39,-1,27,39,26,-1,26,39,40,-1,26,40,31,-1,31,40,41,-1,31,41,32,-1,30,35,28,-1,28,35,27,-1,28,27,42,-1,42,27,43,-1,42,43,44,-1,44,43,45,-1,44,45,46,-1,46,45,47,-1,46,47,48,-1,48,47,49,-1,48,49,50,-1,50,49,51,-1,50,51,52,-1,52,51,53,-1,52,53,54,-1,54,53,55,-1,54,55,56,-1,56,55,57,-1,56,57,58,-1,58,57,59,-1,58,59,60,-1,60,59,61,-1,62,63,64,-1,64,63,65,-1,64,65,66,-1,66,65,67,-1,66,67,68,-1,68,67,69,-1,68,69,70,-1,70,69,71,-1,70,71,72,-1,72,71,73,-1,72,73,34,-1,34,73,74,-1,34,74,33,-1,75,76,77,-1,77,76,78,-1,77,78,79,-1,79,78,80,-1,79,80,81,-1,81,80,82,-1,81,82,62,-1,62,82,83,-1,62,83,63,-1,28,84,29,-1,29,84,85,-1,29,85,86,-1,86,85,87,-1,86,87,88,-1,88,87,89,-1,88,89,90,-1,90,89,91,-1,90,91,75,-1,75,91,92,-1,75,92,76,-1,55,93,94,-1,55,94,57,-1,57,94,95,-1,57,95,59,-1,59,95,96,-1,59,96,61,-1,60,61,97,-1,97,61,96,-1,60,97,98,-1,60,98,58,-1,58,98,99,-1,58,99,56,-1,56,99,100,-1,56,100,54,-1,54,100,101,-1,54,101,52,-1,52,101,102,-1,52,102,50,-1,50,102,103,-1,50,103,48,-1,48,103,104,-1,48,104,46,-1,46,104,105,-1,46,105,44,-1,44,105,106,-1,44,106,42,-1,42,106,107,-1,42,107,28,-1,84,28,108,-1,108,28,107,-1,84,108,109,-1,84,109,85,-1,85,109,110,-1,85,110,87,-1,87,110,111,-1,87,111,89,-1,89,111,112,-1,89,112,91,-1,91,112,113,-1,91,113,92,-1,92,113,114,-1,92,114,76,-1,76,114,115,-1,76,115,78,-1,78,115,116,-1,78,116,80,-1,80,116,117,-1,80,117,82,-1,82,117,118,-1,82,118,83,-1,83,118,119,-1,83,119,63,-1,120,69,121,-1,121,69,67,-1,121,67,122,-1,122,67,65,-1,122,65,123,-1,123,65,63,-1,123,63,119,-1,69,120,124,-1,69,124,71,-1,71,124,125,-1,71,125,73,-1,125,126,73,-1,73,126,127,-1,73,127,74,-1,74,127,128,-1,74,128,33,-1,33,128,129,-1,33,129,31,-1,26,31,130,-1,130,31,129,-1,24,26,131,-1,131,26,130,-1,25,24,132,-1,132,24,131,-1,27,25,133,-1,133,25,132,-1,27,133,134,-1,27,134,43,-1,43,134,135,-1,43,135,45,-1,45,135,136,-1,45,136,47,-1,47,136,137,-1,47,137,49,-1,49,137,138,-1,49,138,51,-1,51,138,139,-1,51,139,53,-1,53,139,93,-1,53,93,55,-1,86,140,141,-1,86,141,29,-1,29,141,142,-1,29,142,30,-1,30,142,143,-1,30,143,35,-1,77,144,145,-1,77,145,75,-1,75,145,146,-1,75,146,90,-1,90,146,147,-1,90,147,88,-1,88,147,140,-1,88,140,86,-1,64,148,149,-1,64,149,62,-1,62,149,150,-1,62,150,81,-1,81,150,151,-1,81,151,79,-1,79,151,144,-1,79,144,77,-1,70,152,153,-1,70,153,68,-1,68,153,154,-1,68,154,66,-1,66,154,148,-1,66,148,64,-1,41,155,156,-1,41,156,32,-1,32,156,157,-1,32,157,34,-1,34,157,158,-1,34,158,72,-1,72,158,152,-1,72,152,70,-1,37,159,160,-1,37,160,38,-1,38,160,161,-1,38,161,39,-1,39,161,162,-1,39,162,40,-1,40,162,155,-1,40,155,41,-1,37,36,159,-1,159,36,163,-1,36,35,163,-1,163,35,143,-1,
        ]
    }
}
Shape{
    appearance Appearance {
        material  Material 	{
            diffuseColor 0.25098039215686274 0.25098039215686274 0.25098039215686274
            specularColor 0.12549019607843137 0.12549019607843137 0.12549019607843137
            ambientIntensity 0.251
            transparency 0.0
            shininess 0.5
        }
    }
    geometry IndexedFaceSet {
        ccw TRUE
        solid FALSE
        coord DEF co Coordinate {
            point [
                -2.3602 0.948 0.6781, -2.3602 0.9636 0.676, -2.3602 0.948 0.6717, -2.3602 0.9704 0.6745, -2.3602 0.9732 0.6732, -2.3602 0.9749 0.6719, -2.3602 0.948 0.6709, -2.3602 0.9488 0.6657, -2.3602 0.9763 0.6702, -2.3602 0.9505 0.6615, -2.3602 0.9756 0.6567, -2.3602 0.9746 0.6557, -2.3602 0.9545 0.6567, -2.3602 0.977 0.6586, -2.3602 0.9578 0.6544, -2.3602 0.9613 0.6531, -2.3602 0.9657 0.6526, -2.3602 0.9773 0.668, -2.3602 0.9779 0.6653, -2.3602 0.953 0.6581, -2.3602 0.978 0.6634, -2.3602 0.9777 0.6608, -2.3602 0.9723 0.6541, -2.3602 0.9697 0.6531
            ]
        }
        coordIndex [
            0,1,2,-1,2,1,3,-1,3,4,2,-1,2,4,5,-1,2,5,6,-1,6,5,7,-1,7,5,8,-1,7,8,9,-1,10,11,12,-1,10,12,13,-1,14,12,15,-1,15,12,16,-1,8,17,9,-1,9,17,18,-1,9,18,19,-1,19,18,20,-1,19,20,12,-1,12,20,21,-1,12,21,13,-1,11,22,12,-1,12,22,23,-1,12,23,16,-1,
        ]
    }
}
Shape{
    appearance Appearance {
        material  Material 	{
            diffuseColor 1.0 1.0 1.0
            specularColor 0.5019607843137255 0.5019607843137255 0.5019607843137255
            ambientIntensity 1.0
            transparency 0.0
            shininess 0.5
        }
    }
    geometry IndexedFaceSet {
        ccw TRUE
        solid FALSE
        coord DEF co Coordinate {
            point [
                -2.3602 0.9204 0.659, -2.3642 0.9204 0.659, -2.3642 0.9159 0.6562, -2.3642 0.9012 0.6526, -2.3602 0.9012 0.6526, -2.3602 0.9085 0.6535, -2.3642 0.9085 0.6535, -2.3602 0.915 0.6559, -2.3602 0.9159 0.6562, -2.3642 0.9204 0.647, -2.3602 0.9204 0.647, -2.3642 0.9121 0.644, -2.3602 0.915 0.6451, -2.3602 0.9023 0.6431, -2.3642 0.9023 0.6431, -2.3602 0.91 0.6438, -2.3602 0.9121 0.644, -2.3642 0.892 0.6442, -2.3602 0.8955 0.6438, -2.3602 0.892 0.6442, -2.3602 0.8858 0.6466, -2.3642 0.8858 0.6466, -2.3602 0.8829 0.6484, -2.3642 0.8829 0.6484, -2.3602 0.8795 0.6513, -2.3642 0.8795 0.6513, -2.3602 0.8774 0.6544, -2.3642 0.8774 0.6544, -2.3602 0.8759 0.6581, -2.3642 0.8759 0.6581, -2.3602 0.8754 0.6628, -2.3642 0.8754 0.6628, -2.3602 0.8759 0.6671, -2.3642 0.8759 0.6671, -2.3602 0.8771 0.6706, -2.3642 0.8771 0.6706, -2.3602 0.8793 0.6738, -2.3642 0.8793 0.6738, -2.3602 0.8821 0.6763, -2.3642 0.8821 0.6763, -2.3602 0.8898 0.6806, -2.3642 0.8898 0.6806, -2.3602 0.8944 0.6825, -2.3642 0.8944 0.6825, -2.3602 0.9016 0.6856, -2.3642 0.9016 0.6856, -2.3602 0.9057 0.6882, -2.3642 0.9057 0.6882, -2.3602 0.9069 0.6894, -2.3642 0.9069 0.6894, -2.3602 0.9077 0.691, -2.3642 0.9077 0.691, -2.3602 0.9082 0.6928, -2.3642 0.9082 0.6928, -2.3602 0.9083 0.6944, -2.3642 0.9083 0.6944, -2.3602 0.9081 0.6963, -2.3642 0.9081 0.6963, -2.3602 0.9075 0.6978, -2.3642 0.9075 0.6978, -2.3602 0.9065 0.6993, -2.3642 0.9065 0.6993, -2.3602 0.9047 0.7009, -2.3642 0.9047 0.7009, -2.3602 0.9021 0.7023, -2.3642 0.9021 0.7023, -2.3602 0.899 0.7031, -2.3642 0.899 0.7031, -2.3602 0.8955 0.7034, -2.3642 0.8955 0.7034, -2.3602 0.8878 0.7025, -2.3642 0.8878 0.7025, -2.3602 0.8812 0.7001, -2.3642 0.8812 0.7001, -2.3602 0.8786 0.6985, -2.3642 0.8786 0.6985, -2.3642 0.8786 0.7099, -2.3602 0.8786 0.7099, -2.3602 0.8876 0.7124, -2.3642 0.8876 0.7124, -2.3602 0.8944 0.7129, -2.3642 0.8944 0.7129, -2.3602 0.9039 0.7117, -2.3642 0.9039 0.7117, -2.3602 0.9102 0.7092, -2.3642 0.9102 0.7092, -2.3602 0.9129 0.7076, -2.3642 0.9129 0.7076, -2.3602 0.915 0.7056, -2.3642 0.9163 0.7045, -2.3602 0.9163 0.7045, -2.3602 0.9185 0.7013, -2.3642 0.9185 0.7013, -2.3602 0.9199 0.6975, -2.3642 0.9199 0.6975, -2.3602 0.9204 0.6933, -2.3642 0.9204 0.6933, -2.3602 0.9199 0.6888, -2.3642 0.9199 0.6888, -2.3602 0.9186 0.6852, -2.3642 0.9186 0.6852, -2.3602 0.917 0.6828, -2.3642 0.917 0.6828, -2.3602 0.9026 0.6739, -2.3642 0.9026 0.6739, -2.3642 0.9096 0.6771, -2.3602 0.9151 0.6808, -2.3642 0.9151 0.6808, -2.3602 0.915 0.6807, -2.3602 0.9096 0.6771, -2.3602 0.895 0.6707, -2.3642 0.895 0.6707, -2.3602 0.8904 0.668, -2.3642 0.8904 0.668, -2.3602 0.8889 0.6665, -2.3642 0.8889 0.6665, -2.3602 0.888 0.6649, -2.3642 0.888 0.6649, -2.3602 0.8875 0.6631, -2.3642 0.8875 0.6631, -2.3602 0.8874 0.6616, -2.3642 0.8874 0.6616, -2.3602 0.8876 0.6594, -2.3642 0.8876 0.6594, -2.3602 0.8882 0.6577, -2.3642 0.8882 0.6577, -2.3602 0.8892 0.6562, -2.3642 0.8892 0.6562, -2.3602 0.8906 0.655, -2.3642 0.8906 0.655, -2.3602 0.8916 0.6544, -2.3642 0.8916 0.6544, -2.3602 0.8947 0.6533, -2.3642 0.8947 0.6533, -2.3602 0.9007 0.6526, -2.3642 0.9007 0.6526, -2.3642 0.8174 0.7113, -2.3642 0.8052 0.7113, -2.3602 0.8174 0.7113, -2.3602 0.8052 0.7113, -2.3642 0.8356 0.6611, -2.3602 0.8356 0.6611, -2.3602 0.8365 0.658, -2.3642 0.8365 0.658, -2.3602 0.837 0.6557, -2.3642 0.837 0.6557, -2.3642 0.8373 0.6557, -2.3602 0.8373 0.6557, -2.3642 0.8388 0.6612, -2.3602 0.8388 0.6612, -2.3602 0.8562 0.7113, -2.3642 0.8562 0.7113, -2.3602 0.8505 0.6951, -2.3642 0.8693 0.7113, -2.3602 0.8693 0.7113, -2.3602 0.8431 0.6448, -2.3642 0.8431 0.6448, -2.3602 0.8505 0.6637, -2.3602 0.8482 0.6326, -2.3642 0.8482 0.6326, -2.3602 0.8435 0.6438, -2.3602 0.8505 0.6284, -2.3642 0.8505 0.6284, -2.3602 0.8505 0.6284, -2.3642 0.8527 0.626, -2.3602 0.8527 0.626, -2.3602 0.8549 0.6245, -2.3642 0.8549 0.6245, -2.3602 0.8574 0.6235, -2.3642 0.8574 0.6235, -2.3602 0.8602 0.6232, -2.3642 0.8602 0.6232, -2.3602 0.8645 0.6238, -2.3642 0.8645 0.6238, -2.3602 0.8669 0.6246, -2.3642 0.8669 0.6246, -2.3642 0.8669 0.6142, -2.3602 0.8669 0.6142, -2.3602 0.8619 0.6133, -2.3642 0.8619 0.6133, -2.3602 0.8593 0.6132, -2.3642 0.8593 0.6132, -2.3602 0.8546 0.6137, -2.3642 0.8546 0.6137, -2.3602 0.8505 0.6153, -2.3642 0.85 0.6155, -2.3602 0.85 0.6155, -2.3602 0.8459 0.6184, -2.3642 0.8459 0.6184, -2.3602 0.8451 0.6191, -2.3642 0.8451 0.6191, -2.3602 0.8408 0.6242, -2.3642 0.8408 0.6242, -2.3602 0.8355 0.6345, -2.3642 0.8355 0.6345, -2.3602 0.8319 0.6438, -2.3642 0.7424 0.6553, -2.3642 0.7424 0.6446, -2.3602 0.7424 0.6553, -2.3602 0.7424 0.6446, -2.3602 0.7806 0.6553, -2.3642 0.7806 0.6553, -2.3602 0.7631 0.6553, -2.3642 0.7806 0.6867, -2.3602 0.7806 0.6867, -2.3602 0.7472 0.6867, -2.3642 0.7472 0.6867, -2.3602 0.7631 0.6867, -2.3642 0.7472 0.6974, -2.3602 0.7472 0.6974, -2.3602 0.7806 0.6974, -2.3642 0.7806 0.6974, -2.3602 0.7631 0.6974, -2.3642 0.7806 0.7273, -2.3602 0.7806 0.7273, -2.3602 0.7445 0.7273, -2.3642 0.7445 0.7273, -2.3602 0.7631 0.7273, -2.3642 0.7445 0.738, -2.3602 0.7445 0.738, -2.3602 0.7926 0.738, -2.3642 0.7926 0.738, -2.3602 0.7631 0.738, -2.3642 0.7926 0.6446, -2.3602 0.7926 0.6446, -2.3602 0.7631 0.6446, -2.3642 0.6686 0.7155, -2.3642 0.6586 0.7215, -2.3642 0.6716 0.7185, -2.3642 0.6628 0.7257, -2.3642 0.6788 0.7232, -2.3642 0.6715 0.7318, -2.3642 0.687 0.7261, -2.3642 0.6827 0.7362, -2.3642 0.6986 0.7273, -2.3642 0.6981 0.738, -2.3642 0.7127 0.7273, -2.3642 0.7247 0.738, -2.3642 0.7127 0.6553, -2.3642 0.7247 0.6446, -2.3642 0.6991 0.6553, -2.3642 0.699 0.6446, -2.3642 0.6876 0.6565, -2.3642 0.6834 0.6465, -2.3642 0.6795 0.6593, -2.3642 0.6727 0.6506, -2.3642 0.6733 0.6633, -2.3642 0.6637 0.6569, -2.3642 0.6713 0.665, -2.3642 0.6628 0.6577, -2.3642 0.6665 0.6712, -2.3642 0.6561 0.6655, -2.3642 0.6633 0.6782, -2.3642 0.6514 0.6751, -2.3642 0.6616 0.6869, -2.3642 0.649 0.6859, -2.3642 0.6614 0.6922, -2.3642 0.6487 0.6925, -2.3642 0.6626 0.7031, -2.3642 0.6499 0.7039, -2.3642 0.6651 0.7102, -2.3642 0.6531 0.7131, -2.3602 0.699 0.6446, -2.3602 0.7247 0.6446, -2.3602 0.6834 0.6465, -2.3602 0.6727 0.6506, -2.3602 0.6637 0.6569, -2.3602 0.6628 0.6577, -2.3602 0.6561 0.6655, -2.3602 0.6514 0.6751, -2.3602 0.649 0.6859, -2.3602 0.6487 0.6925, -2.3602 0.6499 0.7039, -2.3602 0.6531 0.7131, -2.3602 0.6586 0.7215, -2.3602 0.6628 0.7257, -2.3602 0.6715 0.7318, -2.3602 0.6827 0.7362, -2.3602 0.6981 0.738, -2.3602 0.7247 0.738, -2.3602 0.6986 0.7273, -2.3602 0.7127 0.7273, -2.3602 0.7127 0.6553, -2.3602 0.6991 0.6553, -2.3602 0.6713 0.665, -2.3602 0.6733 0.6633, -2.3602 0.6795 0.6593, -2.3602 0.6876 0.6565, -2.3602 0.6614 0.6922, -2.3602 0.6616 0.6869, -2.3602 0.6633 0.6782, -2.3602 0.6665 0.6712, -2.3602 0.6716 0.7185, -2.3602 0.6686 0.7155, -2.3602 0.6651 0.7102, -2.3602 0.6626 0.7031, -2.3602 0.687 0.7261, -2.3602 0.6788 0.7232
            ]
        }
        coordIndex [
            0,1,2,-1,3,4,5,-1,3,5,6,-1,6,5,7,-1,6,7,2,-1,2,7,8,-1,2,8,0,-1,9,1,10,-1,10,1,0,-1,9,10,11,-1,11,10,12,-1,13,14,15,-1,15,14,11,-1,15,11,16,-1,16,11,12,-1,14,13,17,-1,17,13,18,-1,18,19,17,-1,17,19,20,-1,17,20,21,-1,21,20,22,-1,21,22,23,-1,23,22,24,-1,23,24,25,-1,25,24,26,-1,25,26,27,-1,27,26,28,-1,27,28,29,-1,29,28,30,-1,29,30,31,-1,31,30,32,-1,31,32,33,-1,33,32,34,-1,33,34,35,-1,35,34,36,-1,35,36,37,-1,37,36,38,-1,37,38,39,-1,39,38,40,-1,39,40,41,-1,41,40,42,-1,41,42,43,-1,43,42,44,-1,43,44,45,-1,45,44,46,-1,45,46,47,-1,47,46,48,-1,47,48,49,-1,49,48,50,-1,49,50,51,-1,51,50,52,-1,51,52,53,-1,53,52,54,-1,53,54,55,-1,55,54,56,-1,55,56,57,-1,57,56,58,-1,57,58,59,-1,59,58,60,-1,59,60,61,-1,61,60,62,-1,61,62,63,-1,63,62,64,-1,63,64,65,-1,65,64,66,-1,65,66,67,-1,67,66,68,-1,67,68,69,-1,69,68,70,-1,69,70,71,-1,71,70,72,-1,71,72,73,-1,73,72,74,-1,73,74,75,-1,76,75,77,-1,77,75,74,-1,76,77,78,-1,76,78,79,-1,79,78,80,-1,79,80,81,-1,81,80,82,-1,81,82,83,-1,83,82,84,-1,83,84,85,-1,85,84,86,-1,85,86,87,-1,86,88,87,-1,87,88,89,-1,88,90,89,-1,89,90,91,-1,89,91,92,-1,92,91,93,-1,92,93,94,-1,94,93,95,-1,94,95,96,-1,96,95,97,-1,96,97,98,-1,98,97,99,-1,98,99,100,-1,100,99,101,-1,100,101,102,-1,103,104,105,-1,102,101,106,-1,102,106,107,-1,107,106,108,-1,107,108,105,-1,105,108,109,-1,105,109,103,-1,104,103,110,-1,104,110,111,-1,111,110,112,-1,111,112,113,-1,113,112,114,-1,113,114,115,-1,115,114,116,-1,115,116,117,-1,117,116,118,-1,117,118,119,-1,119,118,120,-1,119,120,121,-1,121,120,122,-1,121,122,123,-1,123,122,124,-1,123,124,125,-1,125,124,126,-1,125,126,127,-1,127,126,128,-1,127,128,129,-1,129,128,130,-1,129,130,131,-1,131,130,132,-1,131,132,133,-1,133,132,134,-1,133,134,135,-1,135,134,4,-1,135,4,3,-1,61,63,85,-1,85,63,83,-1,111,43,104,-1,104,43,45,-1,21,23,127,-1,127,23,25,-1,127,25,125,-1,125,25,27,-1,125,27,123,-1,123,27,29,-1,123,29,121,-1,121,29,31,-1,121,31,119,-1,119,31,33,-1,119,33,117,-1,117,33,35,-1,117,35,115,-1,115,35,37,-1,115,37,113,-1,113,37,39,-1,113,39,111,-1,111,39,41,-1,111,41,43,-1,14,3,11,-1,11,3,6,-1,11,6,9,-1,9,6,2,-1,9,2,1,-1,63,65,83,-1,83,65,67,-1,83,67,81,-1,81,67,69,-1,81,69,79,-1,79,69,71,-1,79,71,76,-1,76,71,73,-1,76,73,75,-1,127,129,21,-1,21,129,131,-1,21,131,17,-1,17,131,133,-1,17,133,14,-1,14,133,135,-1,14,135,3,-1,85,87,61,-1,61,87,89,-1,61,89,59,-1,59,89,92,-1,59,92,57,-1,57,92,94,-1,57,94,55,-1,55,94,96,-1,55,96,53,-1,53,96,98,-1,53,98,51,-1,51,98,100,-1,51,100,49,-1,49,100,102,-1,49,102,47,-1,47,102,107,-1,47,107,45,-1,45,107,105,-1,45,105,104,-1,136,137,138,-1,138,137,139,-1,140,136,141,-1,141,136,138,-1,140,141,142,-1,140,142,143,-1,143,142,144,-1,143,144,145,-1,146,145,147,-1,147,145,144,-1,148,146,149,-1,149,146,147,-1,150,151,152,-1,152,151,148,-1,152,148,149,-1,153,151,154,-1,154,151,150,-1,155,156,157,-1,157,156,153,-1,157,153,154,-1,158,159,160,-1,160,159,156,-1,160,156,155,-1,159,158,161,-1,159,161,162,-1,162,161,163,-1,162,163,164,-1,163,165,164,-1,164,165,166,-1,164,166,167,-1,167,166,168,-1,167,168,169,-1,169,168,170,-1,169,170,171,-1,171,170,172,-1,171,172,173,-1,173,172,174,-1,173,174,175,-1,176,175,177,-1,177,175,174,-1,176,177,178,-1,176,178,179,-1,179,178,180,-1,179,180,181,-1,181,180,182,-1,181,182,183,-1,183,182,184,-1,183,184,185,-1,184,186,185,-1,185,186,187,-1,185,187,188,-1,188,187,189,-1,188,189,190,-1,190,189,191,-1,190,191,192,-1,192,191,193,-1,192,193,194,-1,139,137,195,-1,195,137,194,-1,195,194,193,-1,143,145,194,-1,137,136,194,-1,194,136,140,-1,194,140,143,-1,151,153,148,-1,148,153,156,-1,148,156,146,-1,192,162,190,-1,190,162,164,-1,175,176,173,-1,173,176,179,-1,173,179,171,-1,171,179,181,-1,171,181,169,-1,169,181,183,-1,169,183,167,-1,167,183,185,-1,167,185,164,-1,164,185,188,-1,164,188,190,-1,145,146,194,-1,194,146,156,-1,194,156,192,-1,192,156,159,-1,192,159,162,-1,196,197,198,-1,198,197,199,-1,200,201,202,-1,202,201,196,-1,202,196,198,-1,203,201,204,-1,204,201,200,-1,205,206,207,-1,207,206,203,-1,207,203,204,-1,208,206,209,-1,209,206,205,-1,210,211,212,-1,212,211,208,-1,212,208,209,-1,213,211,214,-1,214,211,210,-1,215,216,217,-1,217,216,213,-1,217,213,214,-1,218,216,219,-1,219,216,215,-1,220,221,222,-1,222,221,218,-1,222,218,219,-1,223,221,224,-1,224,221,220,-1,199,197,225,-1,225,197,223,-1,225,223,224,-1,223,197,196,-1,196,201,223,-1,223,201,203,-1,223,203,221,-1,216,218,213,-1,213,218,221,-1,213,221,211,-1,211,221,203,-1,211,203,208,-1,208,203,206,-1,226,227,228,-1,228,227,229,-1,228,229,230,-1,230,229,231,-1,230,231,232,-1,232,231,233,-1,232,233,234,-1,234,233,235,-1,234,235,236,-1,236,235,237,-1,236,237,238,-1,238,237,239,-1,238,239,240,-1,240,239,241,-1,240,241,242,-1,242,241,243,-1,242,243,244,-1,244,243,245,-1,244,245,246,-1,246,245,247,-1,246,247,248,-1,248,247,249,-1,248,249,250,-1,250,249,251,-1,250,251,252,-1,252,251,253,-1,252,253,254,-1,254,253,255,-1,254,255,256,-1,256,255,257,-1,256,257,258,-1,258,257,259,-1,258,259,260,-1,260,259,261,-1,260,261,226,-1,226,261,227,-1,241,239,262,-1,262,239,263,-1,241,262,264,-1,241,264,243,-1,243,264,265,-1,243,265,245,-1,245,265,266,-1,245,266,247,-1,247,266,267,-1,247,267,249,-1,249,267,268,-1,249,268,251,-1,251,268,269,-1,251,269,253,-1,253,269,270,-1,253,270,255,-1,255,270,271,-1,255,271,257,-1,257,271,272,-1,257,272,259,-1,259,272,273,-1,259,273,261,-1,261,273,274,-1,261,274,227,-1,227,274,275,-1,227,275,229,-1,229,275,276,-1,229,276,231,-1,231,276,277,-1,231,277,233,-1,233,277,278,-1,233,278,235,-1,237,235,279,-1,279,235,278,-1,239,237,263,-1,263,237,279,-1,234,236,280,-1,280,236,281,-1,236,238,281,-1,281,238,282,-1,238,240,282,-1,282,240,283,-1,248,284,285,-1,248,285,246,-1,246,285,286,-1,246,286,244,-1,244,286,287,-1,244,287,242,-1,242,287,283,-1,242,283,240,-1,256,288,289,-1,256,289,254,-1,254,289,290,-1,254,290,252,-1,252,290,291,-1,252,291,250,-1,250,291,284,-1,250,284,248,-1,228,292,293,-1,228,293,226,-1,226,293,294,-1,226,294,260,-1,260,294,295,-1,260,295,258,-1,258,295,288,-1,258,288,256,-1,234,280,296,-1,234,296,232,-1,232,296,297,-1,232,297,230,-1,230,297,292,-1,230,292,228,-1,
        ]
    }
}
Shape{
    appearance Appearance {
        material  Material 	{
            diffuseColor 0.25098039215686274 0.25098039215686274 0.25098039215686274
            specularColor 0.12549019607843137 0.12549019607843137 0.12549019607843137
            ambientIntensity 0.251
            transparency 0.0
            shininess 0.5
        }
    }
    geometry IndexedFaceSet {
        ccw TRUE
        solid FALSE
        coord DEF co Coordinate {
            point [
                -2.3602 0.7127 0.7273, -2.3602 0.7127 0.6553, -2.3602 0.6986 0.7273, -2.3602 0.6991 0.6553, -2.3602 0.6876 0.6565, -2.3602 0.6795 0.6593, -2.3602 0.6733 0.6633, -2.3602 0.6713 0.665, -2.3602 0.6665 0.6712, -2.3602 0.6633 0.6782, -2.3602 0.6616 0.6869, -2.3602 0.6614 0.6922, -2.3602 0.6626 0.7031, -2.3602 0.6651 0.7102, -2.3602 0.6686 0.7155, -2.3602 0.6716 0.7185, -2.3602 0.687 0.7261, -2.3602 0.6788 0.7232
            ]
        }
        coordIndex [
            0,1,2,-1,2,1,3,-1,2,3,4,-1,4,5,2,-1,2,5,6,-1,2,6,7,-1,7,8,2,-1,2,8,9,-1,2,9,10,-1,10,11,2,-1,2,11,12,-1,2,12,13,-1,13,14,2,-1,2,14,15,-1,2,15,16,-1,16,15,17,-1,
        ]
    }
}
Shape{
    appearance Appearance {
        material  Material 	{
            diffuseColor 1.0 1.0 1.0
            specularColor 0.5019607843137255 0.5019607843137255 0.5019607843137255
            ambientIntensity 1.0
            transparency 0.0
            shininess 0.5
        }
    }
    geometry IndexedFaceSet {
        ccw TRUE
        solid FALSE
        coord DEF co Coordinate {
            point [
                -2.3642 0.6174 0.6807, -2.3642 0.6212 0.6702, -2.3642 0.586 0.6807, -2.3642 0.5823 0.6702, -2.3642 0.6034 0.7196, -2.3642 0.6079 0.738, -2.3642 0.6435 0.6446, -2.3642 0.6302 0.6446, -2.3642 0.6026 0.7223, -2.3642 0.6019 0.7261, -2.3642 0.595 0.738, -2.3642 0.6016 0.7261, -2.3642 0.6008 0.7221, -2.3642 0.6001 0.7196, -2.3642 0.5595 0.6446, -2.3642 0.5728 0.6446, -2.3602 0.595 0.738, -2.3602 0.5595 0.6446, -2.3602 0.6079 0.738, -2.3602 0.6435 0.6446, -2.3602 0.6302 0.6446, -2.3602 0.6212 0.6702, -2.3602 0.5823 0.6702, -2.3602 0.5728 0.6446, -2.3602 0.6174 0.6807, -2.3602 0.586 0.6807, -2.3602 0.6001 0.7196, -2.3602 0.6016 0.7261, -2.3602 0.6008 0.7221, -2.3602 0.6019 0.7261, -2.3602 0.6034 0.7196, -2.3602 0.6026 0.7223
            ]
        }
        coordIndex [
            0,1,2,-1,2,1,3,-1,4,5,0,-1,0,5,6,-1,0,6,1,-1,1,6,7,-1,4,8,5,-1,5,8,9,-1,5,9,10,-1,10,9,11,-1,10,11,12,-1,12,13,10,-1,10,13,2,-1,10,2,14,-1,14,2,3,-1,14,3,15,-1,10,14,16,-1,16,14,17,-1,5,10,18,-1,18,10,16,-1,6,5,19,-1,19,5,18,-1,7,6,20,-1,20,6,19,-1,1,7,21,-1,21,7,20,-1,3,1,22,-1,22,1,21,-1,15,3,23,-1,23,3,22,-1,14,15,17,-1,17,15,23,-1,0,2,24,-1,24,2,25,-1,2,13,25,-1,25,13,26,-1,11,27,28,-1,11,28,12,-1,12,28,26,-1,12,26,13,-1,11,9,27,-1,27,9,29,-1,4,30,31,-1,4,31,8,-1,8,31,29,-1,8,29,9,-1,4,0,30,-1,30,0,24,-1,
        ]
    }
}
Shape{
    appearance Appearance {
        material  Material 	{
            diffuseColor 0.25098039215686274 0.25098039215686274 0.25098039215686274
            specularColor 0.12549019607843137 0.12549019607843137 0.12549019607843137
            ambientIntensity 0.251
            transparency 0.0
            shininess 0.5
        }
    }
    geometry IndexedFaceSet {
        ccw TRUE
        solid FALSE
        coord DEF co Coordinate {
            point [
                -2.3602 0.6016 0.7261, -2.3602 0.6019 0.7261, -2.3602 0.6008 0.7221, -2.3602 0.6026 0.7223, -2.3602 0.6001 0.7196, -2.3602 0.6034 0.7196, -2.3602 0.586 0.6807, -2.3602 0.6174 0.6807
            ]
        }
        coordIndex [
            0,1,2,-1,2,1,3,-1,2,3,4,-1,4,3,5,-1,4,5,6,-1,6,5,7,-1,
        ]
    }
}
Shape{
    appearance Appearance {
        material  Material 	{
            diffuseColor 1.0 1.0 1.0
            specularColor 0.5019607843137255 0.5019607843137255 0.5019607843137255
            ambientIntensity 1.0
            transparency 0.0
            shininess 0.5
        }
    }
    geometry IndexedFaceSet {
        ccw TRUE
        solid FALSE
        coord DEF co Coordinate {
            point [
                -2.3642 1.4639 0.6313, -2.3642 1.454 0.6192, -2.3642 1.4699 0.6901, -2.3642 1.4815 0.8055, -2.3642 1.4668 0.8134, -2.3642 1.4702 0.8543, -2.3642 1.4287 0.8562, -2.3642 1.4081 0.8077, -2.3642 1.398 0.8287, -2.3642 1.4844 0.6991, -2.3642 1.479 0.6482, -2.3642 1.4705 0.6456, -2.3642 1.444 0.8575, -2.3642 1.4026 0.6915, -2.3642 1.3964 0.6893, -2.3642 1.341 0.6735, -2.3642 1.3911 0.6857, -2.3642 1.3868 0.6809, -2.3642 1.2481 0.7227, -2.3642 1.2686 0.7579, -2.3642 1.3576 0.7114, -2.3642 1.4081 0.6921, -2.3642 1.4146 0.6913, -2.3642 1.4234 0.732, -2.3642 1.4204 0.689, -2.3642 1.438 0.7264, -2.3642 1.4256 0.6853, -2.3642 1.4516 0.7169, -2.3642 1.4282 0.6825, -2.3642 1.4626 0.7044, -2.3642 1.4317 0.677, -2.3642 1.4336 0.6708, -2.3642 1.434 0.6643, -2.3642 1.3834 0.7295, -2.3642 1.3994 0.7335, -2.3642 1.4075 0.734, -2.3642 1.3839 0.6755, -2.3642 1.3824 0.6693, -2.3642 1.341 0.6669, -2.3642 1.3824 0.6632, -2.3642 1.3414 0.6598, -2.3642 1.4151 0.872, -2.3642 1.383 0.8465, -2.3642 1.3995 0.8854, -2.3642 1.3653 0.8595, -2.3642 1.3833 0.8954, -2.3642 1.4504 0.8173, -2.3642 1.4433 0.8177, -2.3642 1.4363 0.8571, -2.3642 1.4276 0.8157, -2.3642 1.4127 0.8102, -2.3642 1.3693 0.722, -2.3642 1.2129 0.6443, -2.3642 1.2168 0.6848, -2.3642 1.252 0.6443, -2.3642 1.2467 0.6848, -2.3642 1.2558 0.6449, -2.3642 1.4327 0.6581, -2.3642 1.4301 0.6525, -2.3642 1.2261 0.7884, -2.3642 1.2208 0.7884, -2.3642 1.1936 0.8243, -2.3642 1.21 0.7873, -2.3642 1.1904 0.8232, -2.3642 1.1982 0.7832, -2.3642 1.1706 0.8134, -2.3642 1.1877 0.7764, -2.3642 1.1526 0.7982, -2.3642 1.1789 0.767, -2.3642 1.139 0.7793, -2.3642 1.1726 0.7556, -2.3642 1.1309 0.759, -2.3642 1.1694 0.7429, -2.3642 1.1278 0.7373, -2.3642 1.169 0.7366, -2.3642 1.1309 0.7136, -2.3642 1.1702 0.7256, -2.3642 1.1392 0.6926, -2.3642 1.1743 0.7136, -2.3642 1.1524 0.6742, -2.3642 1.1812 0.703, -2.3642 1.1705 0.6589, -2.3642 1.1877 0.6965, -2.3642 1.1907 0.649, -2.3642 1.1985 0.6896, -2.3642 1.2108 0.6856, -2.3642 1.2295 0.8768, -2.3642 1.2555 0.8463, -2.3642 1.2074 0.8513, -2.3642 1.2405 0.8285, -2.3642 1.2303 0.8071, -2.3642 1.5077 0.7674, -2.3642 1.5514 0.7562, -2.3642 1.5097 0.7512, -2.3642 1.5516 0.7499, -2.3642 1.5089 0.7409, -2.3642 1.5484 0.7238, -2.3642 1.5041 0.7246, -2.3642 1.5388 0.6991, -2.3642 1.4963 0.7113, -2.3642 1.5237 0.6775, -2.3642 1.503 0.6599, -2.3642 1.3453 0.6434, -2.3642 1.384 0.6569, -2.3642 1.3532 0.6287, -2.3642 1.3871 0.6512, -2.3642 1.3633 0.6174, -2.3642 1.3907 0.6471, -2.3642 1.3765 0.6082, -2.3642 1.3957 0.6435, -2.3642 1.3913 0.6025, -2.3642 1.4015 0.6412, -2.3642 1.4075 0.6005, -2.3642 1.4081 0.6403, -2.3642 1.41 0.6005, -2.3642 1.4092 0.6403, -2.3642 1.4256 0.6029, -2.3642 1.4152 0.6413, -2.3642 1.441 0.6094, -2.3642 1.4212 0.6439, -2.3642 1.4263 0.6478, -2.3642 1.3526 0.9073, -2.3642 1.3436 0.8683, -2.3642 1.3198 0.9113, -2.3642 1.3191 0.8714, -2.3642 1.2924 0.9084, -2.3642 1.2965 0.8687, -2.3642 1.2591 0.8967, -2.3642 1.2757 0.8607, -2.3642 1.2571 0.8477, -2.3642 1.4948 0.8447, -2.3642 1.5159 0.8298, -2.3642 1.4928 0.7954, -2.3642 1.5204 0.8256, -2.3642 1.502 0.7822, -2.3642 1.5364 0.8051, -2.3642 1.5469 0.7812, -2.3642 1.2501 0.6854, -2.3642 1.266 0.6513, -2.3642 1.2645 0.6497, -2.3642 1.2481 0.685, -2.3642 1.2602 0.6466, -2.3642 1.2713 0.6649, -2.3642 1.2707 0.6599, -2.3642 1.2689 0.6554, -2.3642 1.2559 0.6848, -2.3642 1.2604 0.683, -2.3642 1.2711 0.6675, -2.3642 1.2645 0.6801, -2.3642 1.2672 0.6771, -2.3642 1.2698 0.6726, -2.3642 1.2507 0.6855, -2.3602 1.1482 0.792, -2.3602 1.139 0.7793, -2.3602 1.1331 0.7646, -2.3602 1.1309 0.759, -2.3602 1.1278 0.7373, -2.3602 1.1526 0.7982, -2.3602 1.1706 0.8134, -2.3602 1.1904 0.8232, -2.3602 1.1936 0.8243, -2.3602 1.2074 0.8513, -2.3602 1.2295 0.8768, -2.3602 1.2447 0.887, -2.3602 1.2591 0.8967, -2.3602 1.2924 0.9084, -2.3602 1.3198 0.9113, -2.3602 1.3526 0.9073, -2.3602 1.3833 0.8954, -2.3602 1.3969 0.887, -2.3602 1.3995 0.8854, -2.3602 1.4151 0.872, -2.3602 1.4287 0.8562, -2.3602 1.4363 0.8571, -2.3602 1.444 0.8575, -2.3602 1.4702 0.8543, -2.3602 1.4948 0.8447, -2.3602 1.5159 0.8298, -2.3602 1.5204 0.8256, -2.3602 1.5364 0.8051, -2.3602 1.5421 0.792, -2.3602 1.5469 0.7812, -2.3602 1.5499 0.7646, -2.3602 1.5514 0.7562, -2.3602 1.5516 0.7499, -2.3602 1.5484 0.7238, -2.3602 1.5388 0.6991, -2.3602 1.5237 0.6775, -2.3602 1.503 0.6599, -2.3602 1.479 0.6482, -2.3602 1.4705 0.6456, -2.3602 1.4697 0.6438, -2.3602 1.4639 0.6313, -2.3602 1.454 0.6192, -2.3602 1.441 0.6094, -2.3602 1.4349 0.6068, -2.3602 1.4256 0.6029, -2.3602 1.41 0.6005, -2.3602 1.4075 0.6005, -2.3602 1.341 0.6669, -2.3602 1.3913 0.6025, -2.3602 1.38 0.6068, -2.3602 1.3765 0.6082, -2.3602 1.3633 0.6174, -2.3602 1.3532 0.6287, -2.3602 1.3453 0.6434, -2.3602 1.3452 0.6438, -2.3602 1.3414 0.6598, -2.3602 1.341 0.6735, -2.3602 1.2481 0.7227, -2.3602 1.2686 0.7579, -2.3602 1.3576 0.7114, -2.3602 1.3693 0.722, -2.3602 1.3834 0.7295, -2.3602 1.3994 0.7335, -2.3602 1.4075 0.734, -2.3602 1.4234 0.732, -2.3602 1.438 0.7264, -2.3602 1.4516 0.7169, -2.3602 1.4626 0.7044, -2.3602 1.4699 0.6901, -2.3602 1.4844 0.6991, -2.3602 1.4963 0.7113, -2.3602 1.5041 0.7246, -2.3602 1.5089 0.7409, -2.3602 1.5097 0.7512, -2.3602 1.5081 0.7646, -2.3602 1.5077 0.7674, -2.3602 1.502 0.7822, -2.3602 1.4952 0.792, -2.3602 1.4928 0.7954, -2.3602 1.4815 0.8055, -2.3602 1.4668 0.8134, -2.3602 1.4504 0.8173, -2.3602 1.4433 0.8177, -2.3602 1.4276 0.8157, -2.3602 1.4127 0.8102, -2.3602 1.4081 0.8077, -2.3602 1.398 0.8287, -2.3602 1.383 0.8465, -2.3602 1.3653 0.8595, -2.3602 1.3436 0.8683, -2.3602 1.3191 0.8714, -2.3602 1.2965 0.8687, -2.3602 1.2757 0.8607, -2.3602 1.2571 0.8477, -2.3602 1.2555 0.8463, -2.3602 1.2405 0.8285, -2.3602 1.2303 0.8071, -2.3602 1.2269 0.792, -2.3602 1.2261 0.7884, -2.3602 1.2208 0.7884, -2.3602 1.21 0.7873, -2.3602 1.1982 0.7832, -2.3602 1.1877 0.7764, -2.3602 1.1789 0.767, -2.3602 1.1776 0.7646, -2.3602 1.1726 0.7556, -2.3602 1.1694 0.7429, -2.3602 1.169 0.7366, -2.3602 1.1702 0.7256, -2.3602 1.1743 0.7136, -2.3602 1.1812 0.703, -2.3602 1.1877 0.6965, -2.3602 1.1985 0.6896, -2.3602 1.2108 0.6856, -2.3602 1.2168 0.6848, -2.3602 1.2467 0.6848, -2.3602 1.2481 0.685, -2.3602 1.2501 0.6854, -2.3602 1.2507 0.6855, -2.3602 1.2559 0.6848, -2.3602 1.2604 0.683, -2.3602 1.2645 0.6801, -2.3602 1.2672 0.6771, -2.3602 1.2698 0.6726, -2.3602 1.2711 0.6675, -2.3602 1.2713 0.6649, -2.3602 1.2707 0.6599, -2.3602 1.2689 0.6554, -2.3602 1.266 0.6513, -2.3602 1.2645 0.6497, -2.3602 1.2602 0.6466, -2.3602 1.2558 0.6449, -2.3602 1.252 0.6443, -2.3602 1.2129 0.6443, -2.3602 1.1907 0.649, -2.3602 1.1705 0.6589, -2.3602 1.1524 0.6742, -2.3602 1.1392 0.6926, -2.3602 1.1309 0.7136, -2.3602 1.4081 0.6921, -2.3602 1.4026 0.6915, -2.3602 1.3964 0.6893, -2.3602 1.3911 0.6857, -2.3602 1.3868 0.6809, -2.3602 1.3839 0.6755, -2.3602 1.3824 0.6693, -2.3602 1.3824 0.6632, -2.3602 1.384 0.6569, -2.3602 1.3871 0.6512, -2.3602 1.3907 0.6471, -2.3602 1.3957 0.6435, -2.3602 1.4015 0.6412, -2.3602 1.4081 0.6403, -2.3602 1.4092 0.6403, -2.3602 1.4152 0.6413, -2.3602 1.4212 0.6439, -2.3602 1.4263 0.6478, -2.3602 1.4301 0.6525, -2.3602 1.4327 0.6581, -2.3602 1.434 0.6643, -2.3602 1.4336 0.6708, -2.3602 1.4317 0.677, -2.3602 1.4282 0.6825, -2.3602 1.4256 0.6853, -2.3602 1.4204 0.689, -2.3602 1.4146 0.6913
            ]
        }
        coordIndex [
            0,1,2,-1,3,4,5,-1,6,7,8,-1,9,10,2,-1,2,10,11,-1,2,11,0,-1,5,4,12,-1,13,14,15,-1,15,14,16,-1,15,16,17,-1,18,19,15,-1,15,19,20,-1,15,20,13,-1,13,20,21,-1,22,23,24,-1,24,23,25,-1,24,25,26,-1,26,25,27,-1,26,27,28,-1,28,27,29,-1,28,29,30,-1,30,29,2,-1,30,2,31,-1,31,2,32,-1,33,34,22,-1,22,34,35,-1,22,35,23,-1,17,36,15,-1,15,36,37,-1,15,37,38,-1,38,37,39,-1,38,39,40,-1,6,8,41,-1,41,8,42,-1,41,42,43,-1,43,42,44,-1,43,44,45,-1,4,46,12,-1,12,46,47,-1,12,47,48,-1,48,47,49,-1,48,49,6,-1,6,49,50,-1,6,50,7,-1,21,20,22,-1,22,20,51,-1,22,51,33,-1,52,53,54,-1,54,53,55,-1,54,55,56,-1,32,2,57,-1,57,2,1,-1,57,1,58,-1,59,60,61,-1,61,60,62,-1,61,62,63,-1,63,62,64,-1,63,64,65,-1,65,64,66,-1,65,66,67,-1,67,66,68,-1,67,68,69,-1,69,68,70,-1,69,70,71,-1,71,70,72,-1,71,72,73,-1,73,72,74,-1,73,74,75,-1,75,74,76,-1,75,76,77,-1,77,76,78,-1,77,78,79,-1,79,78,80,-1,79,80,81,-1,81,80,82,-1,81,82,83,-1,83,82,84,-1,83,84,52,-1,52,84,85,-1,52,85,53,-1,86,87,88,-1,88,87,89,-1,88,89,61,-1,61,89,90,-1,61,90,59,-1,91,92,93,-1,93,92,94,-1,93,94,95,-1,95,94,96,-1,95,96,97,-1,97,96,98,-1,97,98,99,-1,99,98,100,-1,99,100,9,-1,9,100,101,-1,9,101,10,-1,40,39,102,-1,102,39,103,-1,102,103,104,-1,104,103,105,-1,104,105,106,-1,106,105,107,-1,106,107,108,-1,108,107,109,-1,108,109,110,-1,110,109,111,-1,110,111,112,-1,112,111,113,-1,112,113,114,-1,114,113,115,-1,114,115,116,-1,116,115,117,-1,116,117,118,-1,118,117,119,-1,118,119,1,-1,1,119,120,-1,1,120,58,-1,45,44,121,-1,121,44,122,-1,121,122,123,-1,123,122,124,-1,123,124,125,-1,125,124,126,-1,125,126,127,-1,127,126,128,-1,127,128,86,-1,86,128,129,-1,86,129,87,-1,5,130,3,-1,3,130,131,-1,3,131,132,-1,132,131,133,-1,132,133,134,-1,134,133,135,-1,134,135,91,-1,91,135,136,-1,91,136,92,-1,137,138,139,-1,55,140,56,-1,56,140,137,-1,56,137,141,-1,141,137,139,-1,142,143,137,-1,137,143,144,-1,137,144,138,-1,145,146,147,-1,146,148,147,-1,147,148,149,-1,147,149,150,-1,142,137,147,-1,147,137,151,-1,147,151,145,-1,152,67,153,-1,153,67,69,-1,153,69,154,-1,154,69,71,-1,154,71,155,-1,155,71,73,-1,155,73,156,-1,152,157,67,-1,67,157,158,-1,67,158,65,-1,65,158,159,-1,65,159,63,-1,63,159,160,-1,63,160,61,-1,61,160,161,-1,61,161,88,-1,88,161,162,-1,88,162,86,-1,127,86,163,-1,163,86,162,-1,163,164,127,-1,127,164,165,-1,127,165,125,-1,125,165,166,-1,125,166,123,-1,123,166,167,-1,123,167,121,-1,121,167,168,-1,121,168,45,-1,45,168,43,-1,43,168,169,-1,43,169,170,-1,43,170,171,-1,43,171,41,-1,41,171,172,-1,41,172,6,-1,6,172,173,-1,6,173,48,-1,48,173,174,-1,48,174,12,-1,12,174,175,-1,12,175,5,-1,5,175,176,-1,5,176,130,-1,130,176,177,-1,130,177,131,-1,131,177,178,-1,131,178,133,-1,136,135,179,-1,179,135,133,-1,179,133,178,-1,179,180,136,-1,136,180,181,-1,136,181,92,-1,92,181,182,-1,182,183,92,-1,92,183,184,-1,92,184,94,-1,94,184,185,-1,94,185,96,-1,96,185,186,-1,96,186,98,-1,98,186,187,-1,98,187,100,-1,100,187,188,-1,100,188,101,-1,101,188,189,-1,101,189,10,-1,10,189,190,-1,10,190,11,-1,11,190,191,-1,11,191,0,-1,191,192,0,-1,0,192,193,-1,0,193,1,-1,1,193,194,-1,1,194,118,-1,118,194,195,-1,118,195,116,-1,195,196,116,-1,116,196,197,-1,116,197,114,-1,114,197,198,-1,114,198,112,-1,199,38,40,-1,112,198,200,-1,201,108,200,-1,200,108,110,-1,200,110,112,-1,201,202,108,-1,108,202,203,-1,108,203,106,-1,106,203,204,-1,106,204,104,-1,104,204,205,-1,104,205,102,-1,102,205,206,-1,102,206,40,-1,40,206,207,-1,40,207,199,-1,15,38,208,-1,208,38,199,-1,18,15,209,-1,209,15,208,-1,19,18,210,-1,210,18,209,-1,20,19,211,-1,211,19,210,-1,20,211,212,-1,20,212,51,-1,51,212,213,-1,51,213,33,-1,33,213,214,-1,33,214,34,-1,34,214,215,-1,34,215,35,-1,35,215,216,-1,35,216,23,-1,23,216,217,-1,23,217,25,-1,25,217,218,-1,25,218,27,-1,27,218,219,-1,27,219,29,-1,29,219,220,-1,29,220,2,-1,2,220,221,-1,2,221,9,-1,9,221,222,-1,9,222,99,-1,99,222,223,-1,99,223,97,-1,97,223,224,-1,97,224,95,-1,95,224,225,-1,95,225,93,-1,91,93,225,-1,225,226,91,-1,91,226,227,-1,91,227,228,-1,229,132,228,-1,228,132,134,-1,228,134,91,-1,229,230,132,-1,132,230,231,-1,132,231,3,-1,3,231,232,-1,3,232,4,-1,4,232,233,-1,4,233,46,-1,46,233,234,-1,46,234,47,-1,47,234,235,-1,47,235,49,-1,49,235,236,-1,49,236,50,-1,50,236,237,-1,50,237,7,-1,7,237,238,-1,7,238,8,-1,8,238,239,-1,8,239,42,-1,42,239,240,-1,42,240,44,-1,44,240,241,-1,44,241,122,-1,122,241,242,-1,122,242,124,-1,124,242,243,-1,124,243,126,-1,126,243,244,-1,126,244,128,-1,128,244,245,-1,128,245,129,-1,129,245,246,-1,129,246,87,-1,87,246,247,-1,87,247,89,-1,89,247,248,-1,89,248,90,-1,90,248,59,-1,59,248,249,-1,59,249,250,-1,60,59,251,-1,251,59,250,-1,60,251,252,-1,60,252,62,-1,62,252,253,-1,62,253,64,-1,64,253,254,-1,64,254,66,-1,66,254,255,-1,66,255,68,-1,68,255,256,-1,68,256,70,-1,256,257,70,-1,70,257,258,-1,70,258,72,-1,72,258,259,-1,72,259,74,-1,74,259,260,-1,74,260,76,-1,76,260,261,-1,76,261,78,-1,78,261,262,-1,78,262,80,-1,80,262,263,-1,80,263,82,-1,82,263,264,-1,82,264,84,-1,84,264,265,-1,84,265,85,-1,85,265,266,-1,85,266,53,-1,55,53,267,-1,267,53,266,-1,55,267,268,-1,55,268,140,-1,140,268,269,-1,140,269,137,-1,137,269,270,-1,137,270,151,-1,151,270,271,-1,151,271,145,-1,145,271,272,-1,145,272,146,-1,146,272,273,-1,146,273,148,-1,148,273,274,-1,148,274,149,-1,149,274,275,-1,149,275,150,-1,150,275,276,-1,150,276,147,-1,147,276,277,-1,147,277,142,-1,142,277,278,-1,142,278,143,-1,143,278,279,-1,143,279,144,-1,144,279,280,-1,144,280,138,-1,138,280,281,-1,138,281,139,-1,139,281,282,-1,139,282,141,-1,141,282,283,-1,141,283,56,-1,56,283,284,-1,56,284,54,-1,52,54,285,-1,285,54,284,-1,52,285,286,-1,52,286,83,-1,83,286,287,-1,83,287,81,-1,81,287,288,-1,81,288,79,-1,79,288,289,-1,79,289,77,-1,77,289,290,-1,77,290,75,-1,75,290,156,-1,75,156,73,-1,21,291,292,-1,21,292,13,-1,13,292,293,-1,13,293,14,-1,14,293,294,-1,14,294,16,-1,16,294,295,-1,16,295,17,-1,17,295,296,-1,17,296,36,-1,36,296,297,-1,36,297,37,-1,37,297,298,-1,37,298,39,-1,39,298,299,-1,39,299,103,-1,103,299,300,-1,103,300,105,-1,105,300,301,-1,105,301,107,-1,107,301,302,-1,107,302,109,-1,109,302,303,-1,109,303,111,-1,111,303,304,-1,111,304,113,-1,113,304,305,-1,113,305,115,-1,115,305,306,-1,115,306,117,-1,117,306,307,-1,117,307,119,-1,119,307,308,-1,119,308,120,-1,120,308,309,-1,120,309,58,-1,58,309,310,-1,58,310,57,-1,57,310,311,-1,57,311,32,-1,32,311,312,-1,32,312,31,-1,31,312,313,-1,31,313,30,-1,30,313,314,-1,30,314,28,-1,28,314,315,-1,28,315,26,-1,26,315,316,-1,26,316,24,-1,24,316,317,-1,24,317,22,-1,22,317,291,-1,22,291,21,-1,
        ]
    }
}
Shape{
    appearance Appearance {
        material  Material 	{
            diffuseColor 0.25098039215686274 0.25098039215686274 0.25098039215686274
            specularColor 0.12549019607843137 0.12549019607843137 0.12549019607843137
            ambientIntensity 0.251
            transparency 0.0
            shininess 0.5
        }
    }
    geometry IndexedFaceSet {
        ccw TRUE
        solid FALSE
        coord DEF co Coordinate {
            point [
                -2.3602 1.4092 0.6403, -2.3602 1.4256 0.6853, -2.3602 1.4282 0.6825, -2.3602 1.4015 0.6412, -2.3602 1.3957 0.6435, -2.3602 1.4026 0.6915, -2.3602 1.4081 0.6921, -2.3602 1.4146 0.6913, -2.3602 1.4204 0.689, -2.3602 1.4327 0.6581, -2.3602 1.4301 0.6525, -2.3602 1.4263 0.6478, -2.3602 1.4081 0.6403, -2.3602 1.4317 0.677, -2.3602 1.4336 0.6708, -2.3602 1.434 0.6643, -2.3602 1.4212 0.6439, -2.3602 1.4152 0.6413, -2.3602 1.3907 0.6471, -2.3602 1.3871 0.6512, -2.3602 1.384 0.6569, -2.3602 1.3824 0.6632, -2.3602 1.3824 0.6693, -2.3602 1.3839 0.6755, -2.3602 1.3868 0.6809, -2.3602 1.3911 0.6857, -2.3602 1.3964 0.6893
            ]
        }
        coordIndex [
            0,1,2,-1,3,4,5,-1,6,7,0,-1,0,7,8,-1,0,8,1,-1,9,10,2,-1,2,10,11,-1,6,0,5,-1,5,0,12,-1,5,12,3,-1,13,14,2,-1,2,14,15,-1,2,15,9,-1,11,16,2,-1,2,16,17,-1,2,17,0,-1,4,18,5,-1,5,18,19,-1,5,19,20,-1,20,21,5,-1,5,21,22,-1,5,22,23,-1,23,24,5,-1,5,24,25,-1,5,25,26,-1,
        ]
    }
}